Gene	UniProt_Acc	Mutation	MutationType	N	D	A	AIvLD	RvN	PolyPhen2	PMUT
JAK2	O60674	H608N	Activating	0.299	0.22	0.48	0.665	0.422	0.998	0.4058
JAK2	O60674	H608Y	Activating	0.44	0.207	0.353	0.745	0.176	1.0	0.6641
JAK2	O60674	L604F	Activating	0.493	0.227	0.28	0.548	0.767	0.998	0.2704
PAK4	O96013	I417T	Activating	0.294	0.357	0.348	0.551	0.486	0.994	0.7833
EGFR	P00533	R776L	Activating	0.045	0.083	0.872	0.795	0.936	1.0	0.8732
EGFR	P00533	S645C	Activating	NA	NA	NA	NA	NA	0.999	0.7094
MET	P08581	Y1234E	Activating	0.009	0.071	0.92	0.958	0.941	1.0	NA
KIT	P10721	K509I	Activating	NA	NA	NA	NA	NA	1.0	0.6164
FGFR1	P11362	D647N	Activating	0.032	0.021	0.947	0.95	0.983	1.0	0.5541
BRAF	P15056	L525R	Activating	0.252	0.338	0.409	0.563	0.8	0.76	0.7118
BRAF	P15056	L597R	Activating	0.03	0.566	0.403	0.528	0.824	1.0	0.8915
BRAF	P15056	V600G	Activating	0.007	0.007	0.986	0.985	0.993	0.98	0.804
PDGFRA	P16234	D842N	Activating	0.023	0.015	0.962	0.965	0.983	1.0	0.7134
FGFR2	P21802	K659E	Activating	0.023	0.06	0.917	0.931	0.611	0.999	0.7923
FGFR2	P21802	K659Q	Activating	0.113	0.072	0.815	0.899	0.422	0.999	0.6614
FGFR2	P21802	K659T	Activating	0.039	0.104	0.856	0.892	0.758	0.998	0.6724
FGFR2	P21802	Y375C	Activating	NA	NA	NA	NA	NA	0.998	0.8519
FGFR3	P22607	N540K	Activating	0.061	0.045	0.893	0.904	0.967	1.0	0.4387
FGFR3	P22607	S249C	Activating	NA	NA	NA	NA	NA	1.0	0.8989
MAPK1	P28482	E322K	Activating	0.174	0.42	0.406	0.63	0.453	1.0	0.855
AXL	P30530	W451C	Activating	NA	NA	NA	NA	NA	1.0	0.727
CDK6	Q00534	R31C	Activating	0.188	0.175	0.637	0.74	0.196	0.999	0.5793
ACVR1	Q04771	G328R	Activating	0.325	0.254	0.421	0.635	0.439	1.0	0.7338
ERBB4	Q15303	E715K	Activating	0.233	0.182	0.585	0.694	0.157	0.163	0.7652
ERBB4	Q15303	R687K	Activating	NA	NA	NA	NA	NA	0.671	0.4732
TNNI3K	Q59H18	H592Y	Activating	0.234	0.574	0.192	0.259	0.206	0.652	0.4322
TNNI3K	Q59H18	I512T	Activating	0.089	0.188	0.724	0.678	0.777	1.0	0.418
LRRK2	Q5S007	F1700L	Activating	NA	NA	NA	NA	NA	0.964	0.3178
KSR1	Q8IVT5	S406A	Activating	NA	NA	NA	NA	NA	NA	NA
MARK4	Q96L34	F202L	Activating	0.074	0.309	0.617	0.627	0.574	1.0	0.4164
ALPK1	Q96QP1	T237M	Activating	NA	NA	NA	NA	NA	1.0	NA
ALPK1	Q96QP1	V1092A	Activating	NA	NA	NA	NA	NA	0.999	NA
PINK1	Q9BXM7	G411A	Activating	0.731	0.159	0.11	0.495	0.065	0.059	0.0977
PINK1	Q9BXM7	W403A	Activating	0.542	0.219	0.239	0.338	0.195	0.06	0.5516
WNK3	Q9BYP7	E314A	Activating	0.185	0.296	0.519	0.738	0.464	1.0	0.8814
WNK3	Q9BYP7	E314Q	Activating	0.235	0.219	0.546	0.787	0.321	1.0	0.7936
TBK1	Q9UHD2	R573G	Activating	NA	NA	NA	NA	NA	1.0	0.4085
TBK1	Q9UHD2	S511E	Activating	NA	NA	NA	NA	NA	0.214	0.1879
ALK	Q9UM73	I1171S	Activating	0.301	0.291	0.408	0.539	0.772	1.0	0.5671
WNK2	Q9Y3S1	A1607V	Activating	NA	NA	NA	NA	NA	0.995	NA
WNK2	Q9Y3S1	P702L	Activating	NA	NA	NA	NA	NA	0.993	NA
WNK2	Q9Y3S1	V2053I	Activating	NA	NA	NA	NA	NA	0.999	NA
FGFR4	P22455	C477A	Activating	0.602	0.114	0.284	0.782	0.372	1.0	0.4458
FGFR4	P22455	C552A	Activating	0.231	0.245	0.524	0.626	0.972	0.911	0.61
RAF1	P04049	R231Q	Activating	NA	NA	NA	NA	NA	0.298	0.2594
PDGFRB	P09619	N666S	Activating	0.055	0.057	0.888	0.909	0.984	1.0	0.7797
TRIB3	Q96RU7	Q84R	Activating	NA	NA	NA	NA	NA	0.0	NA
MAP3K3	Q99759	I441M	Activating	0.438	0.297	0.265	0.59	0.355	1.0	NA
MAPK1	P28482	D321N	Activating	0.411	0.263	0.326	0.469	0.423	0.999	0.683
EGFR	P00533	V774M	Activating	0.622	0.152	0.225	0.523	0.318	1.0	0.8692
PDGFRB	P09619	N666K	Activating	0.06	0.053	0.888	0.909	0.977	1.0	0.556
FGFR2	P21802	P253R	Activating	NA	NA	NA	NA	NA	0.134	0.6995
MAP2K1	Q02750	N122D	Activating	0.716	0.178	0.106	0.378	0.63	0.97	0.1125
MAP2K1	Q02750	N345K	Activating	0.452	0.106	0.441	0.746	0.188	0.483	0.2082
MAP2K1	Q02750	P124Q	Activating	0.439	0.142	0.419	0.693	0.466	1.0	0.2536
JAK2	O60674	V617L	Activating	0.521	0.084	0.395	0.854	0.098	0.083	0.2816
RET	P07949	C630Y	Activating	NA	NA	NA	NA	NA	0.999	0.6906
ROS1	P08922	D2113N	Activating	0.221	0.399	0.38	0.566	0.294	0.999	0.7165
PDGFRB	P09619	S548Y	Activating	NA	NA	NA	NA	NA	0.982	0.6767
ALK	Q9UM73	D1225N	Activating	0.724	0.118	0.158	0.636	0.245	1.0	0.4569
BRAF	P15056	V600R	Activating	0.007	0.007	0.986	0.989	0.995	0.55	0.8748
FGFR2	P21802	S252W	Activating	NA	NA	NA	NA	NA	0.999	0.9054
FGFR3	P22607	N262Q	Activating	NA	NA	NA	NA	NA	0.999	0.6813
BMPR1B	O00238	E244K	Deactivating	0.157	0.654	0.19	0.117	0.396	1.0	0.8783
MAP3K7	O43318	T187I	Deactivating	0.166	0.346	0.488	0.378	0.318	0.988	0.607
ULK1	O75385	S467A	Deactivating	NA	NA	NA	NA	NA	0.072	0.366
MAP4K4	O95819	K54R	Deactivating	0.015	0.96	0.025	0.04	0.517	0.955	NA
CHEK2	O96017	E321A	Deactivating	0.076	0.175	0.749	0.702	0.408	1.0	0.9373
CHEK2	O96017	T476M	Deactivating	0.518	0.331	0.151	0.261	0.197	1.0	0.8967
RAF1	P04049	T543M	Deactivating	0.111	0.403	0.486	0.539	0.411	0.997	0.743
LCK	P06239	P440S	Deactivating	0.256	0.534	0.21	0.39	0.566	0.996	NA
RET	P07949	S811F	Deactivating	0.071	0.659	0.269	0.389	0.972	1.0	0.9211
MET	P08581	S1016A	Deactivating	NA	NA	NA	NA	NA	0.986	NA
FGFR1	P11362	E670K	Deactivating	0.025	0.924	0.05	0.077	0.584	1.0	0.9212
BRAF	P15056	D594G	Deactivating	0.03	0.914	0.056	0.117	0.722	0.999	0.8915
BRAF	P15056	D594N	Deactivating	0.042	0.892	0.067	0.135	0.683	1.0	0.8875
NPR2	P20594	G123V	Deactivating	NA	NA	NA	NA	NA	0.735	0.5464
NPR2	P20594	L314R	Deactivating	NA	NA	NA	NA	NA	0.0	0.2328
NPR2	P20594	L51P	Deactivating	NA	NA	NA	NA	NA	0.975	0.8112
NPR2	P20594	R388Q	Deactivating	NA	NA	NA	NA	NA	1.0	0.8139
NPR2	P20594	R932C	Deactivating	NA	NA	NA	NA	NA	0.958	0.5868
EPHA1	P21709	P460L	Deactivating	NA	NA	NA	NA	NA	0.999	0.5071
JAK1	P23458	V666G	Deactivating	NA	NA	NA	NA	NA	1.0	0.2617
EPHA2	P29317	P817H	Deactivating	0.259	0.437	0.304	0.438	0.572	0.999	0.8915
EPHB2	P29323	S706F	Deactivating	0.084	0.695	0.221	0.315	0.96	0.996	NA
AKT1	P31749	G159V	Deactivating	0.034	0.855	0.111	0.16	0.757	0.943	0.8986
AKT1	P31749	G336D	Deactivating	0.196	0.543	0.261	0.239	0.236	1.0	0.8986
AKT1	P31749	H265Y	Deactivating	0.126	0.702	0.172	0.325	0.337	0.988	0.8986
AKT1	P31749	R273Q	Deactivating	0.057	0.462	0.481	0.558	0.282	0.998	0.8986
AKT2	P31751	P50T	Deactivating	NA	NA	NA	NA	NA	0.001	0.2746
ACVRL1	P37023	I256N	Deactivating	0.123	0.678	0.199	0.318	0.694	1.0	0.9403
ACVRL1	P37023	L285P	Deactivating	0.045	0.904	0.051	0.094	0.673	1.0	0.9403
ACVRL1	P37023	P424L	Deactivating	0.475	0.418	0.107	0.268	0.311	1.0	0.9403
ACVRL1	P37023	R67Q	Deactivating	NA	NA	NA	NA	NA	0.154	0.31
ZAP70	P43403	D521N	Deactivating	0.27	0.551	0.18	0.216	0.513	1.0	0.8693
ZAP70	P43403	W163C	Deactivating	NA	NA	NA	NA	NA	1.0	0.8915
GSK3B	P49841	Y216E	Deactivating	0.014	0.671	0.315	0.246	0.348	1.0	0.6299
GSK3B	P49841	Y216F	Deactivating	0.005	0.891	0.104	0.08	0.585	1.0	0.9048
MAPK12	P53778	D171A	Deactivating	0.021	0.949	0.03	0.042	0.561	1.0	0.7865
CDK6	Q00534	K43M	Deactivating	0.008	0.98	0.012	0.017	0.533	1.0	0.855
MAP2K1	Q02750	K97M	Deactivating	0.007	0.981	0.013	0.023	0.44	1.0	0.7749
GUCY2D	Q02846	R838S	Deactivating	NA	NA	NA	NA	NA	1.0	0.7754
PRKCD	Q05655	G510S	Deactivating	0.249	0.479	0.272	0.456	0.469	1.0	NA
ATM	Q13315	N358I	Deactivating	NA	NA	NA	NA	NA	0.017	NA
ATM	Q13315	N796H	Deactivating	NA	NA	NA	NA	NA	0.985	NA
RIPK1	Q13546	D138N	Deactivating	0.04	0.767	0.193	0.185	0.754	0.999	0.8555
BMPR2	Q13873	Q721R	Deactivating	NA	NA	NA	NA	NA	0.201	0.1988
PDK1	Q15118	G380D	Deactivating	NA	NA	NA	NA	NA	1.0	NA
TNNI3K	Q59H18	P742L	Deactivating	0.693	0.15	0.157	0.626	0.232	0.906	0.2822
LRRK2	Q5S007	W1295A	Deactivating	NA	NA	NA	NA	NA	1.0	0.5654
STRADA	Q7RTN6	S264R	Deactivating	0.127	0.701	0.171	0.221	0.54	1.0	NA
ACVR1C	Q8NER5	I195T	Deactivating	0.26	0.461	0.279	0.518	0.285	0.997	0.725
ACVR1C	Q8NER5	N150H	Deactivating	NA	NA	NA	NA	NA	0.003	0.2184
WNK4	Q96J92	D321A	Deactivating	0.016	0.963	0.021	0.027	0.531	1.0	NA
TP53RK	Q96S44	R249G	Deactivating	NA	NA	NA	NA	NA	1.0	NA
PINK1	Q9BXM7	G409V	Deactivating	0.124	0.737	0.139	0.217	0.602	1.0	0.9074
IRAK4	Q9NWZ3	D320Y	Deactivating	0.256	0.49	0.254	0.355	0.566	1.0	0.8606
IRAK4	Q9NWZ3	Q29P	Deactivating	NA	NA	NA	NA	NA	0.109	0.2551
TBK1	Q9UHD2	S511A	Deactivating	NA	NA	NA	NA	NA	0.012	0.1969
TLK1	Q9UKI8	M566T	Deactivating	0.116	0.304	0.58	0.658	0.387	0.997	NA
TLK1	Q9UKI8	Q479E	Deactivating	0.298	0.164	0.538	0.808	0.164	0.886	NA
ALK	Q9UM73	F1174S	Deactivating	0.253	0.395	0.352	0.562	0.945	1.0	0.8396
TNNI3K	Q59H18	L577F	Deactivating	0.136	0.422	0.442	0.444	0.902	1.0	0.6574
EGFR	P00533	Y891D	Deactivating	0.051	0.6	0.35	0.425	0.621	1.0	0.8732
KIT	P10721	P665L	Deactivating	0.52	0.25	0.23	0.495	0.405	1.0	0.9181
ZAP70	P43403	R170C	Deactivating	NA	NA	NA	NA	NA	1.0	0.8758
ERBB4	Q15303	N706D	Deactivating	0.187	0.392	0.422	0.557	0.456	0.997	0.3973
ROCK2	O75116	K1007R	Deactivating	NA	NA	NA	NA	NA	0.006	NA
JAK2	O60674	G993A	Resistance	0.708	0.074	0.218	0.677	0.272	1.0	0.2969
EGFR	P00533	G724S	Resistance	0.137	0.298	0.566	0.664	0.681	1.0	0.8526
EGFR	P00533	L718M	Resistance	0.526	0.123	0.351	0.58	0.787	1.0	0.7844
EGFR	P00533	N540K	Resistance	NA	NA	NA	NA	NA	0.989	0.78
ERBB2	P04626	L755S	Resistance	0.193	0.348	0.459	0.607	0.843	1.0	0.8566
ERBB2	P04626	R784G	Resistance	0.053	0.098	0.848	0.798	0.907	1.0	0.8732
CSF1R	P07333	G795A	Resistance	0.591	0.124	0.285	0.67	0.479	0.986	0.2617
RET	P07949	G810C	Resistance	0.205	0.28	0.516	0.563	0.848	1.0	0.9212
RET	P07949	G810D	Resistance	0.137	0.261	0.603	0.482	0.923	1.0	0.9212
RET	P07949	G810R	Resistance	0.184	0.287	0.53	0.435	0.901	1.0	0.9212
RET	P07949	G810S	Resistance	0.205	0.269	0.526	0.563	0.923	1.0	0.9172
MET	P08581	F1200I	Resistance	0.251	0.39	0.36	0.461	0.547	1.0	NA
MET	P08581	F1200L	Resistance	0.245	0.457	0.298	0.345	0.574	1.0	NA
MET	P08581	G1163R	Resistance	0.2	0.26	0.54	0.458	0.823	1.0	NA
MET	P08581	L1195V	Resistance	0.168	0.338	0.494	0.554	0.876	0.998	NA
MET	P08581	M1250T	Resistance	0.161	0.489	0.351	0.427	0.436	0.999	NA
ROS1	P08922	D1988N	Resistance	0.577	0.23	0.194	0.578	0.19	0.993	0.5553
ROS1	P08922	D2033N	Resistance	0.302	0.322	0.376	0.42	0.959	0.996	0.2895
ROS1	P08922	F2004V	Resistance	0.284	0.419	0.297	0.488	0.82	1.0	0.7188
ROS1	P08922	G1957A	Resistance	0.109	0.681	0.209	0.35	0.274	0.998	0.8624
ROS1	P08922	G2032R	Resistance	0.211	0.237	0.552	0.482	0.786	1.0	0.8733
ROS1	P08922	L1982V	Resistance	0.184	0.401	0.415	0.621	0.706	0.989	0.3726
ROS1	P08922	L2010M	Resistance	0.547	0.088	0.365	0.738	0.234	1.0	0.212
ROS1	P08922	L2026M	Resistance	0.8	0.03	0.17	0.563	0.956	1.0	0.203
ROS1	P08922	L2086F	Resistance	0.454	0.309	0.237	0.329	0.387	1.0	0.8693
ROS1	P08922	S1986F	Resistance	0.284	0.415	0.302	0.504	0.805	0.999	0.298
ROS1	P08922	S1986Y	Resistance	0.293	0.376	0.331	0.576	0.83	0.999	0.2137
KIT	P10721	N828K	Resistance	0.424	0.272	0.304	0.472	0.403	1.0	0.6336
KIT	P10721	V560G	Resistance	0.106	0.717	0.177	0.374	0.523	0.888	0.5873
BRAF	P15056	K601E	Resistance	0.044	0.072	0.884	0.844	0.587	0.913	0.3449
ERBB3	P21860	G337R	Resistance	NA	NA	NA	NA	NA	0.976	0.6342
FGFR4	P22455	N535K	Resistance	0.072	0.046	0.882	0.904	0.967	1.0	0.4202
FGFR3	P22607	M528I	Resistance	0.2	0.058	0.742	0.842	0.699	0.975	0.3191
FGFR3	P22607	V553M	Resistance	0.83	0.058	0.112	0.669	0.125	1.0	0.3491
FGFR3	P22607	V555M	Resistance	0.7	0.057	0.243	0.782	0.954	0.999	0.3323
FLT3	P36888	D698N	Resistance	0.606	0.11	0.284	0.613	0.928	0.516	0.3062
FLT3	P36888	N676K	Resistance	0.051	0.052	0.897	0.909	0.979	1.0	0.5537
FLT3	P36888	N701K	Resistance	0.741	0.091	0.168	0.642	0.34	0.998	0.6915
CDK9	P50750	L156F	Resistance	0.683	0.124	0.193	0.406	0.175	1.0	0.5803
BTK	Q06187	C481F	Resistance	0.105	0.732	0.163	0.167	0.982	0.999	0.8396
BTK	Q06187	L528W	Resistance	0.18	0.588	0.233	0.182	0.68	0.993	0.8555
BTK	Q06187	T474I	Resistance	0.226	0.265	0.509	0.518	0.949	1.0	0.2516
NTRK3	Q16288	F617L	Resistance	0.304	0.161	0.535	0.576	0.974	1.0	0.3092
NTRK3	Q16288	G623E	Resistance	0.105	0.185	0.71	0.658	0.88	1.0	0.8335
NTRK3	Q16288	G623R	Resistance	0.183	0.226	0.592	0.561	0.884	1.0	0.8335
PINK1	Q9BXM7	M318G	Resistance	0.077	0.444	0.479	0.337	0.967	0.993	0.6745
ALK	Q9UM73	D1203N	Resistance	0.635	0.121	0.245	0.548	0.876	0.865	0.2578
ALK	Q9UM73	F1174C	Resistance	0.41	0.22	0.37	0.767	0.874	1.0	0.5797
ALK	Q9UM73	I1171T	Resistance	0.329	0.241	0.43	0.445	0.707	1.0	0.5618
ALK	Q9UM73	L1256F	Resistance	0.333	0.346	0.322	0.367	0.51	1.0	0.8335
ALK	Q9UM73	V1180L	Resistance	0.457	0.137	0.407	0.754	0.154	0.951	0.3288
MET	P08581	L1195F	Resistance	0.164	0.316	0.521	0.535	0.86	1.0	NA
KIT	P10721	L783V	Resistance	0.23	0.191	0.578	0.63	0.894	0.996	0.9141
LCK	P06239	T316I	Resistance	0.228	0.215	0.557	0.533	0.95	1.0	NA
MYO3A	Q8NEV4	A520V	Neutral	NA	NA	NA	NA	NA	NA	0.7503
MASTL	Q96GX5	P620A	Neutral	NA	NA	NA	NA	NA	NA	0.2196
RET	P07949	L56M	Neutral	NA	NA	NA	NA	NA	NA	0.0926
RET	P07949	Y791F	Neutral	0.364	0.242	0.394	0.394	0.187	NA	0.4958
CHUK	O15111	S126C	Neutral	0.222	0.194	0.584	0.729	0.194	NA	0.2382
SLK	Q9H2G2	N748H	Neutral	NA	NA	NA	NA	NA	NA	0.0548
FGFR2	P21802	R6P	Neutral	NA	NA	NA	NA	NA	NA	0.4471
STK32C	Q86UX6	A14V	Neutral	NA	NA	NA	NA	NA	NA	NA
BRSK2	Q8IWQ3	G578A	Neutral	NA	NA	NA	NA	NA	NA	0.1784
HIPK3	Q9H422	R42W	Neutral	NA	NA	NA	NA	NA	NA	0.18
HIPK3	Q9H422	G110E	Neutral	NA	NA	NA	NA	NA	NA	0.4994
MARK2	Q7KZI7	S578N	Neutral	NA	NA	NA	NA	NA	NA	0.4271
RPS6KA4	O75676	R427H	Neutral	0.289	0.214	0.498	0.669	0.182	NA	NA
MAP4K2	Q12851	R580H	Neutral	NA	NA	NA	NA	NA	NA	NA
MAP4K2	Q12851	R384Q	Neutral	NA	NA	NA	NA	NA	NA	NA
MAP4K2	Q12851	A120S	Neutral	0.807	0.077	0.115	0.526	0.082	NA	NA
MAP4K2	Q12851	R111P	Neutral	0.463	0.213	0.324	0.718	0.163	NA	NA
CDC42BPG	Q6DT37	S1482R	Neutral	NA	NA	NA	NA	NA	NA	0.206
CDC42BPG	Q6DT37	R1237W	Neutral	NA	NA	NA	NA	NA	NA	0.4014
CDC42BPG	Q6DT37	G1211S	Neutral	NA	NA	NA	NA	NA	NA	0.0737
CDC42BPG	Q6DT37	A1048T	Neutral	NA	NA	NA	NA	NA	NA	0.2206
CDC42BPG	Q6DT37	K586E	Neutral	NA	NA	NA	NA	NA	NA	0.0562
CDC42BPG	Q6DT37	V201I	Neutral	0.843	0.053	0.104	0.473	0.05	NA	0.1139
SCYL1	Q96KG9	T627M	Neutral	NA	NA	NA	NA	NA	NA	NA
SCYL1	Q96KG9	D645N	Neutral	NA	NA	NA	NA	NA	NA	NA
SCYL1	Q96KG9	D682N	Neutral	NA	NA	NA	NA	NA	NA	NA
SCYL1	Q96KG9	R720W	Neutral	NA	NA	NA	NA	NA	NA	NA
MAP3K11	Q16584	R730H	Neutral	NA	NA	NA	NA	NA	NA	0.1275
MAP3K11	Q16584	P626T	Neutral	NA	NA	NA	NA	NA	NA	0.0841
RPS6KB2	Q9UBS0	R120W	Neutral	0.187	0.378	0.435	0.509	0.2	NA	NA
RPS6KB2	Q9UBS0	P267L	Neutral	0.414	0.413	0.172	0.219	0.245	NA	NA
ATM	Q13315	S49C	Neutral	NA	NA	NA	NA	NA	NA	NA
ATM	Q13315	V182L	Neutral	NA	NA	NA	NA	NA	NA	NA
ATM	Q13315	R189K	Neutral	NA	NA	NA	NA	NA	NA	NA
ATM	Q13315	S333F	Neutral	NA	NA	NA	NA	NA	NA	NA
ATM	Q13315	P604S	Neutral	NA	NA	NA	NA	NA	NA	NA
ATM	Q13315	P1054R	Neutral	NA	NA	NA	NA	NA	NA	NA
SIK2	Q9H0K1	T458I	Neutral	NA	NA	NA	NA	NA	NA	0.2556
ANKK1	Q8NFD2	D4Y	Neutral	0.265	0.122	0.613	0.68	0.41	NA	0.154
ANKK1	Q8NFD2	C52W	Neutral	0.066	0.565	0.369	0.257	0.744	NA	0.2635
ANKK1	Q8NFD2	R122H	Neutral	0.477	0.221	0.302	0.519	0.155	NA	0.1178
ANKK1	Q8NFD2	R185Q	Neutral	0.317	0.56	0.123	0.119	0.032	NA	0.194
ANKK1	Q8NFD2	W253R	Neutral	0.222	0.597	0.181	0.336	0.456	NA	0.1337
ANKK1	Q8NFD2	D280E	Neutral	0.482	0.124	0.394	0.766	0.382	NA	0.0608
ANKK1	Q8NFD2	R295L	Neutral	0.76	0.068	0.173	0.774	0.052	NA	0.4154
ANKK1	Q8NFD2	G318R	Neutral	NA	NA	NA	NA	NA	NA	0.0228
ANKK1	Q8NFD2	G442C	Neutral	NA	NA	NA	NA	NA	NA	0.0356
ANKK1	Q8NFD2	R445C	Neutral	NA	NA	NA	NA	NA	NA	0.2267
ANKK1	Q8NFD2	G451R	Neutral	NA	NA	NA	NA	NA	NA	0.3413
ANKK1	Q8NFD2	R478Q	Neutral	NA	NA	NA	NA	NA	NA	0.1431
ANKK1	Q8NFD2	T496N	Neutral	NA	NA	NA	NA	NA	NA	0.327
ANKK1	Q8NFD2	P596L	Neutral	NA	NA	NA	NA	NA	NA	0.585
ANKK1	Q8NFD2	A696T	Neutral	NA	NA	NA	NA	NA	NA	0.1086
SIK3	Q9Y2K2	P1136R	Neutral	NA	NA	NA	NA	NA	NA	0.7251
SIK3	Q9Y2K2	A1050T	Neutral	NA	NA	NA	NA	NA	NA	0.4468
SIK3	Q9Y2K2	R1042C	Neutral	NA	NA	NA	NA	NA	NA	0.424
SIK3	Q9Y2K2	Y959C	Neutral	NA	NA	NA	NA	NA	NA	0.342
SIK3	Q9Y2K2	G19E	Neutral	NA	NA	NA	NA	NA	NA	0.8783
WNK1	Q9H4A3	T619A	Neutral	NA	NA	NA	NA	NA	NA	0.2587
WNK1	Q9H4A3	I694T	Neutral	NA	NA	NA	NA	NA	NA	0.0207
WNK1	Q9H4A3	I736V	Neutral	NA	NA	NA	NA	NA	NA	0.1798
WNK1	Q9H4A3	T1452A	Neutral	NA	NA	NA	NA	NA	NA	0.1136
DYRK4	Q9NR20	Q54H	Neutral	NA	NA	NA	NA	NA	NA	0.0922
DYRK4	Q9NR20	A61T	Neutral	NA	NA	NA	NA	NA	NA	0.0306
STYK1	Q6J9G0	R110W	Neutral	0.18	0.563	0.257	0.346	0.214	NA	0.5366
GUCY2C	P25092	Q784K	Neutral	NA	NA	NA	NA	NA	NA	NA
LRRK2	Q5S007	L119P	Neutral	NA	NA	NA	NA	NA	NA	0.493
LRRK2	Q5S007	E334K	Neutral	NA	NA	NA	NA	NA	NA	0.2067
LRRK2	Q5S007	R1398H	Neutral	NA	NA	NA	NA	NA	NA	0.0961
LRRK2	Q5S007	R1514Q	Neutral	NA	NA	NA	NA	NA	NA	0.1202
LRRK2	Q5S007	P1542S	Neutral	NA	NA	NA	NA	NA	NA	0.208
LRRK2	Q5S007	N2081D	Neutral	0.631	0.098	0.271	0.725	0.147	NA	0.5137
ACVRL1	P37023	A482V	Neutral	0.422	0.241	0.336	0.62	0.32	NA	0.8357
MAP3K12	Q12852	G640D	Neutral	NA	NA	NA	NA	NA	NA	NA
ERBB3	P21860	P30L	Neutral	NA	NA	NA	NA	NA	NA	0.1796
ERBB3	P21860	L795V	Neutral	0.409	0.391	0.2	0.281	0.515	NA	0.7945
ERBB3	P21860	R1077W	Neutral	NA	NA	NA	NA	NA	NA	0.0786
ERBB3	P21860	L1177I	Neutral	NA	NA	NA	NA	NA	NA	0.2296
IRAK3	Q9Y616	H57R	Neutral	NA	NA	NA	NA	NA	NA	NA
IRAK3	Q9Y616	R96H	Neutral	NA	NA	NA	NA	NA	NA	NA
IRAK3	Q9Y616	V134M	Neutral	NA	NA	NA	NA	NA	NA	NA
IRAK3	Q9Y616	N329D	Neutral	0.68	0.078	0.242	0.777	0.349	NA	NA
IRAK3	Q9Y616	P466R	Neutral	NA	NA	NA	NA	NA	NA	NA
SCYL2	Q6P3W7	E663K	Neutral	NA	NA	NA	NA	NA	NA	0.1461
SCYL2	Q6P3W7	T716S	Neutral	NA	NA	NA	NA	NA	NA	0.1102
SCYL2	Q6P3W7	T745A	Neutral	NA	NA	NA	NA	NA	NA	0.1057
SCYL2	Q6P3W7	V888M	Neutral	NA	NA	NA	NA	NA	NA	0.0187
NUAK1	O60285	R595L	Neutral	NA	NA	NA	NA	NA	NA	0.6633
NUAK1	O60285	P543R	Neutral	NA	NA	NA	NA	NA	NA	0.6688
KSR2	Q6VAB6	S904L	Neutral	0.658	0.156	0.186	0.562	0.167	NA	0.2455
KSR2	Q6VAB6	H565Y	Neutral	NA	NA	NA	NA	NA	NA	0.2012
KSR2	Q6VAB6	R554Q	Neutral	NA	NA	NA	NA	NA	NA	0.3059
KSR2	Q6VAB6	D323E	Neutral	NA	NA	NA	NA	NA	NA	0.1654
KSR2	Q6VAB6	T175R	Neutral	NA	NA	NA	NA	NA	NA	0.0903
CIT	O14578	I1681V	Neutral	NA	NA	NA	NA	NA	NA	0.0939
CIT	O14578	N1122S	Neutral	NA	NA	NA	NA	NA	NA	0.2657
CIT	O14578	S308C	Neutral	0.651	0.189	0.16	0.45	0.1	NA	0.5359
ULK1	O75385	T242I	Neutral	0.918	0.031	0.051	0.568	0.025	NA	0.1042
ULK1	O75385	T452S	Neutral	NA	NA	NA	NA	NA	NA	0.2562
ULK1	O75385	P574R	Neutral	NA	NA	NA	NA	NA	NA	0.3219
ULK1	O75385	A705V	Neutral	NA	NA	NA	NA	NA	NA	0.4008
ULK1	O75385	G745V	Neutral	NA	NA	NA	NA	NA	NA	0.3197
LATS2	Q9NRM7	L1025P	Neutral	NA	NA	NA	NA	NA	NA	0.4775
LATS2	Q9NRM7	A203V	Neutral	NA	NA	NA	NA	NA	NA	0.0347
PAN3	Q58A45	T427A	Neutral	NA	NA	NA	NA	NA	NA	NA
PAN3	Q58A45	T864S	Neutral	NA	NA	NA	NA	NA	NA	NA
FLT1	P17948	P1201L	Neutral	NA	NA	NA	NA	NA	NA	0.6488
FLT1	P17948	I623V	Neutral	NA	NA	NA	NA	NA	NA	0.4209
FLT1	P17948	I548M	Neutral	NA	NA	NA	NA	NA	NA	0.4505
FLT1	P17948	R54S	Neutral	NA	NA	NA	NA	NA	NA	0.4039
NEK5	Q6P3R8	V690I	Neutral	NA	NA	NA	NA	NA	NA	0.032
NEK5	Q6P3R8	M601V	Neutral	NA	NA	NA	NA	NA	NA	0.0441
NEK5	Q6P3R8	D550Y	Neutral	NA	NA	NA	NA	NA	NA	0.6139
NEK5	Q6P3R8	A547T	Neutral	NA	NA	NA	NA	NA	NA	0.0285
NEK5	Q6P3R8	R474C	Neutral	NA	NA	NA	NA	NA	NA	0.6248
NEK5	Q6P3R8	Q464E	Neutral	NA	NA	NA	NA	NA	NA	0.1099
NEK5	Q6P3R8	H233R	Neutral	0.922	0.025	0.053	0.816	0.028	NA	0.0667
GRK1	Q15835	I241T	Neutral	0.092	0.165	0.744	0.69	0.842	NA	0.8264
TSSK4	Q6SA08	Y89C	Neutral	0.114	0.509	0.377	0.322	0.689	NA	0.7889
PRKD1	Q15139	L7P	Neutral	NA	NA	NA	NA	NA	NA	0.2819
MAP3K9	P80192	T925S	Neutral	NA	NA	NA	NA	NA	NA	0.065
RPS6KL1	Q9Y6S9	A277T	Neutral	NA	NA	NA	NA	NA	NA	NA
RPS6KL1	Q9Y6S9	S241R	Neutral	NA	NA	NA	NA	NA	NA	NA
NEK9	Q8TD19	L962F	Neutral	NA	NA	NA	NA	NA	NA	0.3346
NEK9	Q8TD19	G755S	Neutral	NA	NA	NA	NA	NA	NA	0.0957
NEK9	Q8TD19	P751L	Neutral	NA	NA	NA	NA	NA	NA	0.3076
NEK9	Q8TD19	D84N	Neutral	0.756	0.12	0.125	0.472	0.156	NA	0.2323
NEK9	Q8TD19	G43A	Neutral	0.414	0.169	0.417	0.806	0.093	NA	0.1589
ADCK1	Q86TW2	L57P	Neutral	NA	NA	NA	NA	NA	NA	NA
ADCK1	Q86TW2	A451T	Neutral	NA	NA	NA	NA	NA	NA	NA
RPS6KA5	O75582	A16S	Neutral	NA	NA	NA	NA	NA	NA	0.4499
CDC42BPB	Q9Y5S2	D1575H	Neutral	NA	NA	NA	NA	NA	NA	NA
MARK3	P27448	K611Q	Neutral	NA	NA	NA	NA	NA	NA	0.7724
EIF2AK4	Q9P2K8	R182K	Neutral	NA	NA	NA	NA	NA	NA	0.2239
BUB1B	O60566	N1032H	Neutral	NA	NA	NA	NA	NA	NA	0.1571
PAK6	Q9NQU5	R191H	Neutral	NA	NA	NA	NA	NA	NA	NA
PAK6	Q9NQU5	R262Q	Neutral	NA	NA	NA	NA	NA	NA	NA
PAK6	Q9NQU5	R334C	Neutral	NA	NA	NA	NA	NA	NA	NA
PAK6	Q9NQU5	A376V	Neutral	NA	NA	NA	NA	NA	NA	NA
PAK6	Q9NQU5	R425Q	Neutral	0.658	0.054	0.288	0.753	0.061	NA	NA
LTK	P29376	S264C	Neutral	NA	NA	NA	NA	NA	NA	0.6345
LTK	P29376	R243Q	Neutral	NA	NA	NA	NA	NA	NA	0.0852
LTK	P29376	P227L	Neutral	NA	NA	NA	NA	NA	NA	0.6757
TYRO3	Q06418	I620T	Neutral	0.563	0.119	0.318	0.792	0.183	NA	NA
TTBK2	Q6IQ55	R1110H	Neutral	NA	NA	NA	NA	NA	NA	0.0916
TRPM7	Q96QT4	I75V	Neutral	NA	NA	NA	NA	NA	NA	NA
MAPK6	Q16659	L290V	Neutral	0.892	0.04	0.068	0.725	0.126	NA	NA
DAPK2	Q9UIK4	R68Q	Neutral	0.762	0.09	0.148	0.64	0.083	NA	0.5992
DAPK2	Q9UIK4	R60Q	Neutral	0.836	0.081	0.084	0.592	0.021	NA	0.2323
PEAK1	Q9H792	R970C	Neutral	NA	NA	NA	NA	NA	NA	NA
PEAK1	Q9H792	S792I	Neutral	NA	NA	NA	NA	NA	NA	NA
ALPK3	Q96L96	Q400R	Neutral	NA	NA	NA	NA	NA	NA	NA
ALPK3	Q96L96	T559M	Neutral	NA	NA	NA	NA	NA	NA	NA
ALPK3	Q96L96	A1355D	Neutral	NA	NA	NA	NA	NA	NA	NA
FES	P07332	P397R	Neutral	NA	NA	NA	NA	NA	NA	0.5624
FES	P07332	P444L	Neutral	NA	NA	NA	NA	NA	NA	0.6634
IGF1R	P08069	R134H	Neutral	NA	NA	NA	NA	NA	NA	0.5014
LRRK1	Q38SD2	G68S	Neutral	NA	NA	NA	NA	NA	NA	0.033
LRRK1	Q38SD2	K203E	Neutral	NA	NA	NA	NA	NA	NA	0.2459
LRRK1	Q38SD2	I224V	Neutral	NA	NA	NA	NA	NA	NA	0.239
LRRK1	Q38SD2	L416M	Neutral	NA	NA	NA	NA	NA	NA	0.5283
LRRK1	Q38SD2	A461T	Neutral	NA	NA	NA	NA	NA	NA	0.0904
LRRK1	Q38SD2	P543S	Neutral	NA	NA	NA	NA	NA	NA	0.19
LRRK1	Q38SD2	R631W	Neutral	NA	NA	NA	NA	NA	NA	0.5677
LRRK1	Q38SD2	V697I	Neutral	NA	NA	NA	NA	NA	NA	0.1618
LRRK1	Q38SD2	D866N	Neutral	NA	NA	NA	NA	NA	NA	0.0769
LRRK1	Q38SD2	G1702S	Neutral	NA	NA	NA	NA	NA	NA	0.1078
LRRK1	Q38SD2	M1735V	Neutral	NA	NA	NA	NA	NA	NA	0.0067
LRRK1	Q38SD2	P1796H	Neutral	NA	NA	NA	NA	NA	NA	0.1734
LRRK1	Q38SD2	A1814T	Neutral	NA	NA	NA	NA	NA	NA	0.1067
LRRK1	Q38SD2	L1835F	Neutral	NA	NA	NA	NA	NA	NA	0.2051
LRRK1	Q38SD2	R1850C	Neutral	NA	NA	NA	NA	NA	NA	0.045
LRRK1	Q38SD2	G1938D	Neutral	NA	NA	NA	NA	NA	NA	0.1384
SMG1	Q96Q15	P1306L	Neutral	NA	NA	NA	NA	NA	NA	NA
SMG1	Q96Q15	A1209S	Neutral	NA	NA	NA	NA	NA	NA	NA
SMG1	Q96Q15	T1060I	Neutral	NA	NA	NA	NA	NA	NA	NA
SMG1	Q96Q15	S12G	Neutral	NA	NA	NA	NA	NA	NA	NA
EEF2K	O00418	R493L	Neutral	NA	NA	NA	NA	NA	NA	NA
EEF2K	O00418	E545D	Neutral	NA	NA	NA	NA	NA	NA	NA
EEF2K	O00418	D609N	Neutral	NA	NA	NA	NA	NA	NA	NA
ERN2	Q76MJ5	R918T	Neutral	NA	NA	NA	NA	NA	NA	0.1642
ERN2	Q76MJ5	A896G	Neutral	NA	NA	NA	NA	NA	NA	0.4987
ERN2	Q76MJ5	R537Q	Neutral	0.328	0.221	0.451	0.715	0.213	NA	0.3313
ERN2	Q76MJ5	V76I	Neutral	NA	NA	NA	NA	NA	NA	0.2162
SBK1	Q52WX2	R12H	Neutral	NA	NA	NA	NA	NA	NA	0.0683
MAPK3	P27361	E323K	Neutral	0.721	0.091	0.188	0.654	0.217	NA	NA
MYLK3	Q32MK0	I654V	Neutral	0.27	0.381	0.349	0.355	0.39	NA	NA
MLKL	Q8NB16	E19K	Neutral	NA	NA	NA	NA	NA	NA	0.1893
MINK1	Q8N4C8	E576D	Neutral	NA	NA	NA	NA	NA	NA	NA
TNK1	Q13470	A299D	Neutral	0.553	0.075	0.373	0.842	0.167	NA	0.5107
GUCY2D	Q02846	S25F	Neutral	NA	NA	NA	NA	NA	NA	0.1712
GUCY2D	Q02846	A52S	Neutral	NA	NA	NA	NA	NA	NA	0.1031
GUCY2D	Q02846	R365W	Neutral	NA	NA	NA	NA	NA	NA	0.1666
GUCY2D	Q02846	P575L	Neutral	0.526	0.182	0.292	0.661	0.13	NA	0.3509
ULK2	Q8IYT8	V886M	Neutral	NA	NA	NA	NA	NA	NA	0.5627
ULK2	Q8IYT8	R881Q	Neutral	NA	NA	NA	NA	NA	NA	0.0881
ULK2	Q8IYT8	D500A	Neutral	NA	NA	NA	NA	NA	NA	0.1481
KSR1	Q8IVT5	P505L	Neutral	NA	NA	NA	NA	NA	NA	NA
RSKR	Q96LW2	C340R	Neutral	0.735	0.097	0.168	0.695	0.284	NA	NA
RSKR	Q96LW2	G249S	Neutral	0.05	0.2	0.75	0.708	0.546	NA	NA
RSKR	Q96LW2	S173G	Neutral	0.625	0.155	0.22	0.581	0.115	NA	NA
RSKR	Q96LW2	H65L	Neutral	NA	NA	NA	NA	NA	NA	NA
RSKR	Q96LW2	A3T	Neutral	NA	NA	NA	NA	NA	NA	NA
CDK12	Q9NYV4	P1266L	Neutral	NA	NA	NA	NA	NA	NA	NA
ERBB2	P04626	A386D	Neutral	NA	NA	NA	NA	NA	NA	0.1099
WNK4	Q96J92	A6T	Neutral	NA	NA	NA	NA	NA	NA	NA
WNK4	Q96J92	A80D	Neutral	NA	NA	NA	NA	NA	NA	NA
WNK4	Q96J92	R508H	Neutral	NA	NA	NA	NA	NA	NA	NA
WNK4	Q96J92	P555R	Neutral	NA	NA	NA	NA	NA	NA	NA
WNK4	Q96J92	T790N	Neutral	NA	NA	NA	NA	NA	NA	NA
WNK4	Q96J92	P825L	Neutral	NA	NA	NA	NA	NA	NA	NA
WNK4	Q96J92	T891M	Neutral	NA	NA	NA	NA	NA	NA	NA
WNK4	Q96J92	P1025L	Neutral	NA	NA	NA	NA	NA	NA	NA
WNK4	Q96J92	V1084A	Neutral	NA	NA	NA	NA	NA	NA	NA
WNK4	Q96J92	R1204C	Neutral	NA	NA	NA	NA	NA	NA	NA
MAP3K14	Q99558	T764A	Neutral	NA	NA	NA	NA	NA	NA	NA
MAP3K14	Q99558	V516I	Neutral	0.896	0.047	0.058	0.504	0.064	NA	NA
MAP3K14	Q99558	S140N	Neutral	NA	NA	NA	NA	NA	NA	NA
TEX14	Q8IWB6	L1426F	Neutral	NA	NA	NA	NA	NA	NA	NA
TEX14	Q8IWB6	N786D	Neutral	NA	NA	NA	NA	NA	NA	NA
TEX14	Q8IWB6	Q243E	Neutral	NA	NA	NA	NA	NA	NA	NA
TEX14	Q8IWB6	P215H	Neutral	NA	NA	NA	NA	NA	NA	NA
ERN1	O75460	L914M	Neutral	NA	NA	NA	NA	NA	NA	0.2416
ERN1	O75460	E913G	Neutral	NA	NA	NA	NA	NA	NA	0.6433
ERN1	O75460	L474R	Neutral	NA	NA	NA	NA	NA	NA	0.267
ERN1	O75460	A414T	Neutral	NA	NA	NA	NA	NA	NA	0.066
AATK	Q6ZMQ8	G70A	Neutral	NA	NA	NA	NA	NA	NA	0.2821
YES1	P07947	K113Q	Neutral	NA	NA	NA	NA	NA	NA	0.2172
RIOK3	O14730	R441Q	Neutral	NA	NA	NA	NA	NA	NA	NA
MAPK4	P31152	G17D	Neutral	0.528	0.104	0.368	0.785	0.214	NA	0.2836
ALPK2	Q86TB3	G1928E	Neutral	NA	NA	NA	NA	NA	NA	NA
ALPK2	Q86TB3	R1913C	Neutral	NA	NA	NA	NA	NA	NA	NA
ALPK2	Q86TB3	P1850L	Neutral	NA	NA	NA	NA	NA	NA	NA
ALPK2	Q86TB3	H1767Y	Neutral	NA	NA	NA	NA	NA	NA	NA
ALPK2	Q86TB3	A1650V	Neutral	NA	NA	NA	NA	NA	NA	NA
ALPK2	Q86TB3	A1551S	Neutral	NA	NA	NA	NA	NA	NA	NA
ALPK2	Q86TB3	Q1428R	Neutral	NA	NA	NA	NA	NA	NA	NA
ALPK2	Q86TB3	G1264S	Neutral	NA	NA	NA	NA	NA	NA	NA
ALPK2	Q86TB3	S1246Y	Neutral	NA	NA	NA	NA	NA	NA	NA
ALPK2	Q86TB3	V1195M	Neutral	NA	NA	NA	NA	NA	NA	NA
ALPK2	Q86TB3	S977T	Neutral	NA	NA	NA	NA	NA	NA	NA
ALPK2	Q86TB3	F863L	Neutral	NA	NA	NA	NA	NA	NA	NA
ALPK2	Q86TB3	P826T	Neutral	NA	NA	NA	NA	NA	NA	NA
ALPK2	Q86TB3	P540L	Neutral	NA	NA	NA	NA	NA	NA	NA
ALPK2	Q86TB3	D524G	Neutral	NA	NA	NA	NA	NA	NA	NA
ALPK2	Q86TB3	V520M	Neutral	NA	NA	NA	NA	NA	NA	NA
ALPK2	Q86TB3	D360N	Neutral	NA	NA	NA	NA	NA	NA	NA
ALPK2	Q86TB3	G286C	Neutral	NA	NA	NA	NA	NA	NA	NA
ALPK2	Q86TB3	I153V	Neutral	NA	NA	NA	NA	NA	NA	NA
STK11	Q15831	F354L	Neutral	NA	NA	NA	NA	NA	NA	0.1752
CSNK1G2	P78368	V173L	Neutral	0.764	0.082	0.155	0.634	0.096	NA	NA
CSNK1G2	P78368	T355A	Neutral	NA	NA	NA	NA	NA	NA	NA
MKNK2	Q9HBH9	G422S	Neutral	NA	NA	NA	NA	NA	NA	0.1505
INSR	P06213	D946E	Neutral	NA	NA	NA	NA	NA	NA	0.2394
INSR	P06213	S748L	Neutral	NA	NA	NA	NA	NA	NA	0.1387
TYK2	P29597	R703W	Neutral	NA	NA	NA	NA	NA	NA	0.6702
TYK2	P29597	I684S	Neutral	NA	NA	NA	NA	NA	NA	0.8664
TYK2	P29597	A53T	Neutral	NA	NA	NA	NA	NA	NA	0.4158
TYK2	P29597	V15A	Neutral	NA	NA	NA	NA	NA	NA	0.0476
PKN1	Q16512	L555I	Neutral	NA	NA	NA	NA	NA	NA	0.2509
PKN1	Q16512	I718V	Neutral	0.912	0.039	0.049	0.731	0.042	NA	0.0061
JAK3	P52333	P151R	Neutral	NA	NA	NA	NA	NA	NA	0.1395
MAST3	O60307	T196M	Neutral	NA	NA	NA	NA	NA	NA	NA
MAST3	O60307	R203Q	Neutral	NA	NA	NA	NA	NA	NA	NA
MAP4K1	Q92918	P312T	Neutral	NA	NA	NA	NA	NA	NA	NA
PAK4	O96013	P108L	Neutral	NA	NA	NA	NA	NA	NA	0.3666
DYRK1B	Q9Y463	D608A	Neutral	NA	NA	NA	NA	NA	NA	0.1711
DYRK1B	Q9Y463	P578S	Neutral	NA	NA	NA	NA	NA	NA	0.1155
MAP3K10	Q02779	P651T	Neutral	NA	NA	NA	NA	NA	NA	0.1005
MAP3K10	Q02779	R850H	Neutral	NA	NA	NA	NA	NA	NA	0.099
HIPK4	Q8NE63	R481C	Neutral	NA	NA	NA	NA	NA	NA	0.0943
HIPK4	Q8NE63	T304N	Neutral	0.91	0.033	0.058	0.631	0.028	NA	0.0723
COQ8B	Q96D53	R78C	Neutral	NA	NA	NA	NA	NA	NA	NA
COQ8B	Q96D53	R63W	Neutral	NA	NA	NA	NA	NA	NA	NA
AXL	P30530	Q361P	Neutral	NA	NA	NA	NA	NA	NA	0.1984
AXL	P30530	G517S	Neutral	0.472	0.199	0.328	0.714	0.251	NA	0.4778
MARK4	Q96L34	G30C	Neutral	0.27	0.523	0.207	0.405	0.161	NA	0.4151
DMPK	Q09013	T544M	Neutral	NA	NA	NA	NA	NA	NA	0.1382
DMPK	Q09013	R493C	Neutral	NA	NA	NA	NA	NA	NA	0.6895
PRKD2	Q9BZL6	E873K	Neutral	NA	NA	NA	NA	NA	NA	0.5046
PRKD2	Q9BZL6	A835V	Neutral	0.621	0.072	0.307	0.765	0.146	NA	NA
PRKD2	Q9BZL6	P486L	Neutral	NA	NA	NA	NA	NA	NA	0.5466
PRKD2	Q9BZL6	V324M	Neutral	NA	NA	NA	NA	NA	NA	0.1504
PRKD2	Q9BZL6	A191V	Neutral	NA	NA	NA	NA	NA	NA	0.1195
LMTK3	Q96Q04	T1397I	Neutral	NA	NA	NA	NA	NA	NA	NA
LMTK3	Q96Q04	V909A	Neutral	NA	NA	NA	NA	NA	NA	NA
LMTK3	Q96Q04	G748E	Neutral	NA	NA	NA	NA	NA	NA	NA
VRK3	Q8IV63	R370C	Neutral	NA	NA	NA	NA	NA	NA	NA
BRSK1	Q8TDC3	G749S	Neutral	NA	NA	NA	NA	NA	NA	0.081
SBK2	P0C263	G102D	Neutral	0.756	0.06	0.184	0.794	0.096	NA	NA
PRKCZ	Q05513	S148R	Neutral	NA	NA	NA	NA	NA	NA	NA
EPHA2	P29317	Q968H	Neutral	NA	NA	NA	NA	NA	NA	0.3869
EPHA2	P29317	P350T	Neutral	NA	NA	NA	NA	NA	NA	0.6873
EPHA2	P29317	R315Q	Neutral	NA	NA	NA	NA	NA	NA	0.7259
EPHA2	P29317	S277L	Neutral	NA	NA	NA	NA	NA	NA	0.2241
EPHA2	P29317	L41V	Neutral	NA	NA	NA	NA	NA	NA	0.764
PINK1	Q9BXM7	A339T	Neutral	0.897	0.041	0.062	0.607	0.052	NA	0.6445
EPHA8	P29322	N432D	Neutral	NA	NA	NA	NA	NA	NA	0.6883
EPHA8	P29322	Q525R	Neutral	NA	NA	NA	NA	NA	NA	0.2196
EPHA8	P29322	P607H	Neutral	0.475	0.117	0.408	0.817	0.527	NA	0.1469
EPHA8	P29322	R707C	Neutral	0.511	0.23	0.259	0.478	0.128	NA	0.4084
EPHA8	P29322	V826M	Neutral	0.65	0.2	0.15	0.393	0.155	NA	0.8643
EPHA8	P29322	R884H	Neutral	0.757	0.12	0.123	0.618	0.089	NA	0.2567
EPHA8	P29322	V917I	Neutral	0.918	0.024	0.058	0.691	0.027	NA	0.1237
RPS6KA1	Q15418	P11A	Neutral	NA	NA	NA	NA	NA	NA	NA
MAP3K6	O95382	T455I	Neutral	NA	NA	NA	NA	NA	NA	NA
LCK	P06239	R45Q	Neutral	NA	NA	NA	NA	NA	NA	NA
LCK	P06239	G201S	Neutral	NA	NA	NA	NA	NA	NA	NA
EPHA10	Q5JZY3	V1006M	Neutral	NA	NA	NA	NA	NA	NA	0.5097
EPHA10	Q5JZY3	A955T	Neutral	NA	NA	NA	NA	NA	NA	0.0705
EPHA10	Q5JZY3	A642V	Neutral	0.781	0.063	0.157	0.708	0.055	NA	0.236
EPHA10	Q5JZY3	R618H	Neutral	NA	NA	NA	NA	NA	NA	0.2381
EPHA10	Q5JZY3	S574L	Neutral	NA	NA	NA	NA	NA	NA	0.1023
EPHA10	Q5JZY3	A532T	Neutral	NA	NA	NA	NA	NA	NA	0.047
EPHA10	Q5JZY3	C389W	Neutral	NA	NA	NA	NA	NA	NA	0.6587
EPHA10	Q5JZY3	R69C	Neutral	NA	NA	NA	NA	NA	NA	0.7385
TIE1	P35590	V136M	Neutral	NA	NA	NA	NA	NA	NA	NA
TESK2	Q96S53	V32M	Neutral	0.587	0.309	0.104	0.612	0.043	NA	NA
TESK2	Q96S53	R18H	Neutral	NA	NA	NA	NA	NA	NA	NA
MAST2	Q6P0Q8	D20V	Neutral	NA	NA	NA	NA	NA	NA	0.0812
MAST2	Q6P0Q8	P870L	Neutral	NA	NA	NA	NA	NA	NA	0.4632
MAST2	Q6P0Q8	R892Q	Neutral	NA	NA	NA	NA	NA	NA	0.3271
MAST2	Q6P0Q8	R991Q	Neutral	NA	NA	NA	NA	NA	NA	0.0703
MAST2	Q6P0Q8	V1137M	Neutral	NA	NA	NA	NA	NA	NA	0.8355
MAST2	Q6P0Q8	R1335H	Neutral	NA	NA	NA	NA	NA	NA	0.7796
MAST2	Q6P0Q8	A1413G	Neutral	NA	NA	NA	NA	NA	NA	0.1314
MAST2	Q6P0Q8	G1468A	Neutral	NA	NA	NA	NA	NA	NA	0.5557
JAK1	P23458	V651M	Neutral	NA	NA	NA	NA	NA	NA	0.2617
TNNI3K	Q59H18	L171S	Neutral	NA	NA	NA	NA	NA	NA	0.7503
TNNI3K	Q59H18	L259F	Neutral	NA	NA	NA	NA	NA	NA	0.1043
CDC7	O00311	I208M	Neutral	NA	NA	NA	NA	NA	NA	0.3236
NPR1	P16066	R6S	Neutral	NA	NA	NA	NA	NA	NA	NA
NPR1	P16066	M341I	Neutral	NA	NA	NA	NA	NA	NA	NA
NPR1	P16066	R439C	Neutral	NA	NA	NA	NA	NA	NA	NA
CLK2	P49760	R56Q	Neutral	NA	NA	NA	NA	NA	NA	NA
CLK2	P49760	R45H	Neutral	NA	NA	NA	NA	NA	NA	NA
CLK2	P49760	R19S	Neutral	NA	NA	NA	NA	NA	NA	NA
INSRR	P14616	R554C	Neutral	NA	NA	NA	NA	NA	NA	NA
INSRR	P14616	C246R	Neutral	NA	NA	NA	NA	NA	NA	NA
INSRR	P14616	A127E	Neutral	NA	NA	NA	NA	NA	NA	NA
NTRK1	P04629	R6W	Neutral	NA	NA	NA	NA	NA	NA	0.4895
NTRK1	P04629	Q289K	Neutral	NA	NA	NA	NA	NA	NA	0.1061
SCYL3	Q8IZE3	R337Q	Neutral	NA	NA	NA	NA	NA	NA	NA
SCYL3	Q8IZE3	V130A	Neutral	NA	NA	NA	NA	NA	NA	NA
NEK7	Q8TDX7	M8L	Neutral	0.772	0.057	0.171	0.673	0.209	NA	0.1831
DSTYK	Q6XUX3	R739W	Neutral	0.249	0.397	0.353	0.611	0.224	NA	NA
DSTYK	Q6XUX3	L64F	Neutral	NA	NA	NA	NA	NA	NA	NA
MAPKAPK2	P49137	T25A	Neutral	NA	NA	NA	NA	NA	NA	0.0637
MAPKAPK2	P49137	G51V	Neutral	0.841	0.047	0.112	0.5	0.047	NA	0.3224
CAMK1G	Q96NX5	S10G	Neutral	0.808	0.084	0.109	0.596	0.043	NA	NA
CAMK1G	Q96NX5	E259Q	Neutral	0.858	0.046	0.095	0.638	0.12	NA	NA
MARK1	Q9P0L2	A541P	Neutral	NA	NA	NA	NA	NA	NA	0.35
COQ8A	Q8NI60	H80Y	Neutral	NA	NA	NA	NA	NA	NA	NA
COQ8A	Q8NI60	H85Q	Neutral	NA	NA	NA	NA	NA	NA	NA
COQ8A	Q8NI60	G244R	Neutral	NA	NA	NA	NA	NA	NA	NA
OBSCN	Q5VST9	F12Y	Neutral	NA	NA	NA	NA	NA	NA	NA
OBSCN	Q5VST9	D63N	Neutral	NA	NA	NA	NA	NA	NA	NA
OBSCN	Q5VST9	A166T	Neutral	NA	NA	NA	NA	NA	NA	NA
OBSCN	Q5VST9	G243R	Neutral	NA	NA	NA	NA	NA	NA	NA
OBSCN	Q5VST9	R760Q	Neutral	NA	NA	NA	NA	NA	NA	NA
OBSCN	Q5VST9	R781H	Neutral	NA	NA	NA	NA	NA	NA	NA
OBSCN	Q5VST9	V828L	Neutral	NA	NA	NA	NA	NA	NA	NA
OBSCN	Q5VST9	H1158L	Neutral	NA	NA	NA	NA	NA	NA	NA
OBSCN	Q5VST9	E1373K	Neutral	NA	NA	NA	NA	NA	NA	NA
MAP3K21	Q5TCX8	R4P	Neutral	NA	NA	NA	NA	NA	NA	NA
MAP3K21	Q5TCX8	E54D	Neutral	NA	NA	NA	NA	NA	NA	NA
TRIB3	Q96RU7	R29C	Neutral	NA	NA	NA	NA	NA	NA	NA
TRIB3	Q96RU7	V107M	Neutral	NA	NA	NA	NA	NA	NA	NA
TRIB3	Q96RU7	S146N	Neutral	NA	NA	NA	NA	NA	NA	NA
TRIB3	Q96RU7	R181C	Neutral	0.072	0.535	0.394	0.482	0.471	NA	NA
TRIB3	Q96RU7	G276R	Neutral	0.171	0.185	0.645	0.688	0.387	NA	NA
STK35	Q8TDR2	R69G	Neutral	NA	NA	NA	NA	NA	NA	0.133
STK35	Q8TDR2	G85A	Neutral	NA	NA	NA	NA	NA	NA	0.0499
PAK5	Q9P286	D665N	Neutral	0.898	0.022	0.08	0.812	0.037	NA	NA
PAK5	Q9P286	S511N	Neutral	0.86	0.074	0.066	0.667	0.025	NA	NA
PAK5	Q9P286	R335P	Neutral	NA	NA	NA	NA	NA	NA	NA
PAK5	Q9P286	G118D	Neutral	NA	NA	NA	NA	NA	NA	NA
MYLK2	Q9H1R3	G89D	Neutral	NA	NA	NA	NA	NA	NA	NA
MYLK2	Q9H1R3	P144A	Neutral	NA	NA	NA	NA	NA	NA	NA
SGK2	Q9HBY8	H289Y	Neutral	0.202	0.46	0.338	0.378	0.408	NA	NA
STK4	Q13043	T353A	Neutral	NA	NA	NA	NA	NA	NA	0.2506
TP53RK	Q96S44	T8M	Neutral	NA	NA	NA	NA	NA	NA	NA
SRMS	Q9H3Y6	V222M	Neutral	0.859	0.045	0.096	0.52	0.047	NA	0.098
SRMS	Q9H3Y6	G75R	Neutral	NA	NA	NA	NA	NA	NA	0.6418
HUNK	P57058	R427Q	Neutral	NA	NA	NA	NA	NA	NA	NA
HUNK	P57058	M648T	Neutral	NA	NA	NA	NA	NA	NA	NA
DYRK1A	Q13627	T356A	Neutral	0.098	0.561	0.341	0.394	0.343	NA	0.7096
RIPK4	P57078	G3S	Neutral	0.893	0.039	0.068	0.708	0.064	NA	0.0559
SIK1	P57059	G735D	Neutral	NA	NA	NA	NA	NA	NA	0.0629
SIK1	P57059	P358A	Neutral	NA	NA	NA	NA	NA	NA	0.3166
CSNK1E	P49674	S408N	Neutral	NA	NA	NA	NA	NA	NA	0.1653
PIM3	Q86V86	P313S	Neutral	0.843	0.03	0.126	0.756	0.083	NA	NA
MAPK12	P53778	R355Q	Neutral	NA	NA	NA	NA	NA	NA	0.3883
MAPK12	P53778	T244M	Neutral	0.45	0.307	0.243	0.4	0.169	NA	0.437
MAPK12	P53778	T103M	Neutral	0.876	0.057	0.067	0.514	0.094	NA	0.27
ROCK2	O75116	I41V	Neutral	NA	NA	NA	NA	NA	NA	NA
ALK	Q9UM73	T680I	Neutral	NA	NA	NA	NA	NA	NA	0.2984
PRKD3	O94806	R297H	Neutral	NA	NA	NA	NA	NA	NA	NA
PRKD3	O94806	K289R	Neutral	NA	NA	NA	NA	NA	NA	NA
CDKL4	Q5MAI5	F228C	Neutral	0.448	0.235	0.317	0.647	0.3	NA	0.3159
CDKL4	Q5MAI5	R53H	Neutral	0.75	0.096	0.154	0.58	0.192	NA	0.0942
MAP4K3	Q8IVH8	I532V	Neutral	NA	NA	NA	NA	NA	NA	0.2889
MAP4K3	Q8IVH8	V200L	Neutral	0.69	0.104	0.206	0.516	0.076	NA	0.1827
PKDCC	Q504Y2	P102A	Neutral	NA	NA	NA	NA	NA	NA	NA
PKDCC	Q504Y2	S109P	Neutral	NA	NA	NA	NA	NA	NA	NA
PKDCC	Q504Y2	A237T	Neutral	0.892	0.039	0.069	0.684	0.096	NA	NA
PKDCC	Q504Y2	R300H	Neutral	0.598	0.167	0.235	0.688	0.049	NA	NA
PRKCE	Q02156	R510Q	Neutral	0.572	0.178	0.249	0.597	0.068	NA	0.3709
VRK2	Q86Y07	I35T	Neutral	0.139	0.508	0.354	0.502	0.906	NA	0.8652
VRK2	Q86Y07	G113E	Neutral	0.622	0.085	0.293	0.805	0.106	NA	0.3689
EIF2AK3	Q9NZJ5	E672K	Neutral	NA	NA	NA	NA	NA	NA	NA
EIF2AK3	Q9NZJ5	D566V	Neutral	0.204	0.196	0.6	0.708	0.504	NA	NA
EIF2AK3	Q9NZJ5	A52T	Neutral	NA	NA	NA	NA	NA	NA	NA
ZAP70	P43403	T155M	Neutral	NA	NA	NA	NA	NA	NA	0.6498
BUB1	O43683	A226V	Neutral	NA	NA	NA	NA	NA	NA	0.3698
MERTK	Q12866	R20S	Neutral	NA	NA	NA	NA	NA	NA	0.085
MERTK	Q12866	A282T	Neutral	NA	NA	NA	NA	NA	NA	0.3003
MERTK	Q12866	E823Q	Neutral	0.894	0.038	0.069	0.628	0.063	NA	0.2752
MAP3K2	Q9Y2U5	D140G	Neutral	NA	NA	NA	NA	NA	NA	NA
MAP3K19	Q56UN5	I1086T	Neutral	0.392	0.328	0.28	0.466	0.387	NA	NA
MAP3K19	Q56UN5	R583C	Neutral	NA	NA	NA	NA	NA	NA	NA
STK39	Q9UEW8	A399T	Neutral	NA	NA	NA	NA	NA	NA	NA
MYO3B	Q8WXR4	G139R	Neutral	0.871	0.032	0.098	0.711	0.109	NA	0.598
MYO3B	Q8WXR4	D678E	Neutral	NA	NA	NA	NA	NA	NA	0.5066
MYO3B	Q8WXR4	R990C	Neutral	NA	NA	NA	NA	NA	NA	0.4731
MAP3K20	Q9NYL2	T267M	Neutral	0.851	0.046	0.103	0.644	0.046	NA	0.1917
MAP3K20	Q9NYL2	S531L	Neutral	NA	NA	NA	NA	NA	NA	0.066
MAP3K20	Q9NYL2	Q547L	Neutral	NA	NA	NA	NA	NA	NA	0.4046
MAP3K20	Q9NYL2	R580W	Neutral	NA	NA	NA	NA	NA	NA	0.2511
MAP3K20	Q9NYL2	Y773H	Neutral	NA	NA	NA	NA	NA	NA	0.05
MAP3K20	Q9NYL2	K784T	Neutral	NA	NA	NA	NA	NA	NA	0.2639
ERBB4	Q15303	H374Q	Neutral	NA	NA	NA	NA	NA	NA	0.3172
STK36	Q9NRP7	D415E	Neutral	NA	NA	NA	NA	NA	NA	NA
STK36	Q9NRP7	Q638P	Neutral	NA	NA	NA	NA	NA	NA	NA
STK36	Q9NRP7	Q696P	Neutral	NA	NA	NA	NA	NA	NA	NA
STK36	Q9NRP7	L790V	Neutral	NA	NA	NA	NA	NA	NA	NA
STK36	Q9NRP7	R839Q	Neutral	NA	NA	NA	NA	NA	NA	NA
STK36	Q9NRP7	C1231G	Neutral	NA	NA	NA	NA	NA	NA	NA
STK36	Q9NRP7	S1280P	Neutral	NA	NA	NA	NA	NA	NA	NA
SPEG	Q15772	R207H	Neutral	NA	NA	NA	NA	NA	NA	NA
SPEG	Q15772	E497V	Neutral	NA	NA	NA	NA	NA	NA	NA
SPEG	Q15772	R966Q	Neutral	NA	NA	NA	NA	NA	NA	NA
SPEG	Q15772	R1055Q	Neutral	NA	NA	NA	NA	NA	NA	NA
SPEG	Q15772	P1103L	Neutral	NA	NA	NA	NA	NA	NA	NA
SPEG	Q15772	D1310N	Neutral	NA	NA	NA	NA	NA	NA	NA
SPEG	Q15772	Q1323H	Neutral	NA	NA	NA	NA	NA	NA	NA
SPEG	Q15772	R1340Q	Neutral	NA	NA	NA	NA	NA	NA	NA
PASK	Q96RG2	R1319H	Neutral	NA	NA	NA	NA	NA	NA	0.0711
PASK	Q96RG2	F1266C	Neutral	0.911	0.032	0.057	0.77	0.054	NA	0.0307
PASK	Q96RG2	T1195M	Neutral	0.523	0.256	0.221	0.394	0.114	NA	0.2951
PASK	Q96RG2	L1051V	Neutral	0.552	0.222	0.226	0.544	0.395	NA	0.2482
PASK	Q96RG2	Y899H	Neutral	NA	NA	NA	NA	NA	NA	0.0904
PASK	Q96RG2	T850M	Neutral	NA	NA	NA	NA	NA	NA	0.059
PASK	Q96RG2	G782R	Neutral	NA	NA	NA	NA	NA	NA	0.1074
PASK	Q96RG2	T763M	Neutral	NA	NA	NA	NA	NA	NA	0.0851
PASK	Q96RG2	R455W	Neutral	NA	NA	NA	NA	NA	NA	0.1203
PASK	Q96RG2	T136A	Neutral	NA	NA	NA	NA	NA	NA	0.6916
CAMK1	Q14012	G3E	Neutral	0.715	0.063	0.222	0.854	0.063	NA	0.2244
IRAK2	O43187	V203M	Neutral	NA	NA	NA	NA	NA	NA	0.1997
IRAK2	O43187	R214G	Neutral	0.834	0.046	0.121	0.698	0.025	NA	0.4195
IRAK2	O43187	L329V	Neutral	0.667	0.178	0.154	0.328	0.109	NA	0.1564
IRAK2	O43187	T508M	Neutral	NA	NA	NA	NA	NA	NA	0.1349
NEK10	Q6ZWH5	I354V	Neutral	NA	NA	NA	NA	NA	NA	0.0875
NEK10	Q6ZWH5	N401S	Neutral	NA	NA	NA	NA	NA	NA	0.3
NEK10	Q6ZWH5	R365Q	Neutral	NA	NA	NA	NA	NA	NA	0.2596
TGFBR2	P37173	V387M	Neutral	0.401	0.309	0.289	0.559	0.19	NA	0.6127
TGFBR2	P37173	S553T	Neutral	0.695	0.101	0.204	0.645	0.119	NA	0.3272
DCLK3	Q9C098	A189E	Neutral	NA	NA	NA	NA	NA	NA	0.1781
ULK4	Q96C45	V1126A	Neutral	NA	NA	NA	NA	NA	NA	0.1739
ULK4	Q96C45	V963M	Neutral	NA	NA	NA	NA	NA	NA	0.0722
ULK4	Q96C45	V851I	Neutral	NA	NA	NA	NA	NA	NA	0.0862
ULK4	Q96C45	L844M	Neutral	NA	NA	NA	NA	NA	NA	0.0245
ULK4	Q96C45	N796S	Neutral	NA	NA	NA	NA	NA	NA	0.0783
ULK4	Q96C45	V686I	Neutral	NA	NA	NA	NA	NA	NA	0.1594
ULK4	Q96C45	L570F	Neutral	NA	NA	NA	NA	NA	NA	0.2975
ULK4	Q96C45	P391S	Neutral	NA	NA	NA	NA	NA	NA	0.2387
ULK4	Q96C45	S348G	Neutral	NA	NA	NA	NA	NA	NA	0.3934
SNRK	Q9NRH2	G703S	Neutral	NA	NA	NA	NA	NA	NA	0.0806
MST1R	Q04912	G1385V	Neutral	NA	NA	NA	NA	NA	NA	0.2231
MST1R	Q04912	T957M	Neutral	NA	NA	NA	NA	NA	NA	0.1455
MST1R	Q04912	R910Q	Neutral	NA	NA	NA	NA	NA	NA	0.1537
MST1R	Q04912	N778T	Neutral	NA	NA	NA	NA	NA	NA	0.063
MAPKAPK3	Q16644	R65L	Neutral	0.432	0.262	0.306	0.583	0.127	NA	0.0969
PXK	Q7Z7A4	N474I	Neutral	NA	NA	NA	NA	NA	NA	NA
EPHA3	P29320	A777G	Neutral	0.592	0.169	0.239	0.613	0.215	NA	NA
EPHA3	P29320	R914H	Neutral	NA	NA	NA	NA	NA	NA	NA
MYLK	Q15746	P336L	Neutral	NA	NA	NA	NA	NA	NA	0.2611
KALRN	O60229	A424S	Neutral	NA	NA	NA	NA	NA	NA	0.4701
KALRN	O60229	S724L	Neutral	NA	NA	NA	NA	NA	NA	0.3243
KALRN	O60229	S727T	Neutral	NA	NA	NA	NA	NA	NA	0.6664
KALRN	O60229	S196L	Neutral	NA	NA	NA	NA	NA	NA	0.7564
PIK3R4	Q99570	A471S	Neutral	NA	NA	NA	NA	NA	NA	NA
PIK3R4	Q99570	V448I	Neutral	NA	NA	NA	NA	NA	NA	NA
EPHB1	P54762	V562I	Neutral	NA	NA	NA	NA	NA	NA	0.3627
EPHB1	P54762	T981M	Neutral	NA	NA	NA	NA	NA	NA	0.3965
GRK7	Q8WTQ7	R81H	Neutral	NA	NA	NA	NA	NA	NA	0.0496
GRK7	Q8WTQ7	S127T	Neutral	NA	NA	NA	NA	NA	NA	0.1707
GRK7	Q8WTQ7	D402N	Neutral	0.894	0.041	0.065	0.644	0.056	NA	0.2617
GRK7	Q8WTQ7	E443G	Neutral	0.863	0.044	0.093	0.703	0.077	NA	0.2617
GRK7	Q8WTQ7	P460T	Neutral	0.949	0.015	0.036	0.76	0.042	NA	0.2617
EPHB3	P54753	S11P	Neutral	NA	NA	NA	NA	NA	NA	0.112
EPHB3	P54753	L16R	Neutral	NA	NA	NA	NA	NA	NA	0.1304
MAP3K13	O43283	G35E	Neutral	NA	NA	NA	NA	NA	NA	0.4865
MAP3K13	O43283	E44K	Neutral	NA	NA	NA	NA	NA	NA	0.0969
MAP3K13	O43283	V60M	Neutral	NA	NA	NA	NA	NA	NA	0.2111
MAP3K13	O43283	E712K	Neutral	NA	NA	NA	NA	NA	NA	0.0977
TNK2	Q07912	S985N	Neutral	NA	NA	NA	NA	NA	NA	0.0833
TNK2	Q07912	V890M	Neutral	NA	NA	NA	NA	NA	NA	0.0976
TNK2	Q07912	R877H	Neutral	NA	NA	NA	NA	NA	NA	0.0952
TNK2	Q07912	P674S	Neutral	NA	NA	NA	NA	NA	NA	0.2152
TNK2	Q07912	S522I	Neutral	NA	NA	NA	NA	NA	NA	0.2499
TNK2	Q07912	L510V	Neutral	NA	NA	NA	NA	NA	NA	0.318
TNK2	Q07912	P507S	Neutral	NA	NA	NA	NA	NA	NA	0.0586
GAK	O14976	R1123Q	Neutral	NA	NA	NA	NA	NA	NA	NA
GAK	O14976	T1051M	Neutral	NA	NA	NA	NA	NA	NA	NA
GAK	O14976	P898L	Neutral	NA	NA	NA	NA	NA	NA	NA
GAK	O14976	E816K	Neutral	NA	NA	NA	NA	NA	NA	NA
GAK	O14976	H281Y	Neutral	0.788	0.083	0.129	0.764	0.079	NA	NA
GRK4	P32298	L425P	Neutral	0.093	0.475	0.432	0.443	0.74	NA	NA
TXK	P42681	R63C	Neutral	NA	NA	NA	NA	NA	NA	0.3048
PDGFRA	P16234	L221F	Neutral	NA	NA	NA	NA	NA	NA	0.2245
PDGFRA	P16234	R340Q	Neutral	NA	NA	NA	NA	NA	NA	0.0133
KIT	P10721	V399I	Neutral	NA	NA	NA	NA	NA	NA	0.275
KIT	P10721	M541L	Neutral	NA	NA	NA	NA	NA	NA	0.225
KDR	P35968	G539R	Neutral	NA	NA	NA	NA	NA	NA	0.1483
KDR	P35968	L462V	Neutral	NA	NA	NA	NA	NA	NA	0.3595
CDKL2	Q92772	D273N	Neutral	0.91	0.036	0.054	0.542	0.05	NA	NA
BMP2K	Q9NSY1	A58D	Neutral	0.152	0.172	0.676	0.848	0.724	NA	NA
PRKG2	Q13237	M180I	Neutral	NA	NA	NA	NA	NA	NA	NA
BMPR1B	O00238	R149W	Neutral	NA	NA	NA	NA	NA	NA	0.4639
TBCK	Q8TEA7	D377V	Neutral	NA	NA	NA	NA	NA	NA	0.2967
TBCK	Q8TEA7	V325A	Neutral	NA	NA	NA	NA	NA	NA	0.1881
TBCK	Q8TEA7	D145N	Neutral	0.792	0.039	0.169	0.9	0.339	NA	0.1626
ALPK1	Q96QP1	T458A	Neutral	NA	NA	NA	NA	NA	NA	NA
ALPK1	Q96QP1	S504N	Neutral	NA	NA	NA	NA	NA	NA	NA
ALPK1	Q96QP1	M523I	Neutral	NA	NA	NA	NA	NA	NA	NA
ALPK1	Q96QP1	S710F	Neutral	NA	NA	NA	NA	NA	NA	NA
ALPK1	Q96QP1	G870S	Neutral	NA	NA	NA	NA	NA	NA	NA
ALPK1	Q96QP1	L1117P	Neutral	NA	NA	NA	NA	NA	NA	NA
PLK4	O00444	G6E	Neutral	0.627	0.105	0.268	0.674	0.124	NA	0.1973
PLK4	O00444	P317L	Neutral	NA	NA	NA	NA	NA	NA	0.1631
DCLK2	Q8N568	I374L	Neutral	0.752	0.054	0.194	0.734	0.102	NA	NA
DCLK2	Q8N568	N692H	Neutral	NA	NA	NA	NA	NA	NA	NA
NEK1	Q96PY6	A341T	Neutral	NA	NA	NA	NA	NA	NA	NA
NEK1	Q96PY6	R261H	Neutral	0.394	0.123	0.483	0.864	0.211	NA	NA
NIM1K	Q8IY84	D23N	Neutral	NA	NA	NA	NA	NA	NA	0.1993
NIM1K	Q8IY84	M320I	Neutral	0.784	0.061	0.155	0.584	0.171	NA	0.3129
MAP3K1	Q13233	G102R	Neutral	NA	NA	NA	NA	NA	NA	NA
MAP3K1	Q13233	N255S	Neutral	NA	NA	NA	NA	NA	NA	NA
MAP3K1	Q13233	G616R	Neutral	NA	NA	NA	NA	NA	NA	NA
MAP3K1	Q13233	S939C	Neutral	NA	NA	NA	NA	NA	NA	NA
PLK2	Q9NYY3	H60D	Neutral	0.608	0.06	0.332	0.909	0.053	NA	NA
RIOK2	Q9BVS4	S96C	Neutral	NA	NA	NA	NA	NA	NA	NA
FER	P16591	V128F	Neutral	NA	NA	NA	NA	NA	NA	0.6686
FER	P16591	M412V	Neutral	NA	NA	NA	NA	NA	NA	0.0995
FER	P16591	S738T	Neutral	0.789	0.066	0.145	0.722	0.082	NA	0.2996
CAMK4	Q16566	A413V	Neutral	NA	NA	NA	NA	NA	NA	0.2813
TSSK1B	Q9BXA7	S336C	Neutral	NA	NA	NA	NA	NA	NA	0.6459
TSSK1B	Q9BXA7	V233L	Neutral	0.836	0.059	0.106	0.739	0.097	NA	0.1787
CDKL3	Q8IVW4	R478G	Neutral	NA	NA	NA	NA	NA	NA	NA
CDKL3	Q8IVW4	M394T	Neutral	NA	NA	NA	NA	NA	NA	NA
CDKL3	Q8IVW4	V332I	Neutral	NA	NA	NA	NA	NA	NA	NA
CSF1R	P07333	E920D	Neutral	0.782	0.073	0.146	0.57	0.135	NA	0.2035
CSF1R	P07333	G747R	Neutral	0.891	0.026	0.083	0.782	0.047	NA	0.2617
CSF1R	P07333	H362R	Neutral	NA	NA	NA	NA	NA	NA	0.2617
CSF1R	P07333	A245S	Neutral	NA	NA	NA	NA	NA	NA	0.2617
PDGFRB	P09619	A1096V	Neutral	NA	NA	NA	NA	NA	NA	0.0675
PDGFRB	P09619	R502Q	Neutral	NA	NA	NA	NA	NA	NA	0.031
PDGFRB	P09619	R502W	Neutral	NA	NA	NA	NA	NA	NA	0.5618
PDGFRB	P09619	T464M	Neutral	NA	NA	NA	NA	NA	NA	0.2779
PDGFRB	P09619	R459H	Neutral	NA	NA	NA	NA	NA	NA	0.1121
PDGFRB	P09619	V316M	Neutral	NA	NA	NA	NA	NA	NA	0.2896
PDGFRB	P09619	I194T	Neutral	NA	NA	NA	NA	NA	NA	0.6976
ITK	Q08881	T504S	Neutral	0.682	0.089	0.229	0.818	0.318	NA	0.063
STK10	O94804	N603T	Neutral	NA	NA	NA	NA	NA	NA	0.1172
STK10	O94804	P394A	Neutral	NA	NA	NA	NA	NA	NA	0.2308
FGFR4	P22455	V10I	Neutral	NA	NA	NA	NA	NA	NA	0.1574
GRK6	P43250	A258T	Neutral	0.571	0.178	0.251	0.573	0.139	NA	NA
GRK6	P43250	V334M	Neutral	0.468	0.201	0.331	0.638	0.158	NA	NA
CLK4	Q9HAZ1	I363V	Neutral	0.608	0.161	0.231	0.499	0.202	NA	0.2219
CLK4	Q9HAZ1	R24C	Neutral	NA	NA	NA	NA	NA	NA	0.1789
FLT4	P35916	R1324L	Neutral	NA	NA	NA	NA	NA	NA	0.0475
FLT4	P35916	R1321Q	Neutral	NA	NA	NA	NA	NA	NA	0.0861
FLT4	P35916	R1320Q	Neutral	NA	NA	NA	NA	NA	NA	0.0697
FLT4	P35916	G1303A	Neutral	NA	NA	NA	NA	NA	NA	0.1269
FLT4	P35916	P954S	Neutral	0.924	0.023	0.053	0.673	0.053	NA	0.5834
MYLK4	Q86YV6	Q373R	Neutral	0.861	0.038	0.101	0.685	0.08	NA	0.1134
PRPF4B	Q13523	R286H	Neutral	NA	NA	NA	NA	NA	NA	NA
MAK	P20794	I547T	Neutral	NA	NA	NA	NA	NA	NA	0.1824
DDR1	Q08345	I365F	Neutral	NA	NA	NA	NA	NA	NA	0.4951
DDR1	Q08345	N502S	Neutral	NA	NA	NA	NA	NA	NA	0.3633
MAPK14	Q16539	D343G	Neutral	NA	NA	NA	NA	NA	NA	0.3961
MAPK13	O15264	S41L	Neutral	0.465	0.128	0.407	0.837	0.196	NA	0.2515
MAPK13	O15264	R360Q	Neutral	NA	NA	NA	NA	NA	NA	0.1298
PIM1	P11309	E124Q	Neutral	0.761	0.098	0.141	0.532	0.298	NA	0.4349
PIM1	P11309	P311T	Neutral	0.748	0.106	0.146	0.67	0.225	NA	0.9373
PTK7	Q13308	M746L	Neutral	NA	NA	NA	NA	NA	NA	0.1761
TTBK1	Q5TCY1	G623A	Neutral	NA	NA	NA	NA	NA	NA	NA
TTBK1	Q5TCY1	D694N	Neutral	NA	NA	NA	NA	NA	NA	NA
TTBK1	Q5TCY1	E744D	Neutral	NA	NA	NA	NA	NA	NA	NA
TTBK1	Q5TCY1	E760A	Neutral	NA	NA	NA	NA	NA	NA	NA
TTBK1	Q5TCY1	R1044C	Neutral	NA	NA	NA	NA	NA	NA	NA
TTBK1	Q5TCY1	P1233A	Neutral	NA	NA	NA	NA	NA	NA	NA
TTBK1	Q5TCY1	P1262R	Neutral	NA	NA	NA	NA	NA	NA	NA
CILK1	Q9UPZ9	V320I	Neutral	NA	NA	NA	NA	NA	NA	0.2369
TTK	P33981	R185W	Neutral	NA	NA	NA	NA	NA	NA	0.4428
TTK	P33981	D250G	Neutral	NA	NA	NA	NA	NA	NA	0.0951
EPHA7	Q15375	Q675P	Neutral	0.305	0.45	0.245	0.353	0.443	NA	NA
EPHA7	Q15375	A245T	Neutral	NA	NA	NA	NA	NA	NA	NA
FRK	P42685	I100V	Neutral	NA	NA	NA	NA	NA	NA	0.3487
ROS1	P08922	N2234K	Neutral	0.919	0.028	0.054	0.762	0.048	NA	0.2837
ROS1	P08922	S648F	Neutral	NA	NA	NA	NA	NA	NA	0.0996
MAP3K5	Q99683	I1214T	Neutral	NA	NA	NA	NA	NA	NA	0.0874
MAP3K5	Q99683	F16L	Neutral	NA	NA	NA	NA	NA	NA	0.0472
LATS1	O95835	P531S	Neutral	NA	NA	NA	NA	NA	NA	0.144
LATS1	O95835	P266A	Neutral	NA	NA	NA	NA	NA	NA	0.1726
MAP3K4	Q9Y6R4	V335I	Neutral	NA	NA	NA	NA	NA	NA	0.1309
MAP3K4	Q9Y6R4	Q584H	Neutral	NA	NA	NA	NA	NA	NA	0.1902
MAP3K4	Q9Y6R4	N1003K	Neutral	NA	NA	NA	NA	NA	NA	0.0852
RPS6KA2	Q15349	H371Y	Neutral	NA	NA	NA	NA	NA	NA	NA
EIF2AK1	Q9BQI3	W392R	Neutral	NA	NA	NA	NA	NA	NA	0.1977
STK31	Q9BXU1	G387E	Neutral	NA	NA	NA	NA	NA	NA	NA
CDK13	Q14004	P356A	Neutral	NA	NA	NA	NA	NA	NA	NA
CDK13	Q14004	T727I	Neutral	0.183	0.551	0.266	0.308	0.347	NA	NA
STK17A	Q9UEE5	G29R	Neutral	NA	NA	NA	NA	NA	NA	NA
PHKG1	Q16816	A47T	Neutral	0.404	0.474	0.122	0.262	0.1	NA	NA
CDK6	Q00534	S317C	Neutral	0.887	0.049	0.064	0.623	0.076	NA	0.5269
PDK4	Q16654	N187S	Neutral	NA	NA	NA	NA	NA	NA	NA
PDK4	Q16654	M134V	Neutral	NA	NA	NA	NA	NA	NA	NA
LMTK2	Q8IWU2	L780M	Neutral	NA	NA	NA	NA	NA	NA	NA
LMTK2	Q8IWU2	S910I	Neutral	NA	NA	NA	NA	NA	NA	NA
LMTK2	Q8IWU2	S977R	Neutral	NA	NA	NA	NA	NA	NA	NA
EPHB4	P54760	P231S	Neutral	NA	NA	NA	NA	NA	NA	0.0982
ADCK2	Q7Z695	L42F	Neutral	NA	NA	NA	NA	NA	NA	NA
ADCK2	Q7Z695	R67Q	Neutral	NA	NA	NA	NA	NA	NA	NA
ADCK2	Q7Z695	A137V	Neutral	NA	NA	NA	NA	NA	NA	NA
EPHA1	P21709	R966H	Neutral	NA	NA	NA	NA	NA	NA	0.6711
EPHA1	P21709	R471Q	Neutral	NA	NA	NA	NA	NA	NA	0.1644
EPHA1	P21709	R24H	Neutral	NA	NA	NA	NA	NA	NA	0.0412
FASTK	Q14296	A436V	Neutral	NA	NA	NA	NA	NA	NA	NA
FASTK	Q14296	H222Q	Neutral	NA	NA	NA	NA	NA	NA	NA
FASTK	Q14296	V58I	Neutral	NA	NA	NA	NA	NA	NA	NA
PRAG1	Q86YV5	R1274G	Neutral	NA	NA	NA	NA	NA	NA	NA
PRAG1	Q86YV5	A1113T	Neutral	NA	NA	NA	NA	NA	NA	NA
PRAG1	Q86YV5	V1041M	Neutral	NA	NA	NA	NA	NA	NA	NA
PRAG1	Q86YV5	H851R	Neutral	NA	NA	NA	NA	NA	NA	NA
PRAG1	Q86YV5	S578C	Neutral	NA	NA	NA	NA	NA	NA	NA
PRAG1	Q86YV5	P569L	Neutral	NA	NA	NA	NA	NA	NA	NA
PRAG1	Q86YV5	R404Q	Neutral	NA	NA	NA	NA	NA	NA	NA
PRAG1	Q86YV5	D339N	Neutral	NA	NA	NA	NA	NA	NA	NA
PRAG1	Q86YV5	S313R	Neutral	NA	NA	NA	NA	NA	NA	NA
PRAG1	Q86YV5	R303W	Neutral	NA	NA	NA	NA	NA	NA	NA
PRAG1	Q86YV5	S243L	Neutral	NA	NA	NA	NA	NA	NA	NA
PRAG1	Q86YV5	R208C	Neutral	NA	NA	NA	NA	NA	NA	NA
PRAG1	Q86YV5	V139I	Neutral	NA	NA	NA	NA	NA	NA	NA
PRAG1	Q86YV5	R137G	Neutral	NA	NA	NA	NA	NA	NA	NA
BLK	P51451	P39L	Neutral	NA	NA	NA	NA	NA	NA	NA
BLK	P51451	R238Q	Neutral	0.172	0.209	0.619	0.715	0.185	NA	NA
BLK	P51451	K325T	Neutral	0.271	0.143	0.587	0.833	0.197	NA	NA
BLK	P51451	R359C	Neutral	0.064	0.46	0.476	0.736	0.298	NA	NA
BLK	P51451	R450H	Neutral	0.659	0.03	0.311	0.893	0.021	NA	NA
PTK2B	Q14289	T264N	Neutral	NA	NA	NA	NA	NA	NA	0.3377
PTK2B	Q14289	G414V	Neutral	0.243	0.232	0.525	0.623	0.305	NA	0.5542
PTK2B	Q14289	A864V	Neutral	NA	NA	NA	NA	NA	NA	0.238
PBK	Q96KB5	K87M	Neutral	0.247	0.356	0.397	0.441	0.39	NA	0.3457
PRKDC	P78527	V1337I	Neutral	NA	NA	NA	NA	NA	NA	NA
PRKDC	P78527	P695S	Neutral	NA	NA	NA	NA	NA	NA	NA
MOS	P00540	A105S	Neutral	0.862	0.063	0.074	0.598	0.163	NA	NA
SGK3	Q96BR1	I446S	Neutral	0.428	0.241	0.331	0.715	0.321	NA	0.1666
STK3	Q13188	S40N	Neutral	0.627	0.225	0.149	0.632	0.564	NA	0.2201
MAPK15	Q8TD08	G36S	Neutral	0.193	0.216	0.591	0.697	0.543	NA	0.3444
MAPK15	Q8TD08	T264M	Neutral	0.786	0.087	0.126	0.556	0.063	NA	0.2257
MAPK15	Q8TD08	P358L	Neutral	NA	NA	NA	NA	NA	NA	0.1247
MAPK15	Q8TD08	A373P	Neutral	NA	NA	NA	NA	NA	NA	0.0725
MAPK15	Q8TD08	G385D	Neutral	NA	NA	NA	NA	NA	NA	0.0701
MAPK15	Q8TD08	L424P	Neutral	NA	NA	NA	NA	NA	NA	0.0433
MAPK15	Q8TD08	G425E	Neutral	NA	NA	NA	NA	NA	NA	0.1972
MAPK15	Q8TD08	R470Q	Neutral	NA	NA	NA	NA	NA	NA	0.2201
ADCK5	Q3MIX3	V568L	Neutral	NA	NA	NA	NA	NA	NA	NA
JAK2	O60674	N1108S	Neutral	0.908	0.026	0.065	0.716	0.053	NA	0.2611
TEK	Q02763	L634F	Neutral	NA	NA	NA	NA	NA	0.001	0.4045
MELK	Q14680	K26R	Neutral	0.826	0.075	0.099	0.69	0.067	NA	0.3753
TRPM6	Q9BX84	T1724I	Neutral	NA	NA	NA	NA	NA	NA	NA
TRPM6	Q9BX84	V926I	Neutral	NA	NA	NA	NA	NA	NA	NA
TRPM6	Q9BX84	Q773H	Neutral	NA	NA	NA	NA	NA	NA	NA
TRPM6	Q9BX84	H547Y	Neutral	NA	NA	NA	NA	NA	NA	NA
TRPM6	Q9BX84	G171R	Neutral	NA	NA	NA	NA	NA	NA	NA
NTRK2	Q16620	S167Y	Neutral	NA	NA	NA	NA	NA	NA	0.3929
NTRK2	Q16620	P204H	Neutral	NA	NA	NA	NA	NA	NA	0.3048
DAPK1	P53355	V658L	Neutral	NA	NA	NA	NA	NA	NA	0.6104
CDK20	Q8IZL9	R179C	Neutral	0.406	0.258	0.336	0.484	0.144	NA	0.2574
ROR2	Q01974	P799S	Neutral	NA	NA	NA	NA	NA	NA	0.5403
ROR2	Q01974	S762L	Neutral	0.251	0.433	0.317	0.585	0.352	NA	0.4971
ROR2	Q01974	P548S	Neutral	0.3	0.311	0.389	0.504	0.478	NA	0.8526
WNK2	Q9Y3S1	G585E	Neutral	NA	NA	NA	NA	NA	NA	NA
WNK2	Q9Y3S1	H758N	Neutral	NA	NA	NA	NA	NA	NA	NA
WNK2	Q9Y3S1	P849T	Neutral	NA	NA	NA	NA	NA	NA	NA
WNK2	Q9Y3S1	P865S	Neutral	NA	NA	NA	NA	NA	NA	NA
WNK2	Q9Y3S1	G908A	Neutral	NA	NA	NA	NA	NA	NA	NA
WNK2	Q9Y3S1	Q1112H	Neutral	NA	NA	NA	NA	NA	NA	NA
WNK2	Q9Y3S1	Q1379K	Neutral	NA	NA	NA	NA	NA	NA	NA
WNK2	Q9Y3S1	S1392L	Neutral	NA	NA	NA	NA	NA	NA	NA
WNK2	Q9Y3S1	A1439V	Neutral	NA	NA	NA	NA	NA	NA	NA
WNK2	Q9Y3S1	D1638E	Neutral	NA	NA	NA	NA	NA	NA	NA
WNK2	Q9Y3S1	R1886W	Neutral	NA	NA	NA	NA	NA	NA	NA
WNK2	Q9Y3S1	V2144I	Neutral	NA	NA	NA	NA	NA	NA	NA
MUSK	O15146	G107E	Neutral	NA	NA	NA	NA	NA	NA	0.1426
MUSK	O15146	I133T	Neutral	NA	NA	NA	NA	NA	NA	0.2559
NEK6	Q9HC98	N16K	Neutral	0.71	0.175	0.115	0.508	0.109	NA	0.147
PKN3	Q6P5Z2	A180E	Neutral	NA	NA	NA	NA	NA	NA	0.2483
PKN3	Q6P5Z2	E351K	Neutral	NA	NA	NA	NA	NA	NA	0.0771
PKN3	Q6P5Z2	G450S	Neutral	NA	NA	NA	NA	NA	NA	0.1403
PKN3	Q6P5Z2	P553T	Neutral	0.909	0.04	0.051	0.555	0.126	NA	0.1541
ABL1	P00519	G706S	Neutral	NA	NA	NA	NA	NA	NA	0.0768
STKLD1	Q8NE28	I119T	Neutral	0.376	0.239	0.386	0.733	0.153	NA	NA
STKLD1	Q8NE28	Q313H	Neutral	NA	NA	NA	NA	NA	NA	NA
BMX	P51813	A214V	Neutral	NA	NA	NA	NA	NA	NA	0.3434
BMX	P51813	S284L	Neutral	NA	NA	NA	NA	NA	NA	0.3057
BMX	P51813	E422A	Neutral	0.261	0.463	0.275	0.349	0.409	NA	0.7559
MAP3K15	Q6ZN16	N1029H	Neutral	NA	NA	NA	NA	NA	NA	0.2177
MAP3K15	Q6ZN16	G786R	Neutral	0.244	0.528	0.228	0.261	0.358	NA	0.8424
MAP3K15	Q6ZN16	R494C	Neutral	NA	NA	NA	NA	NA	NA	0.1144
MAP3K15	Q6ZN16	M457V	Neutral	NA	NA	NA	NA	NA	NA	0.0871
RPS6KA3	P51812	R723H	Neutral	NA	NA	NA	NA	NA	NA	0.4916
NRK	Q7Z2Y5	V358M	Neutral	NA	NA	NA	NA	NA	NA	NA
NRK	Q7Z2Y5	P789S	Neutral	NA	NA	NA	NA	NA	NA	NA
NRK	Q7Z2Y5	D971G	Neutral	NA	NA	NA	NA	NA	NA	NA
NRK	Q7Z2Y5	A993E	Neutral	NA	NA	NA	NA	NA	NA	NA
NRK	Q7Z2Y5	N1131S	Neutral	NA	NA	NA	NA	NA	NA	NA
GUCY2F	P51841	N495H	Neutral	NA	NA	NA	NA	NA	NA	0.1283
GUCY2F	P51841	Y324H	Neutral	NA	NA	NA	NA	NA	NA	0.4491
GUCY2F	P51841	Q105H	Neutral	NA	NA	NA	NA	NA	NA	0.1845
STK26	Q9P289	R45C	Neutral	0.262	0.498	0.24	0.369	0.236	NA	NA
