#acc	Gene	Ligand	Pfam_Position	UniProt_Position	UniProt_AA	PDB
P54762	EPHB1	ADP	8	626	GLY	7kpm
P54762	EPHB1	ADP	10	628	GLY	7kpm
P54762	EPHB1	ADP	11	629	GLU	7kpm
P54762	EPHB1	ADP	12	630	PHE	7kpm
P54762	EPHB1	ADP	13	631	GLY	7kpm
P54762	EPHB1	ADP	15	633	VAL	7kpm
P54762	EPHB1	ADP	28	649	ALA	7kpm
P54762	EPHB1	ADP	30	651	LYS	7kpm
P54762	EPHB1	ADP	77	697	THR	7kpm
P54762	EPHB1	ADP	78	698	GLU	7kpm
P54762	EPHB1	ADP	80	700	MET	7kpm
P54762	EPHB1	ADP	130	751	LEU	7kpm
P50750	CDK9	ATP	30	48	LYS	3blq
P50750	CDK9	ATP	78	104	ASP	3blq
P50750	CDK9	ATP	79	105	PHE	3blq
P50750	CDK9	ATP	80	106	CYS	3blq
P50750	CDK9	ATP	125	151	LYS	3blq
P50750	CDK9	ATP	128	154	ASN	3blq
P50750	CDK9	ATP	141	167	ASP	3blq
Q05397-2	PTK2	ATP	7	247	ILE	2ijm
Q05397-2	PTK2	ATP	8	248	GLY	2ijm
Q05397-2	PTK2	ATP	10	250	GLY	2ijm
Q05397-2	PTK2	ATP	11	251	GLN	2ijm
Q05397-2	PTK2	ATP	15	255	VAL	2ijm
Q05397-2	PTK2	ATP	30	273	LYS	2ijm
Q05397-2	PTK2	ATP	48	290	GLU	2ijm
Q05397-2	PTK2	ATP	77	347	MET	2ijm
Q05397-2	PTK2	ATP	78	348	GLU	2ijm
Q05397-2	PTK2	ATP	79	349	LEU	2ijm
Q05397-2	PTK2	ATP	80	350	CYS	2ijm
Q05397-2	PTK2	ATP	127	398	ARG	2ijm
Q05397-2	PTK2	ATP	130	401	LEU	2ijm
Q05397-2	PTK2	ATP	141	412	ASP	2ijm
Q05397-2	PTK2	ATP	142	413	PHE	2ijm
Q05397-2	PTK2	ATP	144	415	LEU	2ijm
Q05397-2	PTK2	ADP	7	247	ILE	1mp8;2ijm
Q05397-2	PTK2	ADP	8	248	GLY	1mp8;2ijm
Q05397-2	PTK2	ADP	9	249	GLU	1mp8;2ijm
Q05397-2	PTK2	ADP	10	250	GLY	1mp8;2ijm
Q05397-2	PTK2	ADP	11	251	GLN	1mp8;2ijm
Q05397-2	PTK2	ADP	15	255	VAL	1mp8;2ijm
Q05397-2	PTK2	ADP	28	271	ALA	1mp8;2ijm
Q05397-2	PTK2	ADP	30	273	LYS	1mp8;2ijm
Q05397-2	PTK2	ADP	48	290	GLU	1mp8;2ijm
Q05397-2	PTK2	ADP	61	332	VAL	1mp8;2ijm
Q05397-2	PTK2	ADP	77	347	MET	1mp8;2ijm
Q05397-2	PTK2	ADP	78	348	GLU	1mp8;2ijm
Q05397-2	PTK2	ADP	79	349	LEU	1mp8;2ijm
Q05397-2	PTK2	ADP	80	350	CYS	1mp8;2ijm
Q05397-2	PTK2	ADP	84	354	GLU	1mp8;2ijm
Q05397-2	PTK2	ADP	130	401	LEU	1mp8;2ijm
Q05397-2	PTK2	ADP	141	412	ASP	1mp8;2ijm
Q05397-5	PTK2	ATP	7	428	ILE	2ijm
Q05397-5	PTK2	ATP	8	429	GLY	2ijm
Q05397-5	PTK2	ATP	10	431	GLY	2ijm
Q05397-5	PTK2	ATP	11	432	GLN	2ijm
Q05397-5	PTK2	ATP	15	436	VAL	2ijm
Q05397-5	PTK2	ATP	30	454	LYS	2ijm
Q05397-5	PTK2	ATP	48	471	GLU	2ijm
Q05397-5	PTK2	ATP	77	499	MET	2ijm
Q05397-5	PTK2	ATP	78	500	GLU	2ijm
Q05397-5	PTK2	ATP	79	501	LEU	2ijm
Q05397-5	PTK2	ATP	80	502	CYS	2ijm
Q05397-5	PTK2	ATP	127	550	ARG	2ijm
Q05397-5	PTK2	ATP	130	553	LEU	2ijm
Q05397-5	PTK2	ATP	141	564	ASP	2ijm
Q05397-5	PTK2	ATP	142	565	PHE	2ijm
Q05397-5	PTK2	ATP	144	567	LEU	2ijm
Q05397-5	PTK2	ADP	7	428	ILE	1mp8;2ijm
Q05397-5	PTK2	ADP	8	429	GLY	1mp8;2ijm
Q05397-5	PTK2	ADP	9	430	GLU	1mp8;2ijm
Q05397-5	PTK2	ADP	10	431	GLY	1mp8;2ijm
Q05397-5	PTK2	ADP	11	432	GLN	1mp8;2ijm
Q05397-5	PTK2	ADP	15	436	VAL	1mp8;2ijm
Q05397-5	PTK2	ADP	28	452	ALA	1mp8;2ijm
Q05397-5	PTK2	ADP	30	454	LYS	1mp8;2ijm
Q05397-5	PTK2	ADP	48	471	GLU	1mp8;2ijm
Q05397-5	PTK2	ADP	61	484	VAL	1mp8;2ijm
Q05397-5	PTK2	ADP	77	499	MET	1mp8;2ijm
Q05397-5	PTK2	ADP	78	500	GLU	1mp8;2ijm
Q05397-5	PTK2	ADP	79	501	LEU	1mp8;2ijm
Q05397-5	PTK2	ADP	80	502	CYS	1mp8;2ijm
Q05397-5	PTK2	ADP	84	506	GLU	1mp8;2ijm
Q05397-5	PTK2	ADP	130	553	LEU	1mp8;2ijm
Q05397-5	PTK2	ADP	141	564	ASP	1mp8;2ijm
P41743	PRKCI	ATP	8	261	GLY	3a8w
P41743	PRKCI	ATP	10	263	GLY	3a8w
P41743	PRKCI	ATP	11	264	SER	3a8w
P41743	PRKCI	ATP	12	265	TYR	3a8w
P41743	PRKCI	ATP	13	266	ALA	3a8w
P41743	PRKCI	ATP	15	268	VAL	3a8w
P41743	PRKCI	ATP	30	283	LYS	3a8w
P41743	PRKCI	ATP	77	332	ILE	3a8w
P41743	PRKCI	ATP	78	333	GLU	3a8w
P41743	PRKCI	ATP	80	335	VAL	3a8w
P41743	PRKCI	ATP	141	396	ASP	3a8w
P41743	PRKCI	ADP	8	261	GLY	5lih
P41743	PRKCI	ADP	10	263	GLY	5lih
P41743	PRKCI	ADP	11	264	SER	5lih
P41743	PRKCI	ADP	12	265	TYR	5lih
P41743	PRKCI	ADP	13	266	ALA	5lih
P41743	PRKCI	ADP	15	268	VAL	5lih
P41743	PRKCI	ADP	30	283	LYS	5lih
P41743	PRKCI	ADP	77	332	ILE	5lih
P41743	PRKCI	ADP	78	333	GLU	5lih
P41743	PRKCI	ADP	80	335	VAL	5lih
P41743	PRKCI	ADP	84	339	ASP	5lih
P41743	PRKCI	ADP	127	382	ASP	5lih
P41743	PRKCI	ADP	130	385	LEU	5lih
P41743	PRKCI	ADP	140	395	THR	5lih
P41743	PRKCI	ADP	141	396	ASP	5lih
Q96RG2	PASK	ADP	8	1006	GLY	3dls
Q96RG2	PASK	ADP	15	1013	VAL	3dls
Q96RG2	PASK	ADP	28	1026	VAL	3dls
Q96RG2	PASK	ADP	30	1028	LYS	3dls
Q96RG2	PASK	ADP	61	1065	ILE	3dls
Q96RG2	PASK	ADP	77	1081	MET	3dls
Q96RG2	PASK	ADP	78	1082	GLU	3dls
Q96RG2	PASK	ADP	79	1083	LYS	3dls
Q96RG2	PASK	ADP	80	1084	HIS	3dls
Q96RG2	PASK	ADP	83	1087	GLY	3dls
Q96RG2	PASK	ADP	127	1132	GLU	3dls
Q96RG2	PASK	ADP	140	1145	ILE	3dls
Q96RG2	PASK	ADP	141	1146	ASP	3dls
Q9Y6E0	STK24	ATP	10	45	GLY	3a7h
Q9Y6E0	STK24	ATP	15	50	VAL	3a7h
Q9Y6E0	STK24	ATP	30	65	LYS	3a7h
Q9Y6E0	STK24	ATP	77	111	MET	3a7h
Q9Y6E0	STK24	ATP	78	112	GLU	3a7h
Q9Y6E0	STK24	ATP	80	114	LEU	3a7h
Q9Y6E0	STK24	ATP	130	163	LEU	3a7h
Q9Y6E0	STK24	ADP	8	43	GLY	3a7j;4o27
Q9Y6E0	STK24	ADP	10	45	GLY	3a7j;4o27
Q9Y6E0	STK24	ADP	11	46	SER	3a7j;4o27
Q9Y6E0	STK24	ADP	12	47	PHE	3a7j;4o27
Q9Y6E0	STK24	ADP	15	50	VAL	3a7j;4o27
Q9Y6E0	STK24	ADP	28	63	ALA	3a7j;4o27
Q9Y6E0	STK24	ADP	30	65	LYS	3a7j;4o27
Q9Y6E0	STK24	ADP	77	111	MET	3a7j;4o27
Q9Y6E0	STK24	ADP	78	112	GLU	3a7j;4o27
Q9Y6E0	STK24	ADP	80	114	LEU	3a7j;4o27
Q9Y6E0	STK24	ADP	84	118	SER	3a7j;4o27
Q9Y6E0	STK24	ADP	130	163	LEU	3a7j;4o27
Q9Y6E0	STK24	ADP	141	174	ASP	3a7j;4o27
P49137	MAPKAPK2	ADP	7	70	LEU	1ny3
P49137	MAPKAPK2	ADP	9	72	LEU	1ny3
P49137	MAPKAPK2	ADP	10	73	GLY	1ny3
P49137	MAPKAPK2	ADP	11	74	ILE	1ny3
P49137	MAPKAPK2	ADP	15	78	VAL	1ny3
P49137	MAPKAPK2	ADP	28	91	ALA	1ny3
P49137	MAPKAPK2	ADP	30	93	LYS	1ny3
P49137	MAPKAPK2	ADP	77	138	MET	1ny3
P49137	MAPKAPK2	ADP	78	139	GLU	1ny3
P49137	MAPKAPK2	ADP	80	141	LEU	1ny3
P49137	MAPKAPK2	ADP	128	191	ASN	1ny3
P49137	MAPKAPK2	ADP	130	193	LEU	1ny3
P49137	MAPKAPK2	ADP	141	207	ASP	1ny3
P00519-2	ABL1	ADP	9	269	GLY	2g2i
P00519-2	ABL1	ADP	15	275	VAL	2g2i
P00519-2	ABL1	ADP	28	288	ALA	2g2i
P00519-2	ABL1	ADP	77	334	THR	2g2i
P00519-2	ABL1	ADP	78	335	GLU	2g2i
P00519-2	ABL1	ADP	79	336	PHE	2g2i
P00519-2	ABL1	ADP	80	337	MET	2g2i
P00519-2	ABL1	ADP	130	389	LEU	2g2i
P23458	JAK1	ADP	8	882	GLY	6c7y;5khw
P23458	JAK1	ADP	10	884	GLY	6c7y;5khw
P23458	JAK1	ADP	11	885	HIS	6c7y;5khw
P23458	JAK1	ADP	12	886	PHE	6c7y;5khw
P23458	JAK1	ADP	13	887	GLY	6c7y;5khw
P23458	JAK1	ADP	15	889	VAL	6c7y;5khw
P23458	JAK1	ADP	28	906	ALA	6c7y;5khw
P23458	JAK1	ADP	30	908	LYS	6c7y;5khw
P23458	JAK1	ADP	61	938	VAL	6c7y;5khw
P23458	JAK1	ADP	77	956	MET	6c7y;5khw
P23458	JAK1	ADP	78	957	GLU	6c7y;5khw
P23458	JAK1	ADP	79	958	PHE	6c7y;5khw
P23458	JAK1	ADP	80	959	LEU	6c7y;5khw
P23458	JAK1	ADP	84	963	SER	6c7y;5khw
P23458	JAK1	ADP	87	966	GLU	6c7y;5khw
P23458	JAK1	ADP	127	1007	ARG	6c7y;5khw
P23458	JAK1	ADP	128	1008	ASN	6c7y;5khw
P23458	JAK1	ADP	130	1010	LEU	6c7y;5khw
P23458	JAK1	ADP	141	1021	ASP	6c7y;5khw
Q05823	RNASEL	ADP	28	390	ALA	4oau
Q05823	RNASEL	ADP	30	392	LYS	4oau
Q05823	RNASEL	ADP	77	434	VAL	4oau
Q05823	RNASEL	ADP	78	435	THR	4oau
Q05823	RNASEL	ADP	80	437	CYS	4oau
Q05823	RNASEL	ADP	83	440	THR	4oau
Q05823	RNASEL	ADP	127	489	GLN	4oau
Q05823	RNASEL	ADP	128	490	ASN	4oau
Q05823	RNASEL	ADP	130	492	LEU	4oau
Q05823	RNASEL	ADP	141	503	ASP	4oau
Q05823	RNASEL	ADP	143	505	ASP	4oau
Q7RTN6	STRADA	ATP	8	76	GLY	3gni
Q7RTN6	STRADA	ATP	10	78	GLY	3gni
Q7RTN6	STRADA	ATP	13	83	MET	3gni
Q7RTN6	STRADA	ATP	15	85	VAL	3gni
Q7RTN6	STRADA	ATP	28	98	THR	3gni
Q7RTN6	STRADA	ATP	30	100	ARG	3gni
Q7RTN6	STRADA	ATP	77	147	THR	3gni
Q7RTN6	STRADA	ATP	78	148	SER	3gni
Q7RTN6	STRADA	ATP	80	150	MET	3gni
Q7RTN6	STRADA	ATP	87	157	ASP	3gni
Q7RTN6	STRADA	ATP	127	199	SER	3gni
Q7RTN6	STRADA	ATP	128	200	HIS	3gni
Q7RTN6	STRADA	ATP	130	202	LEU	3gni
Q7RTN6	STRADA	ATP	143	215	ARG	3gni
Q6VAB6	KSR2	ADP	15	680	VAL	7juq
Q6VAB6	KSR2	ADP	30	692	ARG	7juq
Q6VAB6	KSR2	ADP	78	740	SER	7juq
Q6VAB6	KSR2	ADP	79	741	LEU	7juq
Q6VAB6	KSR2	ADP	80	742	CYS	7juq
Q6VAB6	KSR2	ADP	125	788	LYS	7juq
Q6VAB6	KSR2	ADP	128	791	ASN	7juq
Q6VAB6	KSR2	ADP	130	793	PHE	7juq
Q6VAB6	KSR2	ADP	141	803	ASP	7juq
Q6VAB6	KSR2	ATP	7	672	ILE	2y4i
Q6VAB6	KSR2	ATP	9	674	LYS	2y4i
Q6VAB6	KSR2	ATP	10	675	GLY	2y4i
Q6VAB6	KSR2	ATP	11	676	ARG	2y4i
Q6VAB6	KSR2	ATP	15	680	VAL	2y4i
Q6VAB6	KSR2	ATP	30	692	ARG	2y4i
Q6VAB6	KSR2	ATP	77	739	THR	2y4i
Q6VAB6	KSR2	ATP	78	740	SER	2y4i
Q6VAB6	KSR2	ATP	80	742	CYS	2y4i
Q6VAB6	KSR2	ATP	125	788	LYS	2y4i
Q6VAB6	KSR2	ATP	128	791	ASN	2y4i
Q6VAB6	KSR2	ATP	130	793	PHE	2y4i
Q6VAB6	KSR2	ATP	141	803	ASP	2y4i
O75460	ERN1	ADP	9	579	HIS	3p23;4yzd
O75460	ERN1	ADP	10	580	GLY	3p23;4yzd
O75460	ERN1	ADP	14	584	THR	3p23;4yzd
O75460	ERN1	ADP	15	586	VAL	3p23;4yzd
O75460	ERN1	ADP	28	597	ALA	3p23;4yzd
O75460	ERN1	ADP	30	599	LYS	3p23;4yzd
O75460	ERN1	ADP	77	642	ILE	3p23;4yzd
O75460	ERN1	ADP	78	643	GLU	3p23;4yzd
O75460	ERN1	ADP	80	645	CYS	3p23;4yzd
O75460	ERN1	ADP	83	648	THR	3p23;4yzd
O75460	ERN1	ADP	125	690	LYS	3p23;4yzd
O75460	ERN1	ADP	127	692	HIS	3p23;4yzd
O75460	ERN1	ADP	128	693	ASN	3p23;4yzd
O75460	ERN1	ADP	130	695	LEU	3p23;4yzd
O75460	ERN1	ADP	141	711	ASP	3p23;4yzd
O15530-4	PDPK1	ATP	2	83	LYS	5lvp;3hrf;4a06;5ack;2biy;4aw0;4ct2;4rqk;5mrd;4aw1;5lvo;3hrc;4xx9;4ct1;4a07;1h1w;4rqv;4rrv
O15530-4	PDPK1	ATP	7	88	LEU	5lvp;3hrf;4a06;5ack;2biy;4aw0;4ct2;4rqk;5mrd;4aw1;5lvo;3hrc;4xx9;4ct1;4a07;1h1w;4rqv;4rrv
O15530-4	PDPK1	ATP	8	89	GLY	5lvp;3hrf;4a06;5ack;2biy;4aw0;4ct2;4rqk;5mrd;4aw1;5lvo;3hrc;4xx9;4ct1;4a07;4rqv;4rrv
O15530-4	PDPK1	ATP	10	91	GLY	5lvp;3hrf;4a06;5ack;2biy;4aw0;4ct2;4rqk;5mrd;4aw1;5lvo;3hrc;4xx9;4ct1;4a07;1h1w;4rqv;4rrv
O15530-4	PDPK1	ATP	11	92	SER	5lvp;3hrf;4a06;5ack;2biy;4aw0;4ct2;4rqk;5mrd;4aw1;5lvo;3hrc;4xx9;4ct1;4a07;1h1w;4rqv;4rrv
O15530-4	PDPK1	ATP	12	93	PHE	5lvp;3hrf;4a06;5ack;2biy;4aw0;4ct2;4rqk;5mrd;4aw1;5lvo;3hrc;4xx9;4ct1;4a07;1h1w;4rqv;4rrv
O15530-4	PDPK1	ATP	13	94	SER	5lvp;3hrf;4a06;5ack;2biy;4aw0;4ct2;4rqk;5mrd;4aw1;5lvo;3hrc;4xx9;4ct1;4a07;1h1w;4rqv;4rrv
O15530-4	PDPK1	ATP	15	96	VAL	5lvp;3hrf;4a06;5ack;2biy;4aw0;4ct2;4rqk;5mrd;4aw1;5lvo;3hrc;4xx9;4ct1;4a07;1h1w;4rqv;4rrv
O15530-4	PDPK1	ATP	28	109	ALA	5lvp;3hrf;4a06;5ack;2biy;4aw0;4ct2;4rqk;5mrd;4aw1;5lvo;3hrc;4xx9;4ct1;4a07;1h1w;4rqv;4rrv
Q9UM73	ALK	ADP	9	1124	HIS	3lct
Q9UM73	ALK	ADP	10	1125	GLY	3lct
Q9UM73	ALK	ADP	15	1130	VAL	3lct
Q9UM73	ALK	ADP	28	1148	ALA	3lct
Q9UM73	ALK	ADP	78	1197	GLU	3lct
Q9UM73	ALK	ADP	80	1199	MET	3lct
Q9UM73	ALK	ADP	84	1203	ASP	3lct
Q9UM73	ALK	ADP	130	1256	LEU	3lct
Q9UM73	ALK	ADP	141	1270	ASP	3lct
Q13873	BMPR2	ADP	7	209	ILE	3g2f;6unp
Q13873	BMPR2	ADP	8	210	GLY	3g2f;6unp
Q13873	BMPR2	ADP	10	212	GLY	3g2f;6unp
Q13873	BMPR2	ADP	11	213	ARG	3g2f;6unp
Q13873	BMPR2	ADP	12	214	TYR	3g2f;6unp
Q13873	BMPR2	ADP	13	215	GLY	3g2f;6unp
Q13873	BMPR2	ADP	15	217	VAL	3g2f;6unp
Q13873	BMPR2	ADP	28	228	ALA	3g2f;6unp
Q13873	BMPR2	ADP	30	230	LYS	3g2f;6unp
Q13873	BMPR2	ADP	77	279	MET	3g2f;6unp
Q13873	BMPR2	ADP	78	280	GLU	3g2f;6unp
Q13873	BMPR2	ADP	80	282	TYR	3g2f;6unp
Q13873	BMPR2	ADP	84	286	SER	3g2f;6unp
Q13873	BMPR2	ADP	127	337	ARG	3g2f;6unp
Q13873	BMPR2	ADP	128	338	ASN	3g2f;6unp
Q13873	BMPR2	ADP	130	340	LEU	3g2f;6unp
Q13873	BMPR2	ADP	141	351	ASP	3g2f;6unp
Q13873	BMPR2	ADP	150	360	GLY	3g2f;6unp
Q13873	BMPR2	ADP	151	361	ASN	3g2f;6unp
Q13873	BMPR2	ADP	152	362	ARG	3g2f;6unp
Q13873	BMPR2	ADP	153	363	LEU	3g2f;6unp
P36507	MAP2K2	ATP	8	79	GLY	1s9i
P36507	MAP2K2	ATP	10	81	GLY	1s9i
P36507	MAP2K2	ATP	11	82	ASN	1s9i
P36507	MAP2K2	ATP	15	86	VAL	1s9i
P36507	MAP2K2	ATP	28	99	ALA	1s9i
P36507	MAP2K2	ATP	30	101	LYS	1s9i
P36507	MAP2K2	ATP	77	147	MET	1s9i
P36507	MAP2K2	ATP	78	148	GLU	1s9i
P36507	MAP2K2	ATP	80	150	MET	1s9i
P36507	MAP2K2	ATP	84	154	SER	1s9i
P36507	MAP2K2	ATP	87	157	GLN	1s9i
P36507	MAP2K2	ATP	123	194	ASP	1s9i
P36507	MAP2K2	ATP	125	196	LYS	1s9i
P36507	MAP2K2	ATP	127	198	SER	1s9i
P36507	MAP2K2	ATP	130	201	LEU	1s9i
P36507	MAP2K2	ATP	141	212	ASP	1s9i
P17612-2	PRKACA	ATP	8	43	GLY	4wb5;4wb6;4wb8;6no7
P17612-2	PRKACA	ATP	9	44	THR	4wb5;4wb6;4wb8;6no7
P17612-2	PRKACA	ATP	10	45	GLY	4wb5;4wb6;4wb8;6no7
P17612-2	PRKACA	ATP	11	46	SER	4wb5;4wb6;4wb8;6no7
P17612-2	PRKACA	ATP	12	47	PHE	4wb5;4wb6;4wb8;6no7
P17612-2	PRKACA	ATP	13	48	GLY	4wb5;4wb6;4wb8;6no7
P17612-2	PRKACA	ATP	15	50	VAL	4wb5;4wb6;4wb8;6no7
P17612-2	PRKACA	ATP	28	63	ALA	4wb5;4wb6;4wb8;6no7
P17612-2	PRKACA	ATP	30	65	LYS	4wb5;4wb6;4wb8;6no7
P17612-2	PRKACA	ATP	61	97	VAL	4wb5;4wb6;4wb8;6no7
P17612-2	PRKACA	ATP	77	113	MET	4wb5;4wb6;4wb8;6no7
P17612-2	PRKACA	ATP	78	114	GLU	4wb5;4wb6;4wb8;6no7
P17612-2	PRKACA	ATP	79	115	TYR	4wb5;4wb6;4wb8;6no7
P17612-2	PRKACA	ATP	80	116	VAL	4wb5;4wb6;4wb8;6no7
P17612-2	PRKACA	ATP	84	120	GLU	4wb5;4wb6;4wb8;6no7
P17612-2	PRKACA	ATP	123	159	ASP	4wb5;4wb6;4wb8;6no7
P17612-2	PRKACA	ATP	125	161	LYS	4wb5;4wb6;4wb8;6no7
P17612-2	PRKACA	ATP	127	163	GLU	4wb5;4wb6;4wb8;6no7
P17612-2	PRKACA	ATP	128	164	ASN	4wb5;4wb6;4wb8;6no7
P17612-2	PRKACA	ATP	130	166	LEU	4wb5;4wb6;4wb8;6no7
P17612-2	PRKACA	ATP	140	176	THR	4wb5;4wb6;4wb8;6no7
P17612-2	PRKACA	ATP	141	177	ASP	4wb5;4wb6;4wb8;6no7
Q9NYV4	CDK12	ADP	10	736	GLY	4nst
Q9NYV4	CDK12	ADP	11	737	THR	4nst
Q9NYV4	CDK12	ADP	15	741	VAL	4nst
Q9NYV4	CDK12	ADP	28	754	ALA	4nst
Q9NYV4	CDK12	ADP	30	756	LYS	4nst
Q9NYV4	CDK12	ADP	77	813	PHE	4nst
Q9NYV4	CDK12	ADP	78	814	GLU	4nst
Q9NYV4	CDK12	ADP	80	816	MET	4nst
Q9NYV4	CDK12	ADP	83	819	ASP	4nst
Q9NYV4	CDK12	ADP	127	863	SER	4nst
Q9NYV4	CDK12	ADP	128	864	ASN	4nst
Q9NYV4	CDK12	ADP	130	866	LEU	4nst
Q9NYV4	CDK12	ADP	141	877	ASP	4nst
P53355	DAPK1	ADP	7	19	LEU	2xuu;3gu6;2w4j;3gu7;3eh9;2w4k;3f5g
P53355	DAPK1	ADP	8	20	GLY	2xuu;3gu6;2w4j;3gu7;3eh9;2w4k;3f5g
P53355	DAPK1	ADP	9	21	SER	2xuu;3gu6;2w4j;3gu7;3eh9;2w4k;3f5g
P53355	DAPK1	ADP	10	22	GLY	2xuu;3gu6;2w4j;3gu7;3eh9;2w4k;3f5g
P53355	DAPK1	ADP	11	23	GLN	2xuu;3gu6;2w4j;3gu7;3eh9;2w4k;3f5g
P53355	DAPK1	ADP	13	25	ALA	2xuu;3gu6;2w4j;3gu7;3eh9;2w4k;3f5g
P53355	DAPK1	ADP	15	27	VAL	2xuu;3gu6;2w4j;3gu7;3eh9;2w4k;3f5g
P53355	DAPK1	ADP	28	40	ALA	2xuu;3gu6;2w4j;3gu7;3eh9;2w4k;3f5g
P53355	DAPK1	ADP	30	42	LYS	2xuu;3gu6;2w4j;3gu7;3eh9;2w4k;3f5g
P53355	DAPK1	ADP	61	77	ILE	2xuu;3gu6;2w4j;3gu7;3eh9;2w4k;3f5g
P53355	DAPK1	ADP	78	94	GLU	2xuu;3gu6;2w4j;3gu7;3eh9;2w4k;3f5g
P53355	DAPK1	ADP	80	96	VAL	2xuu;3gu6;2w4j;3gu7;3eh9;2w4k;3f5g
P53355	DAPK1	ADP	84	100	GLU	2xuu;3gu6;2w4j;3gu7;3eh9;2w4k;3f5g
P53355	DAPK1	ADP	127	143	GLU	2xuu;3gu6;2w4j;3gu7;3eh9;2w4k;3f5g
P53355	DAPK1	ADP	128	144	ASN	2xuu;3gu6;2w4j;3gu7;3eh9;2w4k;3f5g
P53355	DAPK1	ADP	130	146	MET	2xuu;3gu6;2w4j;3gu7;3eh9;2w4k;3f5g
P53355	DAPK1	ADP	140	160	ILE	2xuu;3gu6;2w4j;3gu7;3eh9;2w4k;3f5g
P53355	DAPK1	ADP	141	161	ASP	2xuu;3gu6;2w4j;3gu7;3eh9;2w4k;3f5g
P53355	DAPK1	ADP	143	163	GLY	2xuu;3gu6;2w4j;3gu7;3eh9;2w4k;3f5g
O75914	PAK3	ADP	8	290	GLY	6fd3
O75914	PAK3	ADP	10	292	GLY	6fd3
O75914	PAK3	ADP	11	293	ALA	6fd3
O75914	PAK3	ADP	12	294	SER	6fd3
O75914	PAK3	ADP	13	295	GLY	6fd3
O75914	PAK3	ADP	15	297	VAL	6fd3
O75914	PAK3	ADP	28	310	ALA	6fd3
O75914	PAK3	ADP	30	312	LYS	6fd3
O75914	PAK3	ADP	77	357	MET	6fd3
O75914	PAK3	ADP	78	358	GLU	6fd3
O75914	PAK3	ADP	79	359	TYR	6fd3
O75914	PAK3	ADP	80	360	LEU	6fd3
O75914	PAK3	ADP	84	364	SER	6fd3
O75914	PAK3	ADP	127	406	ASP	6fd3
O75914	PAK3	ADP	128	407	ASN	6fd3
O75914	PAK3	ADP	130	409	LEU	6fd3
O75914	PAK3	ADP	141	420	ASP	6fd3
P49841	GSK3B	ADP	8	63	GLY	4nm0;4nm5;4nm3;4nm7;1j1c
P49841	GSK3B	ADP	9	64	ASN	4nm0;4nm5;4nm3;4nm7;1j1c
P49841	GSK3B	ADP	10	65	GLY	4nm0;4nm5;4nm3;4nm7;1j1c
P49841	GSK3B	ADP	12	67	PHE	4nm0;4nm5;4nm3;4nm7;1j1c
P49841	GSK3B	ADP	15	70	VAL	4nm0;4nm5;4nm3;4nm7;1j1c
P49841	GSK3B	ADP	28	83	ALA	4nm0;4nm5;4nm3;4nm7;1j1c
P49841	GSK3B	ADP	30	85	LYS	4nm0;4nm5;4nm3;4nm7;1j1c
P49841	GSK3B	ADP	61	110	VAL	4nm0;4nm5;4nm3;4nm7;1j1c
P49841	GSK3B	ADP	77	132	LEU	4nm0;4nm5;4nm3;4nm7;1j1c
P49841	GSK3B	ADP	78	133	ASP	4nm0;4nm5;4nm3;4nm7;1j1c
P49841	GSK3B	ADP	79	134	TYR	4nm0;4nm5;4nm3;4nm7;1j1c
P49841	GSK3B	ADP	80	135	VAL	4nm0;4nm5;4nm3;4nm7;1j1c
P49841	GSK3B	ADP	83	138	THR	4nm0;4nm5;4nm3;4nm7;1j1c
P49841	GSK3B	ADP	127	185	GLN	4nm0;4nm5;4nm3;4nm7;1j1c
P49841	GSK3B	ADP	128	186	ASN	4nm0;4nm5;4nm3;4nm7;1j1c
P49841	GSK3B	ADP	130	188	LEU	4nm0;4nm5;4nm3;4nm7;1j1c
P49841	GSK3B	ADP	141	200	ASP	4nm0;4nm5;4nm3;4nm7;1j1c
Q6IQ55	TTBK2	ADP	8	28	GLY	6vrf
Q6IQ55	TTBK2	ADP	9	29	GLY	6vrf
Q6IQ55	TTBK2	ADP	15	35	ILE	6vrf
Q6IQ55	TTBK2	ADP	30	50	LYS	6vrf
Q6IQ55	TTBK2	ADP	61	78	CYS	6vrf
Q6IQ55	TTBK2	ADP	77	94	MET	6vrf
Q6IQ55	TTBK2	ADP	78	95	GLN	6vrf
Q6IQ55	TTBK2	ADP	79	96	LEU	6vrf
Q6IQ55	TTBK2	ADP	80	97	GLN	6vrf
Q6IQ55	TTBK2	ADP	84	100	ASN	6vrf
Q6IQ55	TTBK2	ADP	127	145	SER	6vrf
Q6IQ55	TTBK2	ADP	128	146	ASN	6vrf
Q6IQ55	TTBK2	ADP	140	162	LEU	6vrf
Q6IQ55	TTBK2	ADP	141	163	ASP	6vrf
P29597	TYK2	ADP	8	904	GLY	4gvj
P29597	TYK2	ADP	15	911	VAL	4gvj
P29597	TYK2	ADP	28	928	ALA	4gvj
P29597	TYK2	ADP	30	930	LYS	4gvj
P29597	TYK2	ADP	77	978	MET	4gvj
P29597	TYK2	ADP	78	979	GLU	4gvj
P29597	TYK2	ADP	79	980	TYR	4gvj
P29597	TYK2	ADP	80	981	VAL	4gvj
P29597	TYK2	ADP	87	988	ASP	4gvj
P29597	TYK2	ADP	127	1027	ARG	4gvj
P29597	TYK2	ADP	128	1028	ASN	4gvj
P29597	TYK2	ADP	130	1030	LEU	4gvj
P29597	TYK2	ADP	141	1041	ASP	4gvj
P48730	CSNK1D	ADP	8	16	GLY	6ru7;6ru8
P48730	CSNK1D	ADP	10	18	GLY	6ru7;6ru8
P48730	CSNK1D	ADP	15	23	ILE	6ru7;6ru8
P48730	CSNK1D	ADP	30	38	LYS	6ru7;6ru8
P48730	CSNK1D	ADP	48	52	GLU	6ru7;6ru8
P48730	CSNK1D	ADP	52	56	TYR	6ru7;6ru8
P48730	CSNK1D	ADP	77	82	MET	6ru7;6ru8
P48730	CSNK1D	ADP	78	83	GLU	6ru7;6ru8
P48730	CSNK1D	ADP	80	85	LEU	6ru7;6ru8
P48730	CSNK1D	ADP	130	135	LEU	6ru7;6ru8
P48730	CSNK1D	ADP	140	148	ILE	6ru7;6ru8
P48730	CSNK1D	ADP	141	149	ASP	6ru7;6ru8
O60674	JAK2	ATP	7	551	LEU	4fvr;4fvq;5i4n
O60674	JAK2	ATP	10	554	GLY	4fvr;4fvq;5i4n
O60674	JAK2	ATP	11	555	THR	4fvr;4fvq;5i4n
O60674	JAK2	ATP	13	557	THR	4fvr;4fvq;5i4n
O60674	JAK2	ATP	15	559	ILE	4fvr;4fvq;5i4n
O60674	JAK2	ATP	28	579	LEU	4fvr;4fvq;5i4n
O60674	JAK2	ATP	30	581	LYS	4fvr;4fvq;5i4n
O60674	JAK2	ATP	77	626	GLN	4fvr;4fvq;5i4n
O60674	JAK2	ATP	78	627	GLU	4fvr;4fvq;5i4n
O60674	JAK2	ATP	79	628	PHE	4fvr;4fvq;5i4n
O60674	JAK2	ATP	80	629	VAL	4fvr;4fvq;5i4n
O60674	JAK2	ATP	84	633	SER	4fvr;4fvq;5i4n
O60674	JAK2	ATP	123	673	ASN	4fvr;4fvq;5i4n
O60674	JAK2	ATP	127	677	LYS	4fvr;4fvq;5i4n
O60674	JAK2	ATP	128	678	ASN	4fvr;4fvq;5i4n
O60674	JAK2	ATP	130	680	LEU	4fvr;4fvq;5i4n
P00519	ABL1	ADP	9	250	GLY	2g2i
P00519	ABL1	ADP	15	256	VAL	2g2i
P00519	ABL1	ADP	28	269	ALA	2g2i
P00519	ABL1	ADP	77	315	THR	2g2i
P00519	ABL1	ADP	78	316	GLU	2g2i
P00519	ABL1	ADP	79	317	PHE	2g2i
P00519	ABL1	ADP	80	318	MET	2g2i
P00519	ABL1	ADP	130	370	LEU	2g2i
P06213	INSR	ATP	15	1037	VAL	3bu5
P06213	INSR	ATP	30	1057	LYS	3bu5
P06213	INSR	ATP	48	1074	GLU	3bu5
P06213	INSR	ATP	77	1103	MET	3bu5
P06213	INSR	ATP	78	1104	GLU	3bu5
P06213	INSR	ATP	80	1106	MET	3bu5
P06213	INSR	ATP	84	1110	ASP	3bu5
P06213	INSR	ATP	127	1163	ARG	3bu5
P06213	INSR	ATP	130	1166	MET	3bu5
P06213	INSR	ATP	141	1177	ASP	3bu5
P06213	INSR	ATP	143	1179	GLY	3bu5
Q14012	CAMK1	ATP	8	27	GLY	4fg8;4fg7;4fg9
Q14012	CAMK1	ATP	10	29	GLY	4fg8;4fg7;4fg9
Q14012	CAMK1	ATP	11	30	ALA	4fg8;4fg7;4fg9
Q14012	CAMK1	ATP	12	31	PHE	4fg8;4fg7;4fg9
Q14012	CAMK1	ATP	13	32	SER	4fg8;4fg7;4fg9
Q14012	CAMK1	ATP	15	34	VAL	4fg8;4fg7;4fg9
Q14012	CAMK1	ATP	30	49	LYS	4fg8;4fg7;4fg9
Q14012	CAMK1	ATP	77	95	MET	4fg8;4fg7;4fg9
Q14012	CAMK1	ATP	78	96	GLN	4fg8;4fg7;4fg9
Q14012	CAMK1	ATP	79	97	LEU	4fg8;4fg7;4fg9
Q14012	CAMK1	ATP	80	98	VAL	4fg8;4fg7;4fg9
Q14012	CAMK1	ATP	84	102	GLU	4fg8;4fg7;4fg9
Q14012	CAMK1	ATP	125	143	LYS	4fg8;4fg7;4fg9
Q14012	CAMK1	ATP	127	145	GLU	4fg8;4fg7;4fg9
Q14012	CAMK1	ATP	128	146	ASN	4fg8;4fg7;4fg9
Q14012	CAMK1	ATP	130	148	LEU	4fg8;4fg7;4fg9
Q14012	CAMK1	ATP	140	161	SER	4fg8;4fg7;4fg9
Q14012	CAMK1	ATP	141	162	ASP	4fg8;4fg7;4fg9
P68400	CSNK2A1	ATP	7	45	LEU	6fvg;5os7;5os8;8aec;8aek;7zyd;5otr;5cu6;5osr;5csh;7zyo;7zy2;6fvf;5cvf;5osp;6gmd;7zyr
P68400	CSNK2A1	ATP	8	46	GLY	6fvg;5os7;5os8;8aec;8aek;7zyd;5otr;5cu6;5osr;5csh;7zyo;7zy2;6fvf;5cvf;5osp;6gmd;7zyr
P68400	CSNK2A1	ATP	9	47	ARG	6fvg;5os7;5os8;8aec;8aek;7zyd;5otr;5cu6;5osr;5csh;7zyo;7zy2;6fvf;5cvf;5osp;6gmd;7zyr
P68400	CSNK2A1	ATP	10	48	GLY	6fvg;5os7;5os8;8aec;8aek;7zyd;5otr;5cu6;5osr;5csh;7zyo;7zy2;6fvf;5cvf;5osp;6gmd;7zyr
P68400	CSNK2A1	ATP	11	49	LYS	6fvg;5os7;5os8;8aec;8aek;7zyd;5otr;5cu6;5osr;5csh;7zyo;7zy2;6fvf;5cvf;5osp;6gmd;7zyr
P68400	CSNK2A1	ATP	12	50	TYR	6fvg;5os7;5os8;8aec;8aek;7zyd;5otr;5cu6;5osr;5csh;7zyo;7zy2;6fvf;5cvf;5osp;6gmd;7zyr
P68400	CSNK2A1	ATP	13	51	SER	6fvg;5os7;5os8;8aec;8aek;7zyd;5otr;5cu6;5osr;5csh;7zyo;7zy2;6fvf;5cvf;5osp;6gmd;7zyr
P68400	CSNK2A1	ATP	15	53	VAL	6fvg;5os7;5os8;8aec;8aek;7zyd;5otr;5cu6;5osr;5csh;7zyo;7zy2;6fvf;5cvf;5osp;6gmd;7zyr
P68400	CSNK2A1	ATP	28	66	VAL	6fvg;5os7;5os8;8aec;8aek;7zyd;5otr;5cu6;5osr;5csh;7zyo;7zy2;6fvf;5cvf;5osp;6gmd;7zyr
P68400	CSNK2A1	ATP	30	68	LYS	6fvg;5os7;5os8;8aec;8aek;7zyd;5otr;5cu6;5osr;5csh;7zyo;7zy2;6fvf;5cvf;5osp;6gmd;7zyr
P68400	CSNK2A1	ATP	61	95	ILE	6fvg;5os7;5os8;8aec;8aek;7zyd;5otr;5cu6;5osr;5csh;7zyo;7zy2;6fvf;5cvf;5osp;6gmd;7zyr
P68400	CSNK2A1	ATP	78	114	GLU	6fvg;5os7;5os8;8aec;8aek;7zyd;5otr;5cu6;5osr;5csh;7zyo;7zy2;6fvf;5cvf;5osp;6gmd;7zyr
P68400	CSNK2A1	ATP	79	115	HIS	6fvg;5os7;5os8;8aec;8aek;7zyd;5otr;5cu6;5osr;5csh;7zyo;7zy2;6fvf;5cvf;5osp;6gmd;7zyr
P68400	CSNK2A1	ATP	80	116	VAL	6fvg;5os7;5os8;8aec;8aek;7zyd;5otr;5cu6;5osr;5csh;7zyo;7zy2;6fvf;5cvf;5osp;6gmd;7zyr
P68400	CSNK2A1	ATP	82	118	ASN	6fvg;5os7;5os8;8aec;8aek;7zyd;5otr;5cu6;5osr;5csh;7zyo;7zy2;6fvf;5cvf;5osp;6gmd;7zyr
P68400	CSNK2A1	ATP	84	120	ASP	6fvg;5os7;5os8;8aec;8aek;7zyd;5otr;5cu6;5osr;5csh;7zyo;7zy2;6fvf;5cvf;5osp;6gmd;7zyr
P68400	CSNK2A1	ATP	125	158	LYS	6fvg;5os7;5os8;8aec;8aek;7zyd;5otr;5cu6;5osr;5csh;7zyo;7zy2;6fvf;5cvf;5osp;6gmd;7zyr
P68400	CSNK2A1	ATP	127	160	HIS	6fvg;5os7;5os8;8aec;8aek;7zyd;5otr;5cu6;5osr;5csh;7zyo;7zy2;6fvf;5cvf;5osp;6gmd;7zyr
P68400	CSNK2A1	ATP	130	163	MET	6fvg;5os7;5os8;8aec;8aek;7zyd;5otr;5cu6;5osr;5csh;7zyo;7zy2;6fvf;5cvf;5osp;6gmd;7zyr
P68400	CSNK2A1	ATP	140	174	ILE	6fvg;5os7;5os8;8aec;8aek;7zyd;5otr;5cu6;5osr;5csh;7zyo;7zy2;6fvf;5cvf;5osp;6gmd;7zyr
P68400	CSNK2A1	ATP	141	175	ASP	6fvg;5os7;5os8;8aec;8aek;7zyd;5otr;5cu6;5osr;5csh;7zyo;7zy2;6fvf;5cvf;5osp;6gmd;7zyr
P68400	CSNK2A1	ADP	8	46	GLY	5cvh;7zy0;6ypn;6yzh;5mp8;5moe;6z19;5orj;5osl;5oqu;5ork;5mpj
P68400	CSNK2A1	ADP	9	47	ARG	5cvh;7zy0;6ypn;6yzh;5mp8;5moe;6z19;5orj;5osl;5oqu;5ork;5mpj
P68400	CSNK2A1	ADP	10	48	GLY	5cvh;7zy0;6ypn;6yzh;5mp8;5moe;6z19;5orj;5osl;5oqu;5ork;5mpj
P68400	CSNK2A1	ADP	11	49	LYS	5cvh;7zy0;6ypn;6yzh;5mp8;5moe;6z19;5orj;5osl;5oqu;5ork;5mpj
P68400	CSNK2A1	ADP	12	50	TYR	5cvh;7zy0;6ypn;6yzh;5mp8;5moe;6z19;5orj;5osl;5oqu;5ork;5mpj
P68400	CSNK2A1	ADP	13	51	SER	5cvh;7zy0;6ypn;6yzh;5mp8;5moe;6z19;5orj;5osl;5oqu;5ork;5mpj
P68400	CSNK2A1	ADP	15	53	VAL	5cvh;7zy0;6ypn;6yzh;5mp8;5moe;6z19;5orj;5osl;5oqu;5ork;5mpj
P68400	CSNK2A1	ADP	28	66	VAL	5cvh;7zy0;6ypn;6yzh;5mp8;5moe;6z19;5orj;5osl;5oqu;5ork;5mpj
P68400	CSNK2A1	ADP	30	68	LYS	5cvh;7zy0;6ypn;6yzh;5mp8;5moe;6z19;5orj;5osl;5oqu;5ork;5mpj
P68400	CSNK2A1	ADP	39	77	LYS	5cvh;7zy0;6ypn;6yzh;5mp8;5moe;6z19;5orj;5osl;5oqu;5ork;5mpj
P68400	CSNK2A1	ADP	47	80	ARG	5cvh;7zy0;6ypn;6yzh;5mp8;5moe;6z19;5orj;5osl;5oqu;5ork;5mpj
P68400	CSNK2A1	ADP	61	95	ILE	5cvh;7zy0;6ypn;6yzh;5mp8;5moe;6z19;5orj;5osl;5oqu;5ork;5mpj
P68400	CSNK2A1	ADP	78	114	GLU	5cvh;7zy0;6ypn;6yzh;5mp8;5moe;6z19;5orj;5osl;5oqu;5ork;5mpj
P68400	CSNK2A1	ADP	80	116	VAL	5cvh;7zy0;6ypn;6yzh;5mp8;5moe;6z19;5orj;5osl;5oqu;5ork;5mpj
P68400	CSNK2A1	ADP	122	155	ARG	5cvh;7zy0;6ypn;6yzh;5mp8;5moe;6z19;5orj;5osl;5oqu;5ork;5mpj
P68400	CSNK2A1	ADP	123	156	ASP	5cvh;7zy0;6ypn;6yzh;5mp8;5moe;6z19;5orj;5osl;5oqu;5ork;5mpj
P68400	CSNK2A1	ADP	127	160	HIS	5cvh;7zy0;6ypn;6yzh;5mp8;5moe;6z19;5orj;5osl;5oqu;5ork;5mpj
P68400	CSNK2A1	ADP	128	161	ASN	5cvh;7zy0;6ypn;6yzh;5mp8;5moe;6z19;5orj;5osl;5oqu;5ork;5mpj
P68400	CSNK2A1	ADP	130	163	MET	5cvh;7zy0;6ypn;6yzh;5mp8;5moe;6z19;5orj;5osl;5oqu;5ork;5mpj
P68400	CSNK2A1	ADP	140	174	ILE	5cvh;7zy0;6ypn;6yzh;5mp8;5moe;6z19;5orj;5osl;5oqu;5ork;5mpj
P68400	CSNK2A1	ADP	141	175	ASP	5cvh;7zy0;6ypn;6yzh;5mp8;5moe;6z19;5orj;5osl;5oqu;5ork;5mpj
P68400	CSNK2A1	ADP	144	178	LEU	5cvh;7zy0;6ypn;6yzh;5mp8;5moe;6z19;5orj;5osl;5oqu;5ork;5mpj
P68400	CSNK2A1	ADP	155	189	ASN	5cvh;7zy0;6ypn;6yzh;5mp8;5moe;6z19;5orj;5osl;5oqu;5ork;5mpj
P68400	CSNK2A1	ADP	157	191	ARG	5cvh;7zy0;6ypn;6yzh;5mp8;5moe;6z19;5orj;5osl;5oqu;5ork;5mpj
Q13523	PRPF4B	ADP	11	697	VAL	4ifc
Q13523	PRPF4B	ADP	12	698	PHE	4ifc
Q13523	PRPF4B	ADP	13	699	SER	4ifc
Q13523	PRPF4B	ADP	15	701	VAL	4ifc
Q13523	PRPF4B	ADP	28	715	ALA	4ifc
Q13523	PRPF4B	ADP	30	717	LYS	4ifc
Q13523	PRPF4B	ADP	61	751	LEU	4ifc
Q13523	PRPF4B	ADP	78	768	GLU	4ifc
Q13523	PRPF4B	ADP	80	770	LEU	4ifc
Q13523	PRPF4B	ADP	83	773	ASN	4ifc
Q13523	PRPF4B	ADP	127	819	ASP	4ifc
Q13523	PRPF4B	ADP	130	822	LEU	4ifc
Q13523	PRPF4B	ADP	141	834	ASP	4ifc
O15530	PDPK1	ATP	7	88	LEU	5lvp;3hrf;4a06;5ack;2biy;4aw0;4ct2;4rqk;5mrd;4aw1;5lvo;3hrc;4xx9;4ct1;4a07;1h1w;4rqv;4rrv
O15530	PDPK1	ATP	8	89	GLY	5lvp;3hrf;4a06;5ack;2biy;4aw0;4ct2;4rqk;5mrd;4aw1;5lvo;3hrc;4xx9;4ct1;4a07;1h1w;4rqv;4rrv
O15530	PDPK1	ATP	10	91	GLY	5lvp;3hrf;4a06;5ack;2biy;4aw0;4ct2;4rqk;5mrd;4aw1;5lvo;3hrc;4xx9;4ct1;4a07;1h1w;4rqv;4rrv
O15530	PDPK1	ATP	11	92	SER	5lvp;3hrf;4a06;5ack;2biy;4aw0;4ct2;4rqk;5mrd;4aw1;5lvo;3hrc;4xx9;4ct1;4a07;1h1w;4rqv;4rrv
O15530	PDPK1	ATP	12	93	PHE	5lvp;3hrf;4a06;5ack;2biy;4aw0;4ct2;4rqk;5mrd;4aw1;5lvo;3hrc;4xx9;4ct1;4a07;1h1w;4rqv;4rrv
O15530	PDPK1	ATP	13	94	SER	5lvp;3hrf;4a06;5ack;2biy;4aw0;4ct2;4rqk;5mrd;4aw1;5lvo;3hrc;4xx9;4ct1;4a07;1h1w;4rqv;4rrv
O15530	PDPK1	ATP	15	96	VAL	5lvp;3hrf;4a06;5ack;2biy;4aw0;4ct2;4rqk;5mrd;4aw1;5lvo;3hrc;4xx9;4ct1;4a07;1h1w;4rqv;4rrv
O15530	PDPK1	ATP	28	109	ALA	5lvp;3hrf;4a06;5ack;2biy;4aw0;4ct2;4rqk;5mrd;4aw1;5lvo;3hrc;4xx9;4ct1;4a07;1h1w;4rqv;4rrv
O15530	PDPK1	ATP	30	111	LYS	5lvp;3hrf;4a06;5ack;2biy;4aw0;4ct2;4rqk;5mrd;4aw1;5lvo;3hrc;4xx9;4ct1;4a07;1h1w;4rqv;4rrv
O15530	PDPK1	ATP	44	126	TYR	5lvp;3hrf;4a06;5ack;2biy;4aw0;4ct2;4rqk;5mrd;4aw1;5lvo;3hrc;4xx9;4ct1;4a07;1h1w;4rqv;4rrv
O15530	PDPK1	ATP	78	160	SER	5lvp;3hrf;4a06;5ack;2biy;4aw0;4ct2;4rqk;5mrd;4aw1;5lvo;3hrc;4xx9;4ct1;4a07;1h1w;4rqv;4rrv
O15530	PDPK1	ATP	80	162	ALA	5lvp;3hrf;4a06;5ack;2biy;4aw0;4ct2;4rqk;5mrd;4aw1;5lvo;3hrc;4xx9;4ct1;4a07;1h1w;4rqv;4rrv
O15530	PDPK1	ATP	84	166	GLU	5lvp;3hrf;4a06;5ack;2biy;4aw0;4ct2;4rqk;5mrd;4aw1;5lvo;3hrc;4xx9;4ct1;4a07;1h1w;4rqv;4rrv
O15530	PDPK1	ATP	127	209	GLU	5lvp;3hrf;4a06;5ack;2biy;4aw0;4ct2;4rqk;5mrd;4aw1;5lvo;3hrc;4xx9;4ct1;4a07;1h1w;4rqv;4rrv
O15530	PDPK1	ATP	130	212	LEU	5lvp;3hrf;4a06;5ack;2biy;4aw0;4ct2;4rqk;5mrd;4aw1;5lvo;3hrc;4xx9;4ct1;4a07;1h1w;4rqv;4rrv
O15530	PDPK1	ATP	141	223	ASP	5lvp;3hrf;4a06;5ack;2biy;4aw0;4ct2;4rqk;5mrd;4aw1;5lvo;3hrc;4xx9;4ct1;4a07;1h1w;4rqv;4rrv
P48730-2	CSNK1D	ADP	8	16	GLY	6ru7;6ru8
P48730-2	CSNK1D	ADP	10	18	GLY	6ru7;6ru8
P48730-2	CSNK1D	ADP	15	23	ILE	6ru7;6ru8
P48730-2	CSNK1D	ADP	30	38	LYS	6ru7;6ru8
P48730-2	CSNK1D	ADP	48	52	GLU	6ru7;6ru8
P48730-2	CSNK1D	ADP	52	56	TYR	6ru7;6ru8
P48730-2	CSNK1D	ADP	77	82	MET	6ru7;6ru8
P48730-2	CSNK1D	ADP	78	83	GLU	6ru7;6ru8
P48730-2	CSNK1D	ADP	80	85	LEU	6ru7;6ru8
P48730-2	CSNK1D	ADP	130	135	LEU	6ru7;6ru8
P48730-2	CSNK1D	ADP	140	148	ILE	6ru7;6ru8
P48730-2	CSNK1D	ADP	141	149	ASP	6ru7;6ru8
O43683	BUB1	ADP	8	794	GLY	4qpm;5dmz;4r8q
O43683	BUB1	ADP	10	796	GLY	4qpm;5dmz;4r8q
O43683	BUB1	ADP	11	797	ALA	4qpm;5dmz;4r8q
O43683	BUB1	ADP	12	798	PHE	4qpm;5dmz;4r8q
O43683	BUB1	ADP	13	799	ALA	4qpm;5dmz;4r8q
O43683	BUB1	ADP	15	801	VAL	4qpm;5dmz;4r8q
O43683	BUB1	ADP	35	821	LYS	4qpm;5dmz;4r8q
O43683	BUB1	ADP	61	850	MET	4qpm;5dmz;4r8q
O43683	BUB1	ADP	78	867	GLU	4qpm;5dmz;4r8q
O43683	BUB1	ADP	80	869	TYR	4qpm;5dmz;4r8q
O43683	BUB1	ADP	84	873	THR	4qpm;5dmz;4r8q
O43683	BUB1	ADP	127	921	ASP	4qpm;5dmz;4r8q
O43683	BUB1	ADP	128	922	ASN	4qpm;5dmz;4r8q
O43683	BUB1	ADP	130	924	ILE	4qpm;5dmz;4r8q
O43683	BUB1	ADP	140	945	ILE	4qpm;5dmz;4r8q
O43683	BUB1	ADP	141	946	ASP	4qpm;5dmz;4r8q
Q96SB4-3	SRPK1	ADP	7	257	LEU	1wbp
Q96SB4-3	SRPK1	ADP	10	260	GLY	1wbp
Q96SB4-3	SRPK1	ADP	13	263	SER	1wbp
Q96SB4-3	SRPK1	ADP	15	265	VAL	1wbp
Q96SB4-3	SRPK1	ADP	30	280	LYS	1wbp
Q96SB4-3	SRPK1	ADP	78	337	GLU	1wbp
Q96SB4-3	SRPK1	ADP	80	339	LEU	1wbp
Q08881	ITK	ADP	10	372	GLY	4m15
Q08881	ITK	ADP	11	373	GLN	4m15
Q08881	ITK	ADP	15	377	VAL	4m15
Q08881	ITK	ADP	28	389	ALA	4m15
Q08881	ITK	ADP	30	391	LYS	4m15
Q08881	ITK	ADP	78	436	GLU	4m15
Q08881	ITK	ADP	80	438	MET	4m15
Q08881	ITK	ADP	83	441	GLY	4m15
Q08881	ITK	ADP	84	442	CYS	4m15
Q08881	ITK	ADP	130	489	LEU	4m15
P28482	MAPK1	ADP	10	34	GLY	4iz5
P28482	MAPK1	ADP	11	35	ALA	4iz5
P28482	MAPK1	ADP	15	39	VAL	4iz5
P28482	MAPK1	ADP	28	52	ALA	4iz5
P28482	MAPK1	ADP	30	54	LYS	4iz5
P28482	MAPK1	ADP	78	106	ASP	4iz5
P28482	MAPK1	ADP	79	107	LEU	4iz5
P28482	MAPK1	ADP	80	108	MET	4iz5
P28482	MAPK1	ADP	83	111	ASP	4iz5
P28482	MAPK1	ADP	87	114	LYS	4iz5
P28482	MAPK1	ADP	130	156	LEU	4iz5
P50750-2	CDK9	ATP	30	165	LYS	3blq
P50750-2	CDK9	ATP	78	221	ASP	3blq
P50750-2	CDK9	ATP	79	222	PHE	3blq
P50750-2	CDK9	ATP	80	223	CYS	3blq
P50750-2	CDK9	ATP	125	268	LYS	3blq
P50750-2	CDK9	ATP	128	271	ASN	3blq
P50750-2	CDK9	ATP	141	284	ASP	3blq
Q9UQM7-2	CAMK2A	ADP	7	19	LEU	7ujs;7ujp
Q9UQM7-2	CAMK2A	ADP	9	21	LYS	7ujs;7ujp
Q9UQM7-2	CAMK2A	ADP	13	25	SER	7ujs;7ujp
Q9UQM7-2	CAMK2A	ADP	15	27	VAL	7ujs;7ujp
Q9UQM7-2	CAMK2A	ADP	28	40	ALA	7ujs;7ujp
Q9UQM7-2	CAMK2A	ADP	30	42	LYS	7ujs;7ujp
Q9UQM7-2	CAMK2A	ADP	78	90	ASP	7ujs;7ujp
Q9UQM7-2	CAMK2A	ADP	80	92	VAL	7ujs;7ujp
Q9UQM7-2	CAMK2A	ADP	84	96	GLU	7ujs;7ujp
Q9UQM7-2	CAMK2A	ADP	130	142	LEU	7ujs;7ujp
Q9UQM7-2	CAMK2A	ADP	141	156	ASP	7ujs;7ujp
Q9UQM7-2	CAMK2A	ATP	7	19	LEU	7kl1;7ujt;7uir;7ujp
Q9UQM7-2	CAMK2A	ATP	8	20	GLY	7kl1;7ujt;7uir;7ujp
Q9UQM7-2	CAMK2A	ATP	9	21	LYS	7kl1;7ujt;7uir;7ujp
Q9UQM7-2	CAMK2A	ATP	10	22	GLY	7kl1;7ujt;7uir;7ujp
Q9UQM7-2	CAMK2A	ATP	11	23	ALA	7kl1;7ujt;7uir;7ujp
Q9UQM7-2	CAMK2A	ATP	13	25	SER	7kl1;7ujt;7uir;7ujp
Q9UQM7-2	CAMK2A	ATP	15	27	VAL	7kl1;7ujt;7uir;7ujp
Q9UQM7-2	CAMK2A	ATP	28	40	ALA	7kl1;7ujt;7uir;7ujp
Q9UQM7-2	CAMK2A	ATP	30	42	LYS	7kl1;7ujt;7uir;7ujp
Q9UQM7-2	CAMK2A	ATP	78	90	ASP	7kl1;7ujt;7uir;7ujp
Q9UQM7-2	CAMK2A	ATP	79	91	LEU	7kl1;7ujt;7uir;7ujp
Q9UQM7-2	CAMK2A	ATP	80	92	VAL	7kl1;7ujt;7uir;7ujp
Q9UQM7-2	CAMK2A	ATP	84	96	GLU	7kl1;7ujt;7uir;7ujp
Q9UQM7-2	CAMK2A	ATP	123	135	ASP	7kl1;7ujt;7uir;7ujp
Q9UQM7-2	CAMK2A	ATP	125	137	LYS	7kl1;7ujt;7uir;7ujp
Q9UQM7-2	CAMK2A	ATP	128	140	ASN	7kl1;7ujt;7uir;7ujp
Q9UQM7-2	CAMK2A	ATP	130	142	LEU	7kl1;7ujt;7uir;7ujp
Q9UQM7-2	CAMK2A	ATP	141	156	ASP	7kl1;7ujt;7uir;7ujp
Q13153	PAK1	ATP	7	276	ILE	3q53
Q13153	PAK1	ATP	30	299	LYS	3q53
Q13153	PAK1	ATP	78	345	GLU	3q53
Q13153	PAK1	ATP	79	346	TYR	3q53
Q13153	PAK1	ATP	80	347	LEU	3q53
Q13153	PAK1	ATP	130	396	LEU	3q53
P00533	EGFR	ADP	12	723	PHE	4rix;4riw;4riy
P00533	EGFR	ADP	15	726	VAL	4rix;4riw;4riy
P00533	EGFR	ADP	28	743	ALA	4rix;4riw;4riy
P00533	EGFR	ADP	30	745	LYS	4rix;4riw;4riy
P00533	EGFR	ADP	77	790	THR	4rix;4riw;4riy
P00533	EGFR	ADP	78	791	GLN	4rix;4riw;4riy
P00533	EGFR	ADP	79	792	LEU	4rix;4riw;4riy
P00533	EGFR	ADP	80	793	MET	4rix;4riw;4riy
P00533	EGFR	ADP	84	797	CYS	4rix;4riw;4riy
P00533	EGFR	ADP	128	842	ASN	4rix;4riw;4riy
P00533	EGFR	ADP	130	844	LEU	4rix;4riw;4riy
P00533	EGFR	ADP	141	855	ASP	4rix;4riw;4riy
O14965	AURKA	ATP	7	139	LEU	1ol6;5obj;5dt4;5dnr;5dos;5dt3;5dn3;5drd;5dr2
O14965	AURKA	ATP	8	140	GLY	1ol6;5obj;5dt4;5dnr;5dos;5dt3;5dn3;5drd;5dr2
O14965	AURKA	ATP	9	141	LYS	1ol6;5obj;5dt4;5dnr;5dos;5dt3;5dn3;5drd;5dr2
O14965	AURKA	ATP	10	142	GLY	1ol6;5obj;5dt4;5dnr;5dos;5dt3;5dn3;5drd;5dr2
O14965	AURKA	ATP	11	143	LYS	1ol6;5obj;5dt4;5dnr;5dos;5dt3;5dn3;5drd;5dr2
O14965	AURKA	ATP	12	144	PHE	1ol6;5obj;5dt4;5dnr;5dos;5dt3;5dn3;5drd;5dr2
O14965	AURKA	ATP	13	145	GLY	1ol6;5obj;5dt4;5dnr;5dos;5dt3;5dn3;5drd;5dr2
O14965	AURKA	ATP	15	147	VAL	1ol6;5obj;5dt4;5dnr;5dos;5dt3;5dn3;5drd;5dr2
O14965	AURKA	ATP	28	160	ALA	1ol6;5obj;5dt4;5dnr;5dos;5dt3;5dn3;5drd;5dr2
O14965	AURKA	ATP	30	162	LYS	1ol6;5obj;5dt4;5dnr;5dos;5dt3;5dn3;5drd;5dr2
O14965	AURKA	ATP	48	181	GLU	1ol6;5obj;5dt4;5dnr;5dos;5dt3;5dn3;5drd;5dr2
O14965	AURKA	ATP	61	194	LEU	1ol6;5obj;5dt4;5dnr;5dos;5dt3;5dn3;5drd;5dr2
O14965	AURKA	ATP	78	211	GLU	1ol6;5obj;5dt4;5dnr;5dos;5dt3;5dn3;5drd;5dr2
O14965	AURKA	ATP	79	212	TYR	1ol6;5obj;5dt4;5dnr;5dos;5dt3;5dn3;5drd;5dr2
O14965	AURKA	ATP	80	213	ALA	1ol6;5obj;5dt4;5dnr;5dos;5dt3;5dn3;5drd;5dr2
O14965	AURKA	ATP	84	217	THR	1ol6;5obj;5dt4;5dnr;5dos;5dt3;5dn3;5drd;5dr2
O14965	AURKA	ATP	127	260	GLU	1ol6;5obj;5dt4;5dnr;5dos;5dt3;5dn3;5drd;5dr2
O14965	AURKA	ATP	128	261	ASN	1ol6;5obj;5dt4;5dnr;5dos;5dt3;5dn3;5drd;5dr2
O14965	AURKA	ATP	130	263	LEU	1ol6;5obj;5dt4;5dnr;5dos;5dt3;5dn3;5drd;5dr2
O14965	AURKA	ATP	141	274	ASP	1ol6;5obj;5dt4;5dnr;5dos;5dt3;5dn3;5drd;5dr2
O14965	AURKA	ATP	143	276	GLY	1ol6;5obj;5dt4;5dnr;5dos;5dt3;5dn3;5drd;5dr2
O14965	AURKA	ADP	7	139	LEU	5orv;5l8j;6r49;4dee;5os0;5g1x;4bn1;5odt;5os2;5os1;5osf;5os3;5orn;5orp;5orx;6r4b;5ose;5orl;4ceg;6r4a;1ol7;6r4d;1ol5;5orr;5oro;5ory;5lxm;5os4;5l8k;5ors;5os5;5orz;6r4c;2wqe;1mq4;5ort;5l8l;5os6;5osd;5orw
O14965	AURKA	ADP	8	140	GLY	5orv;5l8j;6r49;4dee;5os0;5g1x;4bn1;5odt;5os2;5os1;5osf;5os3;5orn;5orp;5orx;6r4b;5ose;5orl;4ceg;6r4a;1ol7;6r4d;1ol5;5orr;5oro;5ory;5lxm;5os4;5l8k;5ors;5os5;5orz;6r4c;2wqe;1mq4;5ort;5l8l;5os6;5osd;5orw
O14965	AURKA	ADP	9	141	LYS	5orv;5l8j;6r49;4dee;5os0;5g1x;4bn1;5odt;5os2;5os1;5osf;5os3;5orn;5orp;5orx;6r4b;5ose;5orl;4ceg;6r4a;1ol7;6r4d;1ol5;5orr;5oro;5ory;5lxm;5os4;5l8k;5ors;5os5;5orz;6r4c;2wqe;1mq4;5ort;5l8l;5os6;5osd;5orw
O14965	AURKA	ADP	10	142	GLY	5orv;5l8j;6r49;4dee;5os0;5g1x;4bn1;5odt;5os2;5os1;5osf;5os3;5orn;5orp;5orx;6r4b;5ose;5orl;4ceg;6r4a;1ol7;6r4d;1ol5;5orr;5oro;5ory;5lxm;5os4;5l8k;5ors;5os5;5orz;6r4c;2wqe;1mq4;5ort;5l8l;5os6;5osd;5orw
O14965	AURKA	ADP	11	143	LYS	5orv;5l8j;6r49;4dee;5os0;5g1x;4bn1;5odt;5os2;5os1;5osf;5os3;5orn;5orp;5orx;6r4b;5ose;5orl;4ceg;6r4a;1ol7;6r4d;1ol5;5orr;5oro;5ory;5lxm;5os4;5l8k;5ors;5os5;5orz;6r4c;2wqe;1mq4;5ort;5l8l;5os6;5osd;5orw
O14965	AURKA	ADP	12	144	PHE	5orv;5l8j;6r49;4dee;5os0;5g1x;4bn1;5odt;5os2;5os1;5osf;5os3;5orn;5orp;5orx;6r4b;5ose;5orl;4ceg;6r4a;1ol7;6r4d;1ol5;5orr;5oro;5ory;5lxm;5os4;5l8k;5ors;5os5;5orz;6r4c;2wqe;1mq4;5ort;5l8l;5os6;5osd;5orw
O14965	AURKA	ADP	13	145	GLY	5orv;5l8j;6r49;4dee;5os0;5g1x;4bn1;5odt;5os2;5os1;5osf;5os3;5orn;5orp;5orx;6r4b;5ose;5orl;4ceg;6r4a;1ol7;6r4d;1ol5;5orr;5oro;5ory;5lxm;5os4;5l8k;5ors;5os5;5orz;6r4c;2wqe;1mq4;5ort;5l8l;5os6;5osd;5orw
O14965	AURKA	ADP	15	147	VAL	5orv;5l8j;6r49;4dee;5os0;5g1x;4bn1;5odt;5os2;5os1;5osf;5os3;5orn;5orp;5orx;6r4b;5ose;5orl;4ceg;6r4a;1ol7;6r4d;1ol5;5orr;5oro;5ory;5lxm;5os4;5l8k;5ors;5os5;5orz;6r4c;2wqe;1mq4;5ort;5l8l;5os6;5osd;5orw
O14965	AURKA	ADP	23	155	SER	5orv;5l8j;6r49;4dee;5os0;5g1x;4bn1;5odt;5os2;5os1;5osf;5os3;5orn;5orp;5orx;6r4b;5ose;5orl;4ceg;6r4a;1ol7;6r4d;1ol5;5orr;5oro;5ory;5lxm;5os4;5l8k;5ors;5os5;5orz;6r4c;2wqe;1mq4;5ort;5l8l;5os6;5osd;5orw
O14965	AURKA	ADP	25	157	PHE	5orv;5l8j;6r49;4dee;5os0;5g1x;4bn1;5odt;5os2;5os1;5osf;5os3;5orn;5orp;5orx;6r4b;5ose;5orl;4ceg;6r4a;1ol7;6r4d;1ol5;5orr;5oro;5ory;5lxm;5os4;5l8k;5ors;5os5;5orz;6r4c;2wqe;1mq4;5ort;5l8l;5os6;5osd;5orw
O14965	AURKA	ADP	26	158	ILE	5orv;5l8j;6r49;4dee;5os0;5g1x;4bn1;5odt;5os2;5os1;5osf;5os3;5orn;5orp;5orx;6r4b;5ose;5orl;4ceg;6r4a;1ol7;6r4d;1ol5;5orr;5oro;5ory;5lxm;5os4;5l8k;5ors;5os5;5orz;6r4c;2wqe;1mq4;5ort;5l8l;5os6;5osd;5orw
O14965	AURKA	ADP	27	159	LEU	5orv;5l8j;6r49;4dee;5os0;5g1x;4bn1;5odt;5os2;5os1;5osf;5os3;5orn;5orp;5orx;6r4b;5ose;5orl;4ceg;6r4a;1ol7;6r4d;1ol5;5orr;5oro;5ory;5lxm;5os4;5l8k;5ors;5os5;5orz;6r4c;2wqe;1mq4;5ort;5l8l;5os6;5osd;5orw
O14965	AURKA	ADP	28	160	ALA	5orv;5l8j;6r49;4dee;5os0;5g1x;4bn1;5odt;5os2;5os1;5osf;5os3;5orn;5orp;5orx;6r4b;5ose;5orl;4ceg;6r4a;1ol7;6r4d;1ol5;5orr;5oro;5ory;5lxm;5os4;5l8k;5ors;5os5;5orz;6r4c;2wqe;1mq4;5ort;5l8l;5os6;5osd;5orw
O14965	AURKA	ADP	30	162	LYS	5orv;5l8j;6r49;4dee;5os0;5g1x;4bn1;5odt;5os2;5os1;5osf;5os3;5orn;5orp;5orx;6r4b;5ose;5orl;4ceg;6r4a;1ol7;6r4d;1ol5;5orr;5oro;5ory;5lxm;5os4;5l8k;5ors;5os5;5orz;6r4c;2wqe;1mq4;5ort;5l8l;5os6;5osd;5orw
O14965	AURKA	ADP	61	194	LEU	5orv;5l8j;6r49;4dee;5os0;5g1x;4bn1;5odt;5os2;5os1;5osf;5os3;5orn;5orp;5orx;6r4b;5ose;5orl;4ceg;6r4a;1ol7;6r4d;1ol5;5orr;5oro;5ory;5lxm;5os4;5l8k;5ors;5os5;5orz;6r4c;2wqe;1mq4;5ort;5l8l;5os6;5osd;5orw
O14965	AURKA	ADP	62	195	ARG	5orv;5l8j;6r49;4dee;5os0;5g1x;4bn1;5odt;5os2;5os1;5osf;5os3;5orn;5orp;5orx;6r4b;5ose;5orl;4ceg;6r4a;1ol7;6r4d;1ol5;5orr;5oro;5ory;5lxm;5os4;5l8k;5ors;5os5;5orz;6r4c;2wqe;1mq4;5ort;5l8l;5os6;5osd;5orw
O14965	AURKA	ADP	64	197	TYR	5orv;5l8j;6r49;4dee;5os0;5g1x;4bn1;5odt;5os2;5os1;5osf;5os3;5orn;5orp;5orx;6r4b;5ose;5orl;4ceg;6r4a;1ol7;6r4d;1ol5;5orr;5oro;5ory;5lxm;5os4;5l8k;5ors;5os5;5orz;6r4c;2wqe;1mq4;5ort;5l8l;5os6;5osd;5orw
O14965	AURKA	ADP	78	211	GLU	5orv;5l8j;6r49;4dee;5os0;5g1x;4bn1;5odt;5os2;5os1;5osf;5os3;5orn;5orp;5orx;6r4b;5ose;5orl;4ceg;6r4a;1ol7;6r4d;1ol5;5orr;5oro;5ory;5lxm;5os4;5l8k;5ors;5os5;5orz;6r4c;2wqe;1mq4;5ort;5l8l;5os6;5osd;5orw
O14965	AURKA	ADP	79	212	TYR	5orv;5l8j;6r49;4dee;5os0;5g1x;4bn1;5odt;5os2;5os1;5osf;5os3;5orn;5orp;5orx;6r4b;5ose;5orl;4ceg;6r4a;1ol7;6r4d;1ol5;5orr;5oro;5ory;5lxm;5os4;5l8k;5ors;5os5;5orz;6r4c;2wqe;1mq4;5ort;5l8l;5os6;5osd;5orw
O14965	AURKA	ADP	80	213	ALA	5orv;5l8j;6r49;4dee;5os0;5g1x;4bn1;5odt;5os2;5os1;5osf;5os3;5orn;5orp;5orx;6r4b;5ose;5orl;4ceg;6r4a;1ol7;6r4d;1ol5;5orr;5oro;5ory;5lxm;5os4;5l8k;5ors;5os5;5orz;6r4c;2wqe;1mq4;5ort;5l8l;5os6;5osd;5orw
O14965	AURKA	ADP	84	217	THR	5orv;5l8j;6r49;4dee;5os0;5g1x;4bn1;5odt;5os2;5os1;5osf;5os3;5orn;5orp;5orx;6r4b;5ose;5orl;4ceg;6r4a;1ol7;6r4d;1ol5;5orr;5oro;5ory;5lxm;5os4;5l8k;5ors;5os5;5orz;6r4c;2wqe;1mq4;5ort;5l8l;5os6;5osd;5orw
O14965	AURKA	ADP	87	220	ARG	5orv;5l8j;6r49;4dee;5os0;5g1x;4bn1;5odt;5os2;5os1;5osf;5os3;5orn;5orp;5orx;6r4b;5ose;5orl;4ceg;6r4a;1ol7;6r4d;1ol5;5orr;5oro;5ory;5lxm;5os4;5l8k;5ors;5os5;5orz;6r4c;2wqe;1mq4;5ort;5l8l;5os6;5osd;5orw
O14965	AURKA	ADP	127	260	GLU	5orv;5l8j;6r49;4dee;5os0;5g1x;4bn1;5odt;5os2;5os1;5osf;5os3;5orn;5orp;5orx;6r4b;5ose;5orl;4ceg;6r4a;1ol7;6r4d;1ol5;5orr;5oro;5ory;5lxm;5os4;5l8k;5ors;5os5;5orz;6r4c;2wqe;1mq4;5ort;5l8l;5os6;5osd;5orw
O14965	AURKA	ADP	128	261	ASN	5orv;5l8j;6r49;4dee;5os0;5g1x;4bn1;5odt;5os2;5os1;5osf;5os3;5orn;5orp;5orx;6r4b;5ose;5orl;4ceg;6r4a;1ol7;6r4d;1ol5;5orr;5oro;5ory;5lxm;5os4;5l8k;5ors;5os5;5orz;6r4c;2wqe;1mq4;5ort;5l8l;5os6;5osd;5orw
O14965	AURKA	ADP	130	263	LEU	5orv;5l8j;6r49;4dee;5os0;5g1x;4bn1;5odt;5os2;5os1;5osf;5os3;5orn;5orp;5orx;6r4b;5ose;5orl;4ceg;6r4a;1ol7;6r4d;1ol5;5orr;5oro;5ory;5lxm;5os4;5l8k;5ors;5os5;5orz;6r4c;2wqe;1mq4;5ort;5l8l;5os6;5osd;5orw
O14965	AURKA	ADP	133	266	SER	5orv;5l8j;6r49;4dee;5os0;5g1x;4bn1;5odt;5os2;5os1;5osf;5os3;5orn;5orp;5orx;6r4b;5ose;5orl;4ceg;6r4a;1ol7;6r4d;1ol5;5orr;5oro;5ory;5lxm;5os4;5l8k;5ors;5os5;5orz;6r4c;2wqe;1mq4;5ort;5l8l;5os6;5osd;5orw
O14965	AURKA	ADP	141	274	ASP	5orv;5l8j;6r49;4dee;5os0;5g1x;4bn1;5odt;5os2;5os1;5osf;5os3;5orn;5orp;5orx;6r4b;5ose;5orl;4ceg;6r4a;1ol7;6r4d;1ol5;5orr;5oro;5ory;5lxm;5os4;5l8k;5ors;5os5;5orz;6r4c;2wqe;1mq4;5ort;5l8l;5os6;5osd;5orw
O14965	AURKA	ADP	145	278	SER	5orv;5l8j;6r49;4dee;5os0;5g1x;4bn1;5odt;5os2;5os1;5osf;5os3;5orn;5orp;5orx;6r4b;5ose;5orl;4ceg;6r4a;1ol7;6r4d;1ol5;5orr;5oro;5ory;5lxm;5os4;5l8k;5ors;5os5;5orz;6r4c;2wqe;1mq4;5ort;5l8l;5os6;5osd;5orw
O14965	AURKA	ADP	146	279	VAL	5orv;5l8j;6r49;4dee;5os0;5g1x;4bn1;5odt;5os2;5os1;5osf;5os3;5orn;5orp;5orx;6r4b;5ose;5orl;4ceg;6r4a;1ol7;6r4d;1ol5;5orr;5oro;5ory;5lxm;5os4;5l8k;5ors;5os5;5orz;6r4c;2wqe;1mq4;5ort;5l8l;5os6;5osd;5orw
O14965	AURKA	ADP	147	280	HIS	5orv;5l8j;6r49;4dee;5os0;5g1x;4bn1;5odt;5os2;5os1;5osf;5os3;5orn;5orp;5orx;6r4b;5ose;5orl;4ceg;6r4a;1ol7;6r4d;1ol5;5orr;5oro;5ory;5lxm;5os4;5l8k;5ors;5os5;5orz;6r4c;2wqe;1mq4;5ort;5l8l;5os6;5osd;5orw
P08581	MET	ATP	7	1084	ILE	3dkc
P08581	MET	ATP	8	1085	GLY	3dkc
P08581	MET	ATP	10	1087	GLY	3dkc
P08581	MET	ATP	11	1088	HIS	3dkc
P08581	MET	ATP	15	1092	VAL	3dkc
P08581	MET	ATP	28	1108	ALA	3dkc
P08581	MET	ATP	30	1110	LYS	3dkc
P08581	MET	ATP	78	1158	PRO	3dkc
P08581	MET	ATP	80	1160	MET	3dkc
P08581	MET	ATP	123	1204	ASP	3dkc
P08581	MET	ATP	127	1208	ARG	3dkc
P08581	MET	ATP	128	1209	ASN	3dkc
P08581	MET	ATP	130	1211	MET	3dkc
P08581	MET	ATP	141	1222	ASP	3dkc
Q9NYV4-2	CDK12	ADP	10	736	GLY	4nst
Q9NYV4-2	CDK12	ADP	11	737	THR	4nst
Q9NYV4-2	CDK12	ADP	15	741	VAL	4nst
Q9NYV4-2	CDK12	ADP	28	754	ALA	4nst
Q9NYV4-2	CDK12	ADP	30	756	LYS	4nst
Q9NYV4-2	CDK12	ADP	77	813	PHE	4nst
Q9NYV4-2	CDK12	ADP	78	814	GLU	4nst
Q9NYV4-2	CDK12	ADP	80	816	MET	4nst
Q9NYV4-2	CDK12	ADP	83	819	ASP	4nst
Q9NYV4-2	CDK12	ADP	127	863	SER	4nst
Q9NYV4-2	CDK12	ADP	128	864	ASN	4nst
Q9NYV4-2	CDK12	ADP	130	866	LEU	4nst
Q9NYV4-2	CDK12	ADP	141	877	ASP	4nst
P49841-2	GSK3B	ADP	8	63	GLY	4nm0;4nm5;4nm3;4nm7;1j1c
P49841-2	GSK3B	ADP	9	64	ASN	4nm0;4nm5;4nm3;4nm7;1j1c
P49841-2	GSK3B	ADP	10	65	GLY	4nm0;4nm5;4nm3;4nm7;1j1c
P49841-2	GSK3B	ADP	12	67	PHE	4nm0;4nm5;4nm3;4nm7;1j1c
P49841-2	GSK3B	ADP	15	70	VAL	4nm0;4nm5;4nm3;4nm7;1j1c
P49841-2	GSK3B	ADP	28	83	ALA	4nm0;4nm5;4nm3;4nm7;1j1c
P49841-2	GSK3B	ADP	30	85	LYS	4nm0;4nm5;4nm3;4nm7;1j1c
P49841-2	GSK3B	ADP	61	110	VAL	4nm0;4nm5;4nm3;4nm7;1j1c
P49841-2	GSK3B	ADP	77	132	LEU	4nm0;4nm5;4nm3;4nm7;1j1c
P49841-2	GSK3B	ADP	78	133	ASP	4nm0;4nm5;4nm3;4nm7;1j1c
P49841-2	GSK3B	ADP	79	134	TYR	4nm0;4nm5;4nm3;4nm7;1j1c
P49841-2	GSK3B	ADP	80	135	VAL	4nm0;4nm5;4nm3;4nm7;1j1c
P49841-2	GSK3B	ADP	83	138	THR	4nm0;4nm5;4nm3;4nm7;1j1c
P49841-2	GSK3B	ADP	127	185	GLN	4nm0;4nm5;4nm3;4nm7;1j1c
P49841-2	GSK3B	ADP	128	186	ASN	4nm0;4nm5;4nm3;4nm7;1j1c
P49841-2	GSK3B	ADP	130	188	LEU	4nm0;4nm5;4nm3;4nm7;1j1c
P49841-2	GSK3B	ADP	141	200	ASP	4nm0;4nm5;4nm3;4nm7;1j1c
Q13418	ILK	ATP	30	220	LYS	3kmw;3rep
Q13418	ILK	ATP	78	270	HIS	3kmw;3rep
Q13418	ILK	ATP	79	271	TRP	3kmw;3rep
Q13418	ILK	ATP	80	272	MET	3kmw;3rep
Q13418	ILK	ATP	87	279	ASN	3kmw;3rep
Q13418	ILK	ATP	127	323	ARG	3kmw;3rep
Q13418	ILK	ATP	130	326	MET	3kmw;3rep
Q13418	ILK	ATP	141	339	ASP	3kmw;3rep
Q13418	ILK	ATP	143	341	LYS	3kmw;3rep
Q96SB4	SRPK1	ADP	7	86	LEU	1wbp
Q96SB4	SRPK1	ADP	10	89	GLY	1wbp
Q96SB4	SRPK1	ADP	13	92	SER	1wbp
Q96SB4	SRPK1	ADP	15	94	VAL	1wbp
Q96SB4	SRPK1	ADP	30	109	LYS	1wbp
Q96SB4	SRPK1	ADP	78	166	GLU	1wbp
Q96SB4	SRPK1	ADP	80	168	LEU	1wbp
Q9Y6E0-2	STK24	ATP	10	33	GLY	3a7h
Q9Y6E0-2	STK24	ATP	15	38	VAL	3a7h
Q9Y6E0-2	STK24	ATP	30	53	LYS	3a7h
Q9Y6E0-2	STK24	ATP	77	99	MET	3a7h
Q9Y6E0-2	STK24	ATP	78	100	GLU	3a7h
Q9Y6E0-2	STK24	ATP	80	102	LEU	3a7h
Q9Y6E0-2	STK24	ATP	130	151	LEU	3a7h
Q9Y6E0-2	STK24	ADP	8	31	GLY	3a7j;4o27
Q9Y6E0-2	STK24	ADP	10	33	GLY	3a7j;4o27
Q9Y6E0-2	STK24	ADP	11	34	SER	3a7j;4o27
Q9Y6E0-2	STK24	ADP	12	35	PHE	3a7j;4o27
Q9Y6E0-2	STK24	ADP	15	38	VAL	3a7j;4o27
Q9Y6E0-2	STK24	ADP	28	51	ALA	3a7j;4o27
Q9Y6E0-2	STK24	ADP	30	53	LYS	3a7j;4o27
Q9Y6E0-2	STK24	ADP	77	99	MET	3a7j;4o27
Q9Y6E0-2	STK24	ADP	78	100	GLU	3a7j;4o27
Q9Y6E0-2	STK24	ADP	80	102	LEU	3a7j;4o27
Q9Y6E0-2	STK24	ADP	84	106	SER	3a7j;4o27
Q9Y6E0-2	STK24	ADP	130	151	LEU	3a7j;4o27
Q9Y6E0-2	STK24	ADP	141	162	ASP	3a7j;4o27
Q12866	MERTK	ADP	7	593	LEU	3brb
Q12866	MERTK	ADP	15	601	VAL	3brb
Q12866	MERTK	ADP	30	619	LYS	3brb
Q12866	MERTK	ADP	78	672	PRO	3brb
Q12866	MERTK	ADP	79	673	PHE	3brb
Q12866	MERTK	ADP	80	674	MET	3brb
Q12866	MERTK	ADP	84	678	ASP	3brb
Q12866	MERTK	ADP	127	727	ARG	3brb
Q12866	MERTK	ADP	128	728	ASN	3brb
Q12866	MERTK	ADP	130	730	MET	3brb
Q12866	MERTK	ADP	141	741	ASP	3brb
Q5TCY1	TTBK1	ATP	9	42	GLY	4btj
Q5TCY1	TTBK1	ATP	15	48	ILE	4btj
Q5TCY1	TTBK1	ATP	28	61	ALA	4btj
Q5TCY1	TTBK1	ATP	30	63	LYS	4btj
Q5TCY1	TTBK1	ATP	77	107	MET	4btj
Q5TCY1	TTBK1	ATP	78	108	GLN	4btj
Q5TCY1	TTBK1	ATP	79	109	LEU	4btj
Q5TCY1	TTBK1	ATP	80	110	GLN	4btj
Q5TCY1	TTBK1	ATP	84	113	ASN	4btj
Q5TCY1	TTBK1	ATP	127	158	SER	4btj
Q5TCY1	TTBK1	ATP	128	159	ASN	4btj
Q5TCY1	TTBK1	ATP	140	175	LEU	4btj
Q5TCY1	TTBK1	ATP	141	176	ASP	4btj
Q5TCY1	TTBK1	ADP	8	41	GLY	4btj
Q5TCY1	TTBK1	ADP	15	48	ILE	4btj
Q5TCY1	TTBK1	ADP	28	61	ALA	4btj
Q5TCY1	TTBK1	ADP	30	63	LYS	4btj
Q5TCY1	TTBK1	ADP	61	91	CYS	4btj
Q5TCY1	TTBK1	ADP	77	107	MET	4btj
Q5TCY1	TTBK1	ADP	78	108	GLN	4btj
Q5TCY1	TTBK1	ADP	79	109	LEU	4btj
Q5TCY1	TTBK1	ADP	80	110	GLN	4btj
Q5TCY1	TTBK1	ADP	84	113	ASN	4btj
Q5TCY1	TTBK1	ADP	127	158	SER	4btj
Q5TCY1	TTBK1	ADP	128	159	ASN	4btj
Q5TCY1	TTBK1	ADP	140	175	LEU	4btj
Q5TCY1	TTBK1	ADP	141	176	ASP	4btj
P24941	CDK2	ADP	8	11	GLY	4i3z;4ii5;3qhr;3qhw
P24941	CDK2	ADP	10	13	GLY	4i3z;4ii5;3qhr;3qhw
P24941	CDK2	ADP	12	15	TYR	4i3z;4ii5;3qhr;3qhw
P24941	CDK2	ADP	13	16	GLY	4i3z;4ii5;3qhr;3qhw
P24941	CDK2	ADP	15	18	VAL	4i3z;4ii5;3qhr;3qhw
P24941	CDK2	ADP	28	31	ALA	4i3z;4ii5;3qhr;3qhw
P24941	CDK2	ADP	30	33	LYS	4i3z;4ii5;3qhr;3qhw
P24941	CDK2	ADP	78	81	GLU	4i3z;4ii5;3qhr;3qhw
P24941	CDK2	ADP	80	83	LEU	4i3z;4ii5;3qhr;3qhw
P24941	CDK2	ADP	83	86	ASP	4i3z;4ii5;3qhr;3qhw
P24941	CDK2	ADP	87	89	LYS	4i3z;4ii5;3qhr;3qhw
P24941	CDK2	ADP	127	131	GLN	4i3z;4ii5;3qhr;3qhw
P24941	CDK2	ADP	128	132	ASN	4i3z;4ii5;3qhr;3qhw
P24941	CDK2	ADP	130	134	LEU	4i3z;4ii5;3qhr;3qhw
P24941	CDK2	ADP	141	145	ASP	4i3z;4ii5;3qhr;3qhw
P24941	CDK2	ATP	7	10	ILE	1jst;2cch;4eoq;1b39;4eom;1fin;4eoo;1b38;1qmz;1hck;4eoj;2cjm;2cci;1gy3;1fq1
P24941	CDK2	ATP	8	11	GLY	1jst;2cch;4eoq;1b39;4eom;1fin;4eoo;1b38;1qmz;1hck;4eoj;2cjm;2cci;1gy3;1fq1
P24941	CDK2	ATP	9	12	GLU	1jst;2cch;4eoq;1b39;4eom;1fin;4eoo;1b38;1qmz;1hck;4eoj;2cjm;2cci;1gy3;1fq1
P24941	CDK2	ATP	10	13	GLY	1jst;2cch;4eoq;1b39;4eom;1fin;4eoo;1b38;1qmz;1hck;4eoj;2cjm;2cci;1gy3;1fq1
P24941	CDK2	ATP	11	14	THR	1jst;2cch;4eoq;1b39;4eom;1fin;4eoo;1b38;1qmz;1hck;4eoj;2cjm;2cci;1gy3;1fq1
P24941	CDK2	ATP	12	15	TYR	1jst;2cch;4eoq;1b39;4eom;1fin;4eoo;1b38;1qmz;1hck;4eoj;2cjm;2cci;1gy3;1fq1
P24941	CDK2	ATP	15	18	VAL	1jst;2cch;4eoq;1b39;4eom;1fin;4eoo;1b38;1qmz;1hck;4eoj;2cjm;2cci;1gy3;1fq1
P24941	CDK2	ATP	28	31	ALA	1jst;2cch;4eoq;1b39;4eom;1fin;4eoo;1b38;1qmz;1hck;4eoj;2cjm;2cci;1gy3;1fq1
P24941	CDK2	ATP	30	33	LYS	1jst;2cch;4eoq;1b39;4eom;1fin;4eoo;1b38;1qmz;1hck;4eoj;2cjm;2cci;1gy3;1fq1
P24941	CDK2	ATP	61	64	VAL	1jst;2cch;4eoq;1b39;4eom;1fin;4eoo;1b38;1qmz;1hck;4eoj;2cjm;2cci;1gy3;1fq1
P24941	CDK2	ATP	77	80	PHE	1jst;2cch;4eoq;1b39;4eom;1fin;4eoo;1b38;1qmz;1hck;4eoj;2cjm;2cci;1gy3;1fq1
P24941	CDK2	ATP	78	81	GLU	1jst;2cch;4eoq;1b39;4eom;1fin;4eoo;1b38;1qmz;1hck;4eoj;2cjm;2cci;1gy3;1fq1
P24941	CDK2	ATP	79	82	PHE	1jst;2cch;4eoq;1b39;4eom;1fin;4eoo;1b38;1qmz;1hck;4eoj;2cjm;2cci;1gy3;1fq1
P24941	CDK2	ATP	80	83	LEU	1jst;2cch;4eoq;1b39;4eom;1fin;4eoo;1b38;1qmz;1hck;4eoj;2cjm;2cci;1gy3;1fq1
P24941	CDK2	ATP	83	86	ASP	1jst;2cch;4eoq;1b39;4eom;1fin;4eoo;1b38;1qmz;1hck;4eoj;2cjm;2cci;1gy3;1fq1
P24941	CDK2	ATP	87	89	LYS	1jst;2cch;4eoq;1b39;4eom;1fin;4eoo;1b38;1qmz;1hck;4eoj;2cjm;2cci;1gy3;1fq1
P24941	CDK2	ATP	125	129	LYS	1jst;2cch;4eoq;1b39;4eom;1fin;4eoo;1b38;1qmz;1hck;4eoj;2cjm;2cci;1gy3;1fq1
P24941	CDK2	ATP	127	131	GLN	1jst;2cch;4eoq;1b39;4eom;1fin;4eoo;1b38;1qmz;1hck;4eoj;2cjm;2cci;1gy3;1fq1
P24941	CDK2	ATP	128	132	ASN	1jst;2cch;4eoq;1b39;4eom;1fin;4eoo;1b38;1qmz;1hck;4eoj;2cjm;2cci;1gy3;1fq1
P24941	CDK2	ATP	130	134	LEU	1jst;2cch;4eoq;1b39;4eom;1fin;4eoo;1b38;1qmz;1hck;4eoj;2cjm;2cci;1gy3;1fq1
P24941	CDK2	ATP	141	145	ASP	1jst;2cch;4eoq;1b39;4eom;1fin;4eoo;1b38;1qmz;1hck;4eoj;2cjm;2cci;1gy3;1fq1
P24941	CDK2	ATP	143	147	GLY	1jst;2cch;4eoq;1b39;4eom;1fin;4eoo;1b38;1qmz;1hck;4eoj;2cjm;2cci;1gy3;1fq1
P24941	CDK2	ATP	144	148	LEU	1jst;2cch;4eoq;1b39;4eom;1fin;4eoo;1b38;1qmz;1hck;4eoj;2cjm;2cci;1gy3;1fq1
P51955-2	NEK2	ADP	10	17	GLY	2w5a
P51955-2	NEK2	ADP	11	18	SER	2w5a
P51955-2	NEK2	ADP	15	22	CYS	2w5a
P51955-2	NEK2	ADP	30	37	LYS	2w5a
P51955-2	NEK2	ADP	78	87	GLU	2w5a
P51955-2	NEK2	ADP	80	89	CYS	2w5a
P51955-2	NEK2	ADP	130	148	PHE	2w5a
P51955-2	NEK2	ADP	146	164	ARG	2w5a
Q05397	PTK2	ATP	7	428	ILE	2ijm
Q05397	PTK2	ATP	8	429	GLY	2ijm
Q05397	PTK2	ATP	10	431	GLY	2ijm
Q05397	PTK2	ATP	11	432	GLN	2ijm
Q05397	PTK2	ATP	15	436	VAL	2ijm
Q05397	PTK2	ATP	30	454	LYS	2ijm
Q05397	PTK2	ATP	48	471	GLU	2ijm
Q05397	PTK2	ATP	77	499	MET	2ijm
Q05397	PTK2	ATP	78	500	GLU	2ijm
Q05397	PTK2	ATP	79	501	LEU	2ijm
Q05397	PTK2	ATP	80	502	CYS	2ijm
Q05397	PTK2	ATP	127	550	ARG	2ijm
Q05397	PTK2	ATP	130	553	LEU	2ijm
Q05397	PTK2	ATP	141	564	ASP	2ijm
Q05397	PTK2	ATP	142	565	PHE	2ijm
Q05397	PTK2	ATP	144	567	LEU	2ijm
Q05397	PTK2	ADP	7	428	ILE	1mp8;2ijm
Q05397	PTK2	ADP	8	429	GLY	1mp8;2ijm
Q05397	PTK2	ADP	9	430	GLU	1mp8;2ijm
Q05397	PTK2	ADP	10	431	GLY	1mp8;2ijm
Q05397	PTK2	ADP	11	432	GLN	1mp8;2ijm
Q05397	PTK2	ADP	15	436	VAL	1mp8;2ijm
Q05397	PTK2	ADP	28	452	ALA	1mp8;2ijm
Q05397	PTK2	ADP	30	454	LYS	1mp8;2ijm
Q05397	PTK2	ADP	48	471	GLU	1mp8;2ijm
Q05397	PTK2	ADP	61	484	VAL	1mp8;2ijm
Q05397	PTK2	ADP	77	499	MET	1mp8;2ijm
Q05397	PTK2	ADP	78	500	GLU	1mp8;2ijm
Q05397	PTK2	ADP	79	501	LEU	1mp8;2ijm
Q05397	PTK2	ADP	80	502	CYS	1mp8;2ijm
Q05397	PTK2	ADP	84	506	GLU	1mp8;2ijm
Q05397	PTK2	ADP	130	553	LEU	1mp8;2ijm
Q05397	PTK2	ADP	141	564	ASP	1mp8;2ijm
Q9NYV4-3	CDK12	ADP	10	735	GLY	4nst
Q9NYV4-3	CDK12	ADP	11	736	THR	4nst
Q9NYV4-3	CDK12	ADP	15	740	VAL	4nst
Q9NYV4-3	CDK12	ADP	28	753	ALA	4nst
Q9NYV4-3	CDK12	ADP	30	755	LYS	4nst
Q9NYV4-3	CDK12	ADP	77	812	PHE	4nst
Q9NYV4-3	CDK12	ADP	78	813	GLU	4nst
Q9NYV4-3	CDK12	ADP	80	815	MET	4nst
Q9NYV4-3	CDK12	ADP	83	818	ASP	4nst
Q9NYV4-3	CDK12	ADP	127	862	SER	4nst
Q9NYV4-3	CDK12	ADP	128	863	ASN	4nst
Q9NYV4-3	CDK12	ADP	130	865	LEU	4nst
Q9NYV4-3	CDK12	ADP	141	876	ASP	4nst
Q02750	MAP2K1	ADP	7	74	LEU	3eqi;3mbl;4ark;6nyb;3eqh;3eqg
Q02750	MAP2K1	ADP	9	76	ALA	3eqi;3mbl;4ark;6nyb;3eqh;3eqg
Q02750	MAP2K1	ADP	10	77	GLY	3eqi;3mbl;4ark;6nyb;3eqh;3eqg
Q02750	MAP2K1	ADP	15	82	VAL	3eqi;3mbl;4ark;6nyb;3eqh;3eqg
Q02750	MAP2K1	ADP	28	95	ALA	3eqi;3mbl;4ark;6nyb;3eqh;3eqg
Q02750	MAP2K1	ADP	30	97	LYS	3eqi;3mbl;4ark;6nyb;3eqh;3eqg
Q02750	MAP2K1	ADP	77	143	MET	3eqi;3mbl;4ark;6nyb;3eqh;3eqg
Q02750	MAP2K1	ADP	78	144	GLU	3eqi;3mbl;4ark;6nyb;3eqh;3eqg
Q02750	MAP2K1	ADP	80	146	MET	3eqi;3mbl;4ark;6nyb;3eqh;3eqg
Q02750	MAP2K1	ADP	84	150	SER	3eqi;3mbl;4ark;6nyb;3eqh;3eqg
Q02750	MAP2K1	ADP	87	153	GLN	3eqi;3mbl;4ark;6nyb;3eqh;3eqg
Q02750	MAP2K1	ADP	125	192	LYS	3eqi;3mbl;4ark;6nyb;3eqh;3eqg
Q02750	MAP2K1	ADP	127	194	SER	3eqi;3mbl;4ark;6nyb;3eqh;3eqg
Q02750	MAP2K1	ADP	128	195	ASN	3eqi;3mbl;4ark;6nyb;3eqh;3eqg
Q02750	MAP2K1	ADP	130	197	LEU	3eqi;3mbl;4ark;6nyb;3eqh;3eqg
Q02750	MAP2K1	ADP	141	208	ASP	3eqi;3mbl;4ark;6nyb;3eqh;3eqg
Q02750	MAP2K1	ATP	7	74	LEU	4an3;3os3;3vvh;1s9j;3v04;3pp1;2p55;3e8n;3dv3;3eqb;3v01;3dy7
Q02750	MAP2K1	ATP	8	75	GLY	4an3;3os3;3vvh;1s9j;3v04;3pp1;2p55;3e8n;3dv3;3eqb;3v01;3dy7
Q02750	MAP2K1	ATP	9	76	ALA	4an3;3os3;3vvh;1s9j;3v04;3pp1;2p55;3e8n;3dv3;3eqb;3v01;3dy7
Q02750	MAP2K1	ATP	10	77	GLY	4an3;3os3;3vvh;1s9j;3v04;3pp1;2p55;3e8n;3dv3;3eqb;3v01;3dy7
Q02750	MAP2K1	ATP	11	78	ASN	4an3;3os3;3vvh;1s9j;3v04;3pp1;2p55;3e8n;3dv3;3eqb;3v01;3dy7
Q02750	MAP2K1	ATP	15	82	VAL	4an3;3os3;3vvh;1s9j;3v04;3pp1;2p55;3e8n;3dv3;3eqb;3v01;3dy7
Q02750	MAP2K1	ATP	28	95	ALA	4an3;3os3;3vvh;1s9j;3v04;3pp1;2p55;3e8n;3dv3;3eqb;3v01;3dy7
Q02750	MAP2K1	ATP	30	97	LYS	4an3;3os3;3vvh;1s9j;3v04;3pp1;2p55;3e8n;3dv3;3eqb;3v01;3dy7
Q02750	MAP2K1	ATP	77	143	MET	4an3;3os3;3vvh;1s9j;3v04;3pp1;2p55;3e8n;3dv3;3eqb;3v01;3dy7
Q02750	MAP2K1	ATP	78	144	GLU	4an3;3os3;3vvh;1s9j;3v04;3pp1;2p55;3e8n;3dv3;3eqb;3v01;3dy7
Q02750	MAP2K1	ATP	80	146	MET	4an3;3os3;3vvh;1s9j;3v04;3pp1;2p55;3e8n;3dv3;3eqb;3v01;3dy7
Q02750	MAP2K1	ATP	84	150	SER	4an3;3os3;3vvh;1s9j;3v04;3pp1;2p55;3e8n;3dv3;3eqb;3v01;3dy7
Q02750	MAP2K1	ATP	87	153	GLN	4an3;3os3;3vvh;1s9j;3v04;3pp1;2p55;3e8n;3dv3;3eqb;3v01;3dy7
Q02750	MAP2K1	ATP	125	192	LYS	4an3;3os3;3vvh;1s9j;3v04;3pp1;2p55;3e8n;3dv3;3eqb;3v01;3dy7
Q02750	MAP2K1	ATP	127	194	SER	4an3;3os3;3vvh;1s9j;3v04;3pp1;2p55;3e8n;3dv3;3eqb;3v01;3dy7
Q02750	MAP2K1	ATP	128	195	ASN	4an3;3os3;3vvh;1s9j;3v04;3pp1;2p55;3e8n;3dv3;3eqb;3v01;3dy7
Q02750	MAP2K1	ATP	130	197	LEU	4an3;3os3;3vvh;1s9j;3v04;3pp1;2p55;3e8n;3dv3;3eqb;3v01;3dy7
Q02750	MAP2K1	ATP	141	208	ASP	4an3;3os3;3vvh;1s9j;3v04;3pp1;2p55;3e8n;3dv3;3eqb;3v01;3dy7
Q7RTN6-2	STRADA	ATP	8	39	GLY	3gni
Q7RTN6-2	STRADA	ATP	10	41	GLY	3gni
Q7RTN6-2	STRADA	ATP	13	46	MET	3gni
Q7RTN6-2	STRADA	ATP	15	48	VAL	3gni
Q7RTN6-2	STRADA	ATP	28	61	THR	3gni
Q7RTN6-2	STRADA	ATP	30	63	ARG	3gni
Q7RTN6-2	STRADA	ATP	77	110	THR	3gni
Q7RTN6-2	STRADA	ATP	78	111	SER	3gni
Q7RTN6-2	STRADA	ATP	80	113	MET	3gni
Q7RTN6-2	STRADA	ATP	87	120	ASP	3gni
Q7RTN6-2	STRADA	ATP	127	162	SER	3gni
Q7RTN6-2	STRADA	ATP	128	163	HIS	3gni
Q7RTN6-2	STRADA	ATP	130	165	LEU	3gni
Q7RTN6-2	STRADA	ATP	143	178	ARG	3gni
P06213-2	INSR	ATP	15	1025	VAL	3bu5
P06213-2	INSR	ATP	30	1045	LYS	3bu5
P06213-2	INSR	ATP	48	1062	GLU	3bu5
P06213-2	INSR	ATP	77	1091	MET	3bu5
P06213-2	INSR	ATP	78	1092	GLU	3bu5
P06213-2	INSR	ATP	80	1094	MET	3bu5
P06213-2	INSR	ATP	84	1098	ASP	3bu5
P06213-2	INSR	ATP	127	1151	ARG	3bu5
P06213-2	INSR	ATP	130	1154	MET	3bu5
P06213-2	INSR	ATP	141	1165	ASP	3bu5
P06213-2	INSR	ATP	143	1167	GLY	3bu5
O96017	CHEK2	ADP	8	227	GLY	2cn5
O96017	CHEK2	ADP	10	229	GLY	2cn5
O96017	CHEK2	ADP	12	231	CYS	2cn5
O96017	CHEK2	ADP	13	232	GLY	2cn5
O96017	CHEK2	ADP	15	234	VAL	2cn5
O96017	CHEK2	ADP	30	249	LYS	2cn5
O96017	CHEK2	ADP	78	302	GLU	2cn5
O96017	CHEK2	ADP	79	303	LEU	2cn5
O96017	CHEK2	ADP	80	304	MET	2cn5
O96017	CHEK2	ADP	84	308	GLU	2cn5
O96017	CHEK2	ADP	127	351	GLU	2cn5
O96017	CHEK2	ADP	128	352	ASN	2cn5
O96017	CHEK2	ADP	130	354	LEU	2cn5
O96017	CHEK2	ADP	141	368	ASP	2cn5
O94768	STK17B	ADP	15	47	VAL	6qf4
O94768	STK17B	ADP	30	62	LYS	6qf4
O94768	STK17B	ADP	78	111	GLU	6qf4
O94768	STK17B	ADP	80	113	ALA	6qf4
O94768	STK17B	ADP	84	117	GLU	6qf4
O94768	STK17B	ADP	127	162	GLN	6qf4
O94768	STK17B	ADP	128	163	ASN	6qf4
O94768	STK17B	ADP	130	165	LEU	6qf4
O94768	STK17B	ADP	141	179	ASP	6qf4
O96013	PAK4	ATP	10	330	GLY	4xbr
O96013	PAK4	ATP	11	331	SER	4xbr
O96013	PAK4	ATP	12	332	THR	4xbr
O96013	PAK4	ATP	15	335	VAL	4xbr
O96013	PAK4	ATP	30	350	LYS	4xbr
O96013	PAK4	ATP	77	395	MET	4xbr
O96013	PAK4	ATP	78	396	GLU	4xbr
O96013	PAK4	ATP	80	398	LEU	4xbr
O96013	PAK4	ATP	130	447	LEU	4xbr
O96013	PAK4	ATP	141	458	ASP	4xbr
O96013	PAK4	ATP	143	460	GLY	4xbr
O96013	PAK4	ATP	144	461	PHE	4xbr
Q9Y5S2	CDC42BPB	ADP	15	90	VAL	4uak
Q9Y5S2	CDC42BPB	ADP	30	105	LYS	4uak
Q9Y5S2	CDC42BPB	ADP	77	153	MET	4uak
Q9Y5S2	CDC42BPB	ADP	78	154	ASP	4uak
Q9Y5S2	CDC42BPB	ADP	79	155	TYR	4uak
Q9Y5S2	CDC42BPB	ADP	80	156	TYR	4uak
Q9Y5S2	CDC42BPB	ADP	84	160	ASP	4uak
Q9Y5S2	CDC42BPB	ADP	127	204	ASP	4uak
Q9Y5S2	CDC42BPB	ADP	128	205	ASN	4uak
Q9Y5S2	CDC42BPB	ADP	130	207	LEU	4uak
Q9Y5S2	CDC42BPB	ADP	141	218	ASP	4uak
P17612	PRKACA	ATP	8	51	GLY	4wb5;4wb6;4wb8;6no7;6byr;4wb7
P17612	PRKACA	ATP	9	52	THR	4wb5;4wb6;4wb8;6no7;6byr;4wb7
P17612	PRKACA	ATP	10	53	GLY	4wb5;4wb6;4wb8;6no7;6byr;4wb7
P17612	PRKACA	ATP	11	54	SER	4wb5;4wb6;4wb8;6no7;6byr;4wb7
P17612	PRKACA	ATP	12	55	PHE	4wb5;4wb6;4wb8;6no7;6byr;4wb7
P17612	PRKACA	ATP	13	56	GLY	4wb5;4wb6;4wb8;6no7;6byr;4wb7
P17612	PRKACA	ATP	15	58	VAL	4wb5;4wb6;4wb8;6no7;6byr;4wb7
P17612	PRKACA	ATP	28	71	ALA	4wb5;4wb6;4wb8;6no7;6byr;4wb7
P17612	PRKACA	ATP	30	73	LYS	4wb5;4wb6;4wb8;6no7;6byr;4wb7
P17612	PRKACA	ATP	61	105	VAL	4wb5;4wb6;4wb8;6no7;6byr;4wb7
P17612	PRKACA	ATP	77	121	MET	4wb5;4wb6;4wb8;6no7;6byr;4wb7
P17612	PRKACA	ATP	78	122	GLU	4wb5;4wb6;4wb8;6no7;6byr;4wb7
P17612	PRKACA	ATP	79	123	TYR	4wb5;4wb6;4wb8;6no7;6byr;4wb7
P17612	PRKACA	ATP	80	124	VAL	4wb5;4wb6;4wb8;6no7;6byr;4wb7
P17612	PRKACA	ATP	84	128	GLU	4wb5;4wb6;4wb8;6no7;6byr;4wb7
P17612	PRKACA	ATP	123	167	ASP	4wb5;4wb6;4wb8;6no7;6byr;4wb7
P17612	PRKACA	ATP	125	169	LYS	4wb5;4wb6;4wb8;6no7;6byr;4wb7
P17612	PRKACA	ATP	127	171	GLU	4wb5;4wb6;4wb8;6no7;6byr;4wb7
P17612	PRKACA	ATP	128	172	ASN	4wb5;4wb6;4wb8;6no7;6byr;4wb7
P17612	PRKACA	ATP	130	174	LEU	4wb5;4wb6;4wb8;6no7;6byr;4wb7
P17612	PRKACA	ATP	140	184	THR	4wb5;4wb6;4wb8;6no7;6byr;4wb7
P17612	PRKACA	ATP	141	185	ASP	4wb5;4wb6;4wb8;6no7;6byr;4wb7
Q9H2K8	TAOK3	ADP	8	31	GLY	6bdn
Q9H2K8	TAOK3	ADP	10	33	GLY	6bdn
Q9H2K8	TAOK3	ADP	12	35	PHE	6bdn
Q9H2K8	TAOK3	ADP	15	38	VAL	6bdn
Q9H2K8	TAOK3	ADP	28	51	ALA	6bdn
Q9H2K8	TAOK3	ADP	30	53	LYS	6bdn
Q9H2K8	TAOK3	ADP	77	101	MET	6bdn
Q9H2K8	TAOK3	ADP	78	102	GLU	6bdn
Q9H2K8	TAOK3	ADP	80	104	CYS	6bdn
Q9H2K8	TAOK3	ADP	127	151	GLY	6bdn
Q9H2K8	TAOK3	ADP	128	152	ASN	6bdn
Q9H2K8	TAOK3	ADP	130	154	LEU	6bdn
Q9H2K8	TAOK3	ADP	141	165	ASP	6bdn
P51955	NEK2	ADP	10	17	GLY	2w5a
P51955	NEK2	ADP	11	18	SER	2w5a
P51955	NEK2	ADP	15	22	CYS	2w5a
P51955	NEK2	ADP	30	37	LYS	2w5a
P51955	NEK2	ADP	78	87	GLU	2w5a
P51955	NEK2	ADP	80	89	CYS	2w5a
P51955	NEK2	ADP	130	148	PHE	2w5a
P51955	NEK2	ADP	146	164	ARG	2w5a
P33981	TTK	ATP	7	531	ILE	3hmn
P33981	TTK	ATP	8	532	GLY	3hmn
P33981	TTK	ATP	9	533	SER	3hmn
P33981	TTK	ATP	10	534	GLY	3hmn
P33981	TTK	ATP	15	539	VAL	3hmn
P33981	TTK	ATP	77	602	MET	3hmn
P33981	TTK	ATP	78	603	GLU	3hmn
P33981	TTK	ATP	80	605	GLY	3hmn
P33981	TTK	ATP	83	608	ASP	3hmn
P33981	TTK	ATP	130	654	LEU	3hmn
P33981	TTK	ATP	140	663	ILE	3hmn
Q8TDX7	NEK7	ADP	10	43	GLY	2wqn;6npy
Q8TDX7	NEK7	ADP	11	44	GLN	2wqn;6npy
Q8TDX7	NEK7	ADP	12	45	PHE	2wqn;6npy
Q8TDX7	NEK7	ADP	13	46	SER	2wqn;6npy
Q8TDX7	NEK7	ADP	15	48	VAL	2wqn;6npy
Q8TDX7	NEK7	ADP	30	63	LYS	2wqn;6npy
Q8TDX7	NEK7	ADP	78	112	GLU	2wqn;6npy
Q8TDX7	NEK7	ADP	80	114	ALA	2wqn;6npy
Q8TDX7	NEK7	ADP	130	168	PHE	2wqn;6npy
Q8TDX7	NEK7	ADP	141	179	ASP	2wqn;6npy
P10721	KIT	ADP	10	598	GLY	1pkg
P10721	KIT	ADP	11	599	ALA	1pkg
P10721	KIT	ADP	12	600	PHE	1pkg
P10721	KIT	ADP	13	601	GLY	1pkg
P10721	KIT	ADP	15	603	VAL	1pkg
P10721	KIT	ADP	28	621	ALA	1pkg
P10721	KIT	ADP	30	623	LYS	1pkg
P10721	KIT	ADP	77	670	THR	1pkg
P10721	KIT	ADP	78	671	GLU	1pkg
P10721	KIT	ADP	80	673	CYS	1pkg
P10721	KIT	ADP	84	677	ASP	1pkg
P10721	KIT	ADP	127	796	ARG	1pkg
P10721	KIT	ADP	128	797	ASN	1pkg
P10721	KIT	ADP	130	799	LEU	1pkg
P10721	KIT	ADP	141	810	ASP	1pkg
P19525	EIF2AK2	ADP	11	277	GLY	6d3k
P19525	EIF2AK2	ADP	12	278	PHE	6d3k
P19525	EIF2AK2	ADP	13	279	GLY	6d3k
P19525	EIF2AK2	ADP	15	281	VAL	6d3k
P19525	EIF2AK2	ADP	28	294	VAL	6d3k
P19525	EIF2AK2	ADP	30	296	LYS	6d3k
P19525	EIF2AK2	ADP	77	366	MET	6d3k
P19525	EIF2AK2	ADP	78	367	GLU	6d3k
P19525	EIF2AK2	ADP	80	369	CYS	6d3k
P19525	EIF2AK2	ADP	84	373	THR	6d3k
P19525	EIF2AK2	ADP	127	418	SER	6d3k
P19525	EIF2AK2	ADP	128	419	ASN	6d3k
P19525	EIF2AK2	ADP	130	421	PHE	6d3k
P19525	EIF2AK2	ADP	141	432	ASP	6d3k
Q14004	CDK13	ADP	10	714	GLY	5efq
Q14004	CDK13	ADP	11	715	THR	5efq
Q14004	CDK13	ADP	15	719	VAL	5efq
Q14004	CDK13	ADP	28	732	ALA	5efq
Q14004	CDK13	ADP	30	734	LYS	5efq
Q14004	CDK13	ADP	78	792	GLU	5efq
Q14004	CDK13	ADP	80	794	MET	5efq
Q14004	CDK13	ADP	83	797	ASP	5efq
Q14004	CDK13	ADP	127	841	SER	5efq
Q14004	CDK13	ADP	128	842	ASN	5efq
Q14004	CDK13	ADP	130	844	LEU	5efq
Q14004	CDK13	ADP	141	855	ASP	5efq
O00311	CDC7	ADP	10	67	GLY	6ya8;6ya7;4f9a;4f99
O00311	CDC7	ADP	13	70	SER	6ya8;6ya7;4f9a;4f99
O00311	CDC7	ADP	15	72	VAL	6ya8;6ya7;4f9a;4f99
O00311	CDC7	ADP	28	88	ALA	6ya8;6ya7;4f9a;4f99
O00311	CDC7	ADP	30	90	LYS	6ya8;6ya7;4f9a;4f99
O00311	CDC7	ADP	61	118	MET	6ya8;6ya7;4f9a;4f99
O00311	CDC7	ADP	77	134	MET	6ya8;6ya7;4f9a;4f99
O00311	CDC7	ADP	78	135	PRO	6ya8;6ya7;4f9a;4f99
O00311	CDC7	ADP	79	136	TYR	6ya8;6ya7;4f9a;4f99
O00311	CDC7	ADP	80	137	LEU	6ya8;6ya7;4f9a;4f99
O00311	CDC7	ADP	82	139	HIS	6ya8;6ya7;4f9a;4f99
O00311	CDC7	ADP	127	181	SER	6ya8;6ya7;4f9a;4f99
O00311	CDC7	ADP	128	182	ASN	6ya8;6ya7;4f9a;4f99
O00311	CDC7	ADP	130	184	LEU	6ya8;6ya7;4f9a;4f99
O00311	CDC7	ADP	141	196	ASP	6ya8;6ya7;4f9a;4f99
O75914-3	PAK3	ADP	8	311	GLY	6fd3
O75914-3	PAK3	ADP	10	313	GLY	6fd3
O75914-3	PAK3	ADP	11	314	ALA	6fd3
O75914-3	PAK3	ADP	12	315	SER	6fd3
O75914-3	PAK3	ADP	13	316	GLY	6fd3
O75914-3	PAK3	ADP	15	318	VAL	6fd3
O75914-3	PAK3	ADP	28	331	ALA	6fd3
O75914-3	PAK3	ADP	30	333	LYS	6fd3
O75914-3	PAK3	ADP	77	378	MET	6fd3
O75914-3	PAK3	ADP	78	379	GLU	6fd3
O75914-3	PAK3	ADP	79	380	TYR	6fd3
O75914-3	PAK3	ADP	80	381	LEU	6fd3
O75914-3	PAK3	ADP	84	385	SER	6fd3
O75914-3	PAK3	ADP	127	427	ASP	6fd3
O75914-3	PAK3	ADP	128	428	ASN	6fd3
O75914-3	PAK3	ADP	130	430	LEU	6fd3
O75914-3	PAK3	ADP	141	441	ASP	6fd3
Q9UQM7	CAMK2A	ADP	7	19	LEU	7ujs;7ujp
Q9UQM7	CAMK2A	ADP	9	21	LYS	7ujs;7ujp
Q9UQM7	CAMK2A	ADP	13	25	SER	7ujs;7ujp
Q9UQM7	CAMK2A	ADP	15	27	VAL	7ujs;7ujp
Q9UQM7	CAMK2A	ADP	28	40	ALA	7ujs;7ujp
Q9UQM7	CAMK2A	ADP	30	42	LYS	7ujs;7ujp
Q9UQM7	CAMK2A	ADP	78	90	ASP	7ujs;7ujp
Q9UQM7	CAMK2A	ADP	80	92	VAL	7ujs;7ujp
Q9UQM7	CAMK2A	ADP	84	96	GLU	7ujs;7ujp
Q9UQM7	CAMK2A	ADP	130	142	LEU	7ujs;7ujp
Q9UQM7	CAMK2A	ADP	141	156	ASP	7ujs;7ujp
Q9UQM7	CAMK2A	ATP	7	19	LEU	7kl1;7ujt;7uir;7ujp
Q9UQM7	CAMK2A	ATP	8	20	GLY	7kl1;7ujt;7uir;7ujp
Q9UQM7	CAMK2A	ATP	9	21	LYS	7kl1;7ujt;7uir;7ujp
Q9UQM7	CAMK2A	ATP	10	22	GLY	7kl1;7ujt;7uir;7ujp
Q9UQM7	CAMK2A	ATP	11	23	ALA	7kl1;7ujt;7uir;7ujp
Q9UQM7	CAMK2A	ATP	13	25	SER	7kl1;7ujt;7uir;7ujp
Q9UQM7	CAMK2A	ATP	15	27	VAL	7kl1;7ujt;7uir;7ujp
Q9UQM7	CAMK2A	ATP	28	40	ALA	7kl1;7ujt;7uir;7ujp
Q9UQM7	CAMK2A	ATP	30	42	LYS	7kl1;7ujt;7uir;7ujp
Q9UQM7	CAMK2A	ATP	78	90	ASP	7kl1;7ujt;7uir;7ujp
Q9UQM7	CAMK2A	ATP	79	91	LEU	7kl1;7ujt;7uir;7ujp
Q9UQM7	CAMK2A	ATP	80	92	VAL	7kl1;7ujt;7uir;7ujp
Q9UQM7	CAMK2A	ATP	84	96	GLU	7kl1;7ujt;7uir;7ujp
Q9UQM7	CAMK2A	ATP	123	135	ASP	7kl1;7ujt;7uir;7ujp
Q9UQM7	CAMK2A	ATP	125	137	LYS	7kl1;7ujt;7uir;7ujp
Q9UQM7	CAMK2A	ATP	128	140	ASN	7kl1;7ujt;7uir;7ujp
Q9UQM7	CAMK2A	ATP	130	142	LEU	7kl1;7ujt;7uir;7ujp
Q9UQM7	CAMK2A	ATP	141	156	ASP	7kl1;7ujt;7uir;7ujp
Q14004-2	CDK13	ADP	10	714	GLY	5efq
Q14004-2	CDK13	ADP	11	715	THR	5efq
Q14004-2	CDK13	ADP	15	719	VAL	5efq
Q14004-2	CDK13	ADP	28	732	ALA	5efq
Q14004-2	CDK13	ADP	30	734	LYS	5efq
Q14004-2	CDK13	ADP	78	792	GLU	5efq
Q14004-2	CDK13	ADP	80	794	MET	5efq
Q14004-2	CDK13	ADP	83	797	ASP	5efq
Q14004-2	CDK13	ADP	127	841	SER	5efq
Q14004-2	CDK13	ADP	128	842	ASN	5efq
Q14004-2	CDK13	ADP	130	844	LEU	5efq
Q14004-2	CDK13	ADP	141	855	ASP	5efq
Q5S007	LRRK2	ATP	9	1887	ASP	7lht;7li4;7li3;7lhw
Q5S007	LRRK2	ATP	10	1888	GLY	7lht;7li4;7li3;7lhw
Q5S007	LRRK2	ATP	14	1892	SER	7lht;7li4;7li3;7lhw
Q5S007	LRRK2	ATP	15	1893	VAL	7lht;7li4;7li3;7lhw
Q5S007	LRRK2	ATP	77	1947	MET	7lht;7li4;7li3;7lhw
Q5S007	LRRK2	ATP	78	1948	GLU	7lht;7li4;7li3;7lhw
Q5S007	LRRK2	ATP	79	1949	LEU	7lht;7li4;7li3;7lhw
Q5S007	LRRK2	ATP	80	1950	ALA	7lht;7li4;7li3;7lhw
Q5S007	LRRK2	ATP	84	1954	SER	7lht;7li4;7li3;7lhw
Q5S007	LRRK2	ATP	127	1998	HIS	7lht;7li4;7li3;7lhw
Q5S007	LRRK2	ATP	130	2001	LEU	7lht;7li4;7li3;7lhw
P50613	CDK7	ATP	7	18	LEU	1ua2
P50613	CDK7	ATP	9	20	GLU	1ua2
P50613	CDK7	ATP	10	21	GLY	1ua2
P50613	CDK7	ATP	11	22	GLN	1ua2
P50613	CDK7	ATP	12	23	PHE	1ua2
P50613	CDK7	ATP	13	24	ALA	1ua2
P50613	CDK7	ATP	15	26	VAL	1ua2
P50613	CDK7	ATP	30	41	LYS	1ua2
P50613	CDK7	ATP	78	92	ASP	1ua2
P50613	CDK7	ATP	79	93	PHE	1ua2
P50613	CDK7	ATP	80	94	MET	1ua2
P50613	CDK7	ATP	147	161	SER	1ua2
