#Gene	Name	Mutation	Pfam_Pos	ac	gl	m1	m2	m3	me	p	sm	ub	ac	gl	m1	m2	m3	me	p	sm	ub	Pfam_PTM	A	D	R	Ortho_100
MAP2K3	P46734	L215W	148	-	-	-	-	-	-	-	-	-	-	-	-	-	-	-	-	-	-	MAPK14|p|25;WNK4|ub|25	-	-	-	-2.64098
MAP2K3	P46734	T222M	155	-	-	-	-	-	-	-	-	-	-	-	-	-	-	-	Y	-	-	MAP2K6|ac|80;PLK1|m1|26;PAK4|me|28;MAP2K3|p|100;OXSR1|ub|28	-	-	-	-1.97221
MAP2K3	P46734	A84T	21	-	-	-	-	-	-	-	-	-	-	-	-	-	-	-	-	-	-	PBK|p|25;STK10|ub|33	-	-	-	-0.06303
MAP2K3	P46734	R94L	31	-	-	-	-	-	-	-	-	-	-	-	-	-	-	-	-	-	-	MAPK3|ac|27;EPHA2|p|24;NEK7|ub|28	-	-	-	-1.61372
MAP2K3	P46734	R96W	33	-	-	-	-	-	-	-	-	-	-	-	-	-	-	-	-	-	-	MAPKAPK3|p|24;LCK|ub|25	-	-	-	-2.76252
PIM1	P11309	L193F	148	-	-	-	-	-	-	-	-	Y	-	-	-	-	-	-	-	-	-	MAPK14|p|24;WNK1|ub|20	-	-	-	0.49537
PIM1	P11309	S97N	56	-	-	-	-	-	-	-	-	-	-	-	-	-	-	-	-	-	-	CDK9|ac|34;MYO3A|p|27	-	-	-	-1.26861
PIM1	P11309	S97R	56	-	-	-	-	-	-	-	-	-	-	-	-	-	-	-	-	-	-	CDK9|ac|34;MYO3A|p|27	-	-	-	-0.0391
PIM1	P11309	S97T	56	-	-	-	-	-	-	-	-	-	-	-	-	-	-	-	-	-	-	CDK9|ac|34;MYO3A|p|27	-	-	-	-1.45623
PIM1	P11309	V96M	55	-	-	-	-	-	-	-	-	-	-	-	-	-	-	-	-	-	-	RPS6KA3|p|28	-	-	-	-1.51639
PIM1	P11309	L93F	52	-	-	-	-	-	-	-	-	-	-	-	-	-	-	-	-	-	-	-	-	-	-	-3.03059
PIM1	P11309	E79D	42	-	-	-	-	-	-	-	-	-	-	-	-	-	-	-	-	-	-	ILK|p|25;PDPK1|ub|25	-	-	-	-1.94692
PIM1	P11309	S75F	38	-	-	-	-	-	-	-	-	-	-	-	-	-	-	-	-	-	-	CDK9|ac|34;CDK11B|ub|29	-	-	-	-2.60245
PIM1	P11309	L164F	120	-	-	-	-	-	-	-	-	-	-	-	-	-	-	-	-	-	-	-	-	-	-	-0.85378
PIM1	P11309	E135K	91	-	-	-	-	-	-	-	-	-	-	-	-	-	-	-	-	-	-	KDR|p|29;PRKAA1|sm|28;AURKB|ub|30	-	-	-	-1.17835
PIM1	P11309	E181D	136	-	-	-	-	-	-	-	-	-	-	-	-	-	-	-	-	-	-	RPS6KA2|p|29;CDC7|ub|23	-	-	-	-0.47538
PIM1	P11309	L182V	137	-	-	-	-	-	-	-	-	-	-	-	-	-	-	-	-	-	-	TBK1|p|28	-	-	-	1.428
MAP2K1	Q02750	V211D	144	-	-	-	-	-	-	Y	-	-	-	-	-	-	-	-	-	-	-	MAP3K5|p|29	-	-	R	-5.46717
BRSK2	Q8IWQ3	T174E	156	-	-	-	-	-	-	-	-	-	-	-	-	-	-	-	Y	-	-	MAP2K2|ac|28;AKT1|gl|31;BRSK2|p|100;CHEK1|ub|34	A	-	-	-5.96779
BRSK2	Q8IWQ3	T175E	157	-	-	-	-	-	-	Y	-	-	-	-	-	-	-	-	-	-	-	PRKAA1|p|42;FER|ub|29	-	-	-	-
CHEK2	O96017	K373E	146	-	-	-	-	-	-	Y	-	-	-	-	-	-	-	-	-	-	-	GSK3B|ac|27;WNK4|p|25;CAMK4|ub|43	-	-	-	-1.7585
CHEK2	O96017	M381V	154	-	-	-	-	-	-	-	-	-	-	-	-	-	-	-	-	-	-	CDK1|p|28;JAK2|sm|28;TTK|ub|30	-	-	-	-3.62946
MAPK7	Q13164	R205P	146	-	-	-	-	-	-	-	-	-	-	-	-	-	-	-	-	-	-	GSK3B|ac|34;PRPF4B|p|27;CDK7|ub|35	-	-	-	-9.51285
MAP2K6	P52564	T112A	60	-	-	-	-	-	-	-	-	-	-	-	-	-	-	-	-	-	-	-	-	-	-	-1.4357
ABL1	P00519	E255K	14	-	-	-	-	-	-	-	-	-	-	-	-	-	-	-	-	-	-	ERBB4|p|40;HUNK|ub|29	-	-	-	-4.51827
ABL1	P00519	T315I	77	-	-	-	-	-	-	-	-	-	-	-	-	-	-	-	-	-	-	DDR1|p|37	-	-	-	-4.39264
ABL1	P00519	Y253H	12	-	-	-	-	-	-	-	-	-	-	-	-	-	-	-	Y	-	-	CAMK4|gl|26;ABL1|p|100	-	-	-	-6.40595
ABL1	P00519	F317L	79	-	-	-	-	-	-	-	-	-	-	-	-	-	-	-	-	-	-	EPHA3|p|39	-	-	-	-7.08854
CDK5	Q00535	F82I	79	-	-	-	-	-	-	-	-	-	-	-	-	-	-	-	-	-	-	JAK3|p|27	-	-	-	-5.05335
DYRK4	Q9NR20	R176C	70	-	-	-	-	-	-	-	-	-	-	-	-	-	-	-	-	-	-	-	-	-	-	-7.76056
MAP3K4	Q9Y6R4	G1366R	24	-	-	-	-	-	-	-	-	-	-	-	-	-	-	-	-	-	-	TTK|ub|28	-	-	-	-8.99971
RIPK4	P57078	A136P	118	-	-	-	-	-	-	-	-	-	-	-	-	-	-	-	-	-	-	IGF1R|sm|27;CHUK|ub|28	-	-	-	0.45174
ERBB4	Q15303	E872K	152	-	-	-	-	-	-	-	-	-	-	-	-	-	-	-	-	-	-	CDK9|ac|25;PTK2|p|38;RIPK1|ub|26	-	-	-	-
ACVR1B	P36896	K234R	30	-	-	-	-	-	-	-	-	-	-	-	-	-	-	-	-	-	-	CDK9|ac|30;EGFR|m1|23;STK4|m2|29;CDK2|sm|25;SRC|ub|31	-	-	-	-3.40373
TYRO3	Q06418	V669L	137	-	-	-	-	-	-	-	-	-	-	-	-	-	-	-	-	-	-	TBK1|p|23	-	-	-	-3.65254
MAP2K4	P45985	R134W	33	-	-	-	-	-	-	-	-	-	-	-	-	-	-	-	-	-	-	MAPKAPK3|p|24;ARAF|ub|27	-	-	-	-2.63129
STK38	Q15208	V106F	18	-	-	-	-	-	-	-	-	-	-	-	-	-	-	-	-	-	-	-	-	-	-	-4.30816
FES	P07332	T650R	91	-	-	-	-	-	-	-	-	-	-	-	-	-	-	-	-	-	-	KDR|p|47;PRKAA1|sm|27;PTK7|ub|36	-	-	-	-0.1385
STK11	Q15831	P281L	236	-	-	-	-	-	-	-	-	-	-	-	-	-	-	-	-	-	-	MAPK3|m3|25;STK39|p|26;NEK6|ub|30	-	-	-	-0.86958
TGFBR1	P36897	S241L	39	-	-	-	-	-	-	-	-	-	-	-	-	-	-	-	-	-	-	MAP3K5|p|25;MAP3K7|ub|30	-	-	-	-6.12921
SGK1	O00141	A115V	18	-	-	-	-	-	-	-	-	-	-	-	-	-	-	-	-	-	-	-	-	-	-	-1.46028
CSNK2A1	P68400	R80C	47	-	-	-	-	-	-	-	-	-	-	-	-	-	-	-	-	-	-	STK11|ac|24;MAPK14|me|30;MELK|p|24;NEK7|ub|27	-	-	-	-4.69945
PSKH2	Q96QS6	A176S	116	-	-	-	-	-	-	-	-	-	-	-	-	-	-	-	-	-	-	MAPK14|p|26;OXSR1|ub|28	-	-	-	0.62884
MARK3	P27448	E120K	65	-	-	-	-	-	-	-	-	-	-	-	-	-	-	-	-	-	-	NRBP1|ac|29;PIK3R4|ub|24	-	-	-	-2.9748
