#Gene	Name	Mutation	Pfam_Pos	ac	gl	m1	m2	m3	me	p	sm	ub	ac	gl	m1	m2	m3	me	p	sm	ub	Pfam_PTM	A	D	R	all_homs	bpsh	bpso	excl_para	orth	spec_para	MechismoX URL
PDGFRA	P16234	D842V	147	-	-	-	-	-	-	-	-	-	-	-	-	-	-	-	-	-	-	PTK2|p|37;AXL|ub|31	A	-	R	-4.52262	-3.10218	-5.16932	-4.46355	-5.3772	-6.58838	http://mechismox.russelllab.org/result?protein=P16234&mutation=D842V
PDGFRA	P16234	H687Y	90	-	-	-	-	-	-	-	-	-	-	-	-	-	-	-	-	-	-	GSK3B|p|34;FYN|ub|28	-	-	R	-3.58086	-3.60723	-4.3544	-3.00492	-4.4523	-3.67915	http://mechismox.russelllab.org/result?protein=P16234&mutation=H687Y
FGFR2	P21802	N550H	63	-	-	-	-	-	-	-	-	-	-	-	-	-	-	-	-	-	-	NEK7|p|25	-	-	R	-	-	-	-	-	-	http://mechismox.russelllab.org/result?protein=P21802&mutation=N550H
FGFR2	P21802	N550K	63	-	-	-	-	-	-	-	-	-	-	-	-	-	-	-	-	-	-	NEK7|p|25	-	-	R	-	-	-	-	-	-	http://mechismox.russelllab.org/result?protein=P21802&mutation=N550K
FGFR2	P21802	E566A	79	-	-	-	-	-	-	-	-	-	-	-	-	-	-	-	-	-	-	RET|p|46	-	-	R	-	-	-	-	-	-	http://mechismox.russelllab.org/result?protein=P21802&mutation=E566A
FGFR2	P21802	M538I	52	-	-	-	-	-	-	-	-	-	-	-	-	-	-	-	-	-	-	-	-	-	R	-5.29658	-4.98303	-4.19084	-5.23551	-4.50982	-3.68528	http://mechismox.russelllab.org/result?protein=P21802&mutation=M538I
FGFR2	P21802	L618M	115	-	-	-	-	-	-	-	-	-	-	-	-	-	-	-	-	-	-	-	-	-	R	-	-	-	-	-	-	http://mechismox.russelllab.org/result?protein=P21802&mutation=L618M
FGFR2	P21802	V565F	78	-	-	-	-	-	-	-	-	-	-	-	-	-	-	-	-	-	-	-	-	-	R	-	-	-	-	-	-	http://mechismox.russelllab.org/result?protein=P21802&mutation=V565F
EGFR	P00533	T790M	77	-	-	-	-	-	-	-	-	-	-	-	-	-	-	-	-	-	-	DDR1|p|33	A	-	R	-1.36192	-0.60619	0.40434	-7.2025	0.25508	-3.37728	http://mechismox.russelllab.org/result?protein=P00533&mutation=T790M
EGFR	P00533	C797S	84	-	-	-	-	-	-	-	-	-	-	-	-	-	-	-	-	-	-	FYN|p|36	-	-	R	-1.52474	-2.0264	-1.02802	-1.6718	-1.24933	-1.62577	http://mechismox.russelllab.org/result?protein=P00533&mutation=C797S
EGFR	P00533	L718V	7	-	-	-	-	-	-	-	-	-	-	-	-	-	-	-	-	-	-	-	-	-	R	-4.75046	-3.77255	-2.61183	-4.5559	-2.74616	-2.24948	http://mechismox.russelllab.org/result?protein=P00533&mutation=L718V
EGFR	P00533	L792F	79	-	-	-	-	-	-	-	-	-	-	-	-	-	-	-	-	-	-	EPHA3|p|36	-	-	R	-1.73514	-1.82253	-1.54067	-1.54778	-1.69853	-0.61336	http://mechismox.russelllab.org/result?protein=P00533&mutation=L792F
EGFR	P00533	L718Q	7	-	-	-	-	-	-	-	-	-	-	-	-	-	-	-	-	-	-	-	-	-	R	-7.65963	-6.6978	-5.41953	-7.73903	-5.55666	-4.01615	http://mechismox.russelllab.org/result?protein=P00533&mutation=L718Q
EGFR	P00533	C797G	84	-	-	-	-	-	-	-	-	-	-	-	-	-	-	-	-	-	-	FYN|p|36	-	-	R	-5.40423	-5.00572	-3.69031	-5.19109	-3.94907	-3.20349	http://mechismox.russelllab.org/result?protein=P00533&mutation=C797G
EGFR	P00533	L792P	79	-	-	-	-	-	-	-	-	-	-	-	-	-	-	-	-	-	-	EPHA3|p|36	-	-	R	-5.29876	-4.83593	-3.30992	-6.32001	-3.25059	-3.42164	http://mechismox.russelllab.org/result?protein=P00533&mutation=L792P
EGFR	P00533	L747P	32	-	-	-	-	-	-	-	-	-	-	-	-	-	-	-	-	-	-	PKMYT1|p|22	-	-	R	-6.66955	-5.75937	-4.64598	-7.43708	-4.78491	-4.26859	http://mechismox.russelllab.org/result?protein=P00533&mutation=L747P
EGFR	P00533	G796D	83	-	-	-	-	-	-	-	-	-	-	-	-	-	-	-	-	-	-	-	-	-	R	-5.73359	-4.81817	-3.58474	-8.29026	-3.70022	-4.09735	http://mechismox.russelllab.org/result?protein=P00533&mutation=G796D
EGFR	P00533	G796R	83	-	-	-	-	-	-	-	-	-	-	-	-	-	-	-	-	-	-	-	-	-	R	-4.54732	-4.42855	-3.10117	-6.32281	-3.23419	-4.57708	http://mechismox.russelllab.org/result?protein=P00533&mutation=G796R
EGFR	P00533	G796S	83	-	-	-	-	-	-	-	-	-	-	-	-	-	-	-	-	-	-	-	-	-	R	-6.55214	-5.66714	-4.27775	-7.75177	-4.41808	-3.7647	http://mechismox.russelllab.org/result?protein=P00533&mutation=G796S
EGFR	P00533	G719A	8	-	-	-	-	-	-	Y	-	-	-	-	-	-	-	-	-	-	-	-	A	-	R	-4.26295	-3.65593	-2.84257	-8.5675	-2.93125	-3.64491	http://mechismox.russelllab.org/result?protein=P00533&mutation=G719A
EGFR	P00533	L792H	79	-	-	-	-	-	-	-	-	-	-	-	-	-	-	-	-	-	-	EPHA3|p|36	-	-	R	-4.36	-3.94447	-2.24581	-5.01445	-2.35441	-2.04105	http://mechismox.russelllab.org/result?protein=P00533&mutation=L792H
EGFR	P00533	L792R	79	-	-	-	-	-	-	-	-	-	-	-	-	-	-	-	-	-	-	EPHA3|p|36	-	-	R	-4.96258	-4.47411	-2.50338	-6.12698	-2.54295	-2.78206	http://mechismox.russelllab.org/result?protein=P00533&mutation=L792R
EGFR	P00533	M766Q	52	-	-	-	-	-	-	-	-	-	-	-	-	-	-	-	-	-	-	-	-	-	R	-8.80784	-7.98565	-6.164	-9.19303	-6.34919	-4.35427	http://mechismox.russelllab.org/result?protein=P00533&mutation=M766Q
EGFR	P00533	D761Y	47	-	-	-	-	-	-	-	-	-	-	-	-	-	-	-	-	-	-	STK11|ac|22;MAPK14|me|28;MELK|p|25;NEK7|ub|24	-	-	R	-4.70759	-3.23897	-2.95803	-5.51134	-3.13815	-4.65449	http://mechismox.russelllab.org/result?protein=P00533&mutation=D761Y
EGFR	P00533	L792V	79	-	-	-	-	-	-	-	-	-	-	-	-	-	-	-	-	-	-	EPHA3|p|36	-	-	R	-3.26058	-2.92209	-2.15503	-4.09238	-1.89606	-1.61865	http://mechismox.russelllab.org/result?protein=P00533&mutation=L792V
KIT	P10721	D816H	147	-	-	-	-	-	-	-	-	-	-	-	-	-	-	-	-	-	-	PTK2|p|39;AXL|ub|28	A	-	R	-3.3107	-1.94954	-3.52292	-3.28835	-3.34065	-4.3803	http://mechismox.russelllab.org/result?protein=P10721&mutation=D816H
KIT	P10721	D820Y	151	-	-	-	-	-	-	Y	-	-	-	-	-	-	-	-	-	-	-	MAP2K2|ac|36;CHEK2|gl|25;TEK|p|41;MET|ub|45	-	-	R	-2.42371	-4.16981	-3.86737	-2.38617	-4.13533	-3.26066	http://mechismox.russelllab.org/result?protein=P10721&mutation=D820Y
KIT	P10721	V654A	61	-	-	-	-	-	-	-	-	-	-	-	-	-	-	-	-	-	-	-	-	-	R	-4.54248	-6.04935	-3.98259	-4.52908	-4.14176	-4.87534	http://mechismox.russelllab.org/result?protein=P10721&mutation=V654A
KIT	P10721	N822Y	153	-	-	-	-	-	-	Y	-	-	-	-	-	-	-	-	-	-	-	FGFR3|p|40;EGFR|ub|41	A	-	R	2.07154	0.40072	-4.31781	2.15127	-4.18985	0.26784	http://mechismox.russelllab.org/result?protein=P10721&mutation=N822Y
KIT	P10721	N822K	153	-	-	-	-	-	-	Y	-	-	-	-	-	-	-	-	-	-	-	FGFR3|p|40;EGFR|ub|41	A	-	R	-2.87411	-2.49868	-2.77241	-2.80225	-2.67307	-1.88723	http://mechismox.russelllab.org/result?protein=P10721&mutation=N822K
KIT	P10721	K642E	50	-	-	-	-	-	-	-	-	-	-	-	-	-	-	-	-	-	-	CDK9|ac|26;EGFR|p|41;FER|ub|46	-	-	R	-0.10764	-0.13121	-3.84817	-0.07945	-4.13238	-0.56913	http://mechismox.russelllab.org/result?protein=P10721&mutation=K642E
KIT	P10721	D820A	151	-	-	-	-	-	-	Y	-	-	-	-	-	-	-	-	-	-	-	MAP2K2|ac|36;CHEK2|gl|25;TEK|p|41;MET|ub|45	-	-	R	-2.44893	-3.06486	-2.83501	-2.41373	-3.07179	-1.50421	http://mechismox.russelllab.org/result?protein=P10721&mutation=D820A
KIT	P10721	T670I	77	-	-	-	-	-	-	-	-	-	-	-	-	-	-	-	-	-	-	DDR1|p|29	-	-	R	-0.13606	0.69076	-2.40317	-0.03204	-2.00021	0.4027	http://mechismox.russelllab.org/result?protein=P10721&mutation=T670I
KIT	P10721	D820E	151	-	-	-	-	-	-	Y	-	-	-	-	-	-	-	-	-	-	-	MAP2K2|ac|36;CHEK2|gl|25;TEK|p|41;MET|ub|45	-	-	R	-1.91355	-2.74493	-2.14438	-1.87571	-2.28911	-1.37078	http://mechismox.russelllab.org/result?protein=P10721&mutation=D820E
KIT	P10721	A829P	157	-	-	-	-	-	-	-	-	-	-	-	-	-	-	-	-	-	-	PTK2|p|39;FER|ub|46	-	-	R	-3.32328	-3.08092	-3.18687	-3.26281	-3.58891	-2.87024	http://mechismox.russelllab.org/result?protein=P10721&mutation=A829P
KIT	P10721	T670E	77	-	-	-	-	-	-	-	-	-	-	-	-	-	-	-	-	-	-	DDR1|p|29	-	-	R	-2.30674	-1.35039	-3.92984	-2.18565	-3.94933	-4.02192	http://mechismox.russelllab.org/result?protein=P10721&mutation=T670E
KIT	P10721	D820G	151	-	-	-	-	-	-	Y	-	-	-	-	-	-	-	-	-	-	-	MAP2K2|ac|36;CHEK2|gl|25;TEK|p|41;MET|ub|45	-	-	R	-1.3824	-1.6649	-3.16382	-1.34872	-3.34594	-1.40169	http://mechismox.russelllab.org/result?protein=P10721&mutation=D820G
KIT	P10721	D816E	147	-	-	-	-	-	-	-	-	-	-	-	-	-	-	-	-	-	-	PTK2|p|39;AXL|ub|28	A	-	R	-2.87487	-1.48338	-2.57801	-2.85127	-2.56125	-2.49386	http://mechismox.russelllab.org/result?protein=P10721&mutation=D816E
KIT	P10721	C809G	140	-	-	-	-	-	-	-	-	-	-	-	-	-	-	-	-	-	-	RET|p|33	-	-	R	-2.48369	-2.6963	-5.01168	-2.42399	-5.39056	-4.15411	http://mechismox.russelllab.org/result?protein=P10721&mutation=C809G
KIT	P10721	S821F	152	-	-	-	-	-	-	-	-	-	-	-	-	-	-	-	Y	-	-	CDK9|ac|26;KIT|p|100;RIPK1|ub|29	-	-	R	-4.29394	-1.97856	-4.5251	-4.20534	-4.68055	-3.64594	http://mechismox.russelllab.org/result?protein=P10721&mutation=S821F
KIT	P10721	D816A	147	-	-	-	-	-	-	-	-	-	-	-	-	-	-	-	-	-	-	PTK2|p|39;AXL|ub|28	A	-	R	-5.25072	-3.65824	-4.03127	-5.23351	-3.73758	-5.05033	http://mechismox.russelllab.org/result?protein=P10721&mutation=D816A
KIT	P10721	D816G	147	-	-	-	-	-	-	-	-	-	-	-	-	-	-	-	-	-	-	PTK2|p|39;AXL|ub|28	A	-	R	-4.49412	-4.28623	-3.83895	-4.47776	-3.79388	-3.65198	http://mechismox.russelllab.org/result?protein=P10721&mutation=D816G
KIT	P10721	N680K	87	-	-	-	-	-	-	-	-	-	-	-	-	-	-	-	-	-	-	CDK5|ub|29	-	-	R	-1.42398	-1.39647	-1.32478	-1.41847	-1.65432	-2.44299	http://mechismox.russelllab.org/result?protein=P10721&mutation=N680K
KIT	P10721	D820V	151	-	-	-	-	-	-	Y	-	-	-	-	-	-	-	-	-	-	-	MAP2K2|ac|36;CHEK2|gl|25;TEK|p|41;MET|ub|45	-	-	R	-3.83434	-4.47531	-3.86938	-3.80218	-4.20309	-3.53856	http://mechismox.russelllab.org/result?protein=P10721&mutation=D820V
KIT	P10721	N655T	62	-	-	-	-	-	-	-	-	-	-	-	-	-	-	-	-	-	-	GRK4|p|31;JAK2|sm|30;TBK1|ub|26	-	-	R	-3.82173	-3.44911	-3.68102	-3.80283	-3.18875	-4.59441	http://mechismox.russelllab.org/result?protein=P10721&mutation=N655T
ABL1	P00519	L267V	26	-	-	-	-	-	-	-	-	-	-	-	-	-	-	-	-	-	-	CDK9|ac|27;MAPK14|me|28;PRKCD|p|28;LCK|ub|44	-	-	R	-	-	-	-	-	-	http://mechismox.russelllab.org/result?protein=P00519&mutation=L267V
ABL1	P00519	F378V	138	-	-	-	-	-	-	-	-	-	-	-	-	-	-	-	-	-	-	AURKB|ac|25;PLK1|m2|22;IGF1R|sm|38;LCK|ub|44	-	-	R	-	-	-	-	-	-	http://mechismox.russelllab.org/result?protein=P00519&mutation=F378V
ABL1	P00519	Y272H	31	-	-	-	-	-	-	-	-	-	-	-	-	-	-	-	-	-	-	CDK9|ac|27;EPHA2|p|40;NEK7|ub|25	-	-	R	-	-	-	-	-	-	http://mechismox.russelllab.org/result?protein=P00519&mutation=Y272H
ABL1	P00519	E274V	33	-	-	-	-	-	-	-	-	-	-	-	-	-	-	-	-	-	-	MAPKAPK3|p|23;LCK|ub|44	-	-	R	-	-	-	-	-	-	http://mechismox.russelllab.org/result?protein=P00519&mutation=E274V
ABL1	P00519	T334I	94	-	-	-	-	-	-	-	-	-	-	-	-	-	-	-	-	-	-	STK3|p|24;LCK|ub|44	-	-	R	-	-	-	-	-	-	http://mechismox.russelllab.org/result?protein=P00519&mutation=T334I
ABL1	P00519	E274K	33	-	-	-	-	-	-	-	-	-	-	-	-	-	-	-	-	-	-	MAPKAPK3|p|23;LCK|ub|44	-	-	R	-	-	-	-	-	-	http://mechismox.russelllab.org/result?protein=P00519&mutation=E274K
ABL1	P00519	M370T	130	-	-	-	-	-	-	-	-	-	-	-	-	-	-	-	-	-	-	-	-	-	R	-	-	-	-	-	-	http://mechismox.russelllab.org/result?protein=P00519&mutation=M370T
ABL1	P00519	F336L	96	-	-	-	-	-	-	-	-	-	-	-	-	-	-	-	-	-	-	CAMK4|gl|26;MAPK14|p|28	-	-	R	-	-	-	-	-	-	http://mechismox.russelllab.org/result?protein=P00519&mutation=F336L
ABL1	P00519	L406M	164	-	-	-	-	-	-	-	-	-	-	-	-	-	-	-	-	-	-	TTN|p|22	-	-	R	-	-	-	-	-	-	http://mechismox.russelllab.org/result?protein=P00519&mutation=L406M
ABL1	P00519	Y272F	31	-	-	-	-	-	-	-	-	-	-	-	-	-	-	-	-	-	-	CDK9|ac|27;EPHA2|p|40;NEK7|ub|25	-	-	R	-	-	-	-	-	-	http://mechismox.russelllab.org/result?protein=P00519&mutation=Y272F
ABL1	P00519	M263V	22	-	-	-	-	-	-	Y	-	-	-	-	-	-	-	-	-	-	-	ZAP70|ub|33	-	-	R	-	-	-	-	-	-	http://mechismox.russelllab.org/result?protein=P00519&mutation=M263V
ABL1	P00519	G269E	28	-	-	-	-	-	-	-	-	-	-	-	-	-	-	-	-	-	-	-	-	-	R	-	-	-	-	-	-	http://mechismox.russelllab.org/result?protein=P00519&mutation=G269E
ABL1	P00519	L267R	26	-	-	-	-	-	-	-	-	-	-	-	-	-	-	-	-	-	-	CDK9|ac|27;MAPK14|me|28;PRKCD|p|28;LCK|ub|44	-	-	R	-	-	-	-	-	-	http://mechismox.russelllab.org/result?protein=P00519&mutation=L267R
ABL1	P00519	E472A	241	-	-	-	-	-	-	-	-	-	-	-	-	-	-	-	-	-	-	-	-	-	R	-	-	-	-	-	-	http://mechismox.russelllab.org/result?protein=P00519&mutation=E472A
ABL1	P00519	F378C	138	-	-	-	-	-	-	-	-	-	-	-	-	-	-	-	-	-	-	AURKB|ac|25;PLK1|m2|22;IGF1R|sm|38;LCK|ub|44	-	-	R	-	-	-	-	-	-	http://mechismox.russelllab.org/result?protein=P00519&mutation=F378C
ABL1	P00519	D295G	57	-	-	-	-	-	-	-	-	-	-	-	-	-	-	-	-	-	-	STK4|p|24	-	-	R	-	-	-	-	-	-	http://mechismox.russelllab.org/result?protein=P00519&mutation=D295G
ABL1	P00519	Q271H	30	-	-	-	-	-	-	-	-	-	-	-	-	-	-	-	-	-	-	CDK1|ac|29;EGFR|m1|39;STK4|m2|24;CDK2|sm|28;SRC|ub|43	-	-	R	-	-	-	-	-	-	http://mechismox.russelllab.org/result?protein=P00519&mutation=Q271H
ABL1	P00519	S457C	226	-	-	-	-	-	-	-	-	-	-	-	-	-	-	-	-	-	-	RPS6KA1|p|27;RPS6KA1|ub|27	-	-	R	-	-	-	-	-	-	http://mechismox.russelllab.org/result?protein=P00519&mutation=S457C
ABL1	P00519	H415P	173	-	-	-	-	-	-	-	-	-	-	-	-	-	-	-	-	-	-	-	-	-	R	-	-	-	-	-	-	http://mechismox.russelllab.org/result?protein=P00519&mutation=H415P
ABL1	P00519	L406F	164	-	-	-	-	-	-	-	-	-	-	-	-	-	-	-	-	-	-	TTN|p|22	-	-	R	-	-	-	-	-	-	http://mechismox.russelllab.org/result?protein=P00519&mutation=L406F
ABL1	P00519	H415R	173	-	-	-	-	-	-	-	-	-	-	-	-	-	-	-	-	-	-	-	-	-	R	-	-	-	-	-	-	http://mechismox.russelllab.org/result?protein=P00519&mutation=H415R
ABL1	P00519	F336R	96	-	-	-	-	-	-	-	-	-	-	-	-	-	-	-	-	-	-	CAMK4|gl|26;MAPK14|p|28	-	-	R	-	-	-	-	-	-	http://mechismox.russelllab.org/result?protein=P00519&mutation=F336R
ABL1	P00519	T334N	94	-	-	-	-	-	-	-	-	-	-	-	-	-	-	-	-	-	-	STK3|p|24;LCK|ub|44	-	-	R	-	-	-	-	-	-	http://mechismox.russelllab.org/result?protein=P00519&mutation=T334N
ABL1	P00519	E298A	60	-	-	-	-	-	-	-	-	-	-	-	-	-	-	-	-	-	-	-	-	-	R	-	-	-	-	-	-	http://mechismox.russelllab.org/result?protein=P00519&mutation=E298A
ABL1	P00519	E374G	134	-	-	-	-	-	-	-	-	-	-	-	-	-	-	-	-	-	-	CDK1|sm|29;CDK1|ub|29	-	-	R	-	-	-	-	-	-	http://mechismox.russelllab.org/result?protein=P00519&mutation=E374G
ABL1	P00519	S436Y	193	-	-	-	-	-	-	-	-	-	-	-	-	-	-	-	-	-	-	-	-	-	R	-	-	-	-	-	-	http://mechismox.russelllab.org/result?protein=P00519&mutation=S436Y
ABL1	P00519	E478G	247	-	-	-	-	-	-	-	-	-	-	-	-	-	-	-	-	-	-	MAP3K7|ub|27	-	-	R	-	-	-	-	-	-	http://mechismox.russelllab.org/result?protein=P00519&mutation=E478G
ABL1	P00519	D295N	57	-	-	-	-	-	-	-	-	-	-	-	-	-	-	-	-	-	-	STK4|p|24	-	-	R	-	-	-	-	-	-	http://mechismox.russelllab.org/result?protein=P00519&mutation=D295N
ABL1	P00519	F378I	138	-	-	-	-	-	-	-	-	-	-	-	-	-	-	-	-	-	-	AURKB|ac|25;PLK1|m2|22;IGF1R|sm|38;LCK|ub|44	-	-	R	-	-	-	-	-	-	http://mechismox.russelllab.org/result?protein=P00519&mutation=F378I
ABL1	P00519	M407L	165	-	-	-	-	-	-	-	-	-	-	-	-	-	-	-	-	-	-	NEK6|p|28	-	-	R	-	-	-	-	-	-	http://mechismox.russelllab.org/result?protein=P00519&mutation=M407L
ABL1	P00519	F336V	96	-	-	-	-	-	-	-	-	-	-	-	-	-	-	-	-	-	-	CAMK4|gl|26;MAPK14|p|28	-	-	R	-	-	-	-	-	-	http://mechismox.russelllab.org/result?protein=P00519&mutation=F336V
ABL1	P00519	E478K	247	-	-	-	-	-	-	-	-	-	-	-	-	-	-	-	-	-	-	MAP3K7|ub|27	-	-	R	-	-	-	-	-	-	http://mechismox.russelllab.org/result?protein=P00519&mutation=E478K
ABL1	P00519	T334V	94	-	-	-	-	-	-	-	-	-	-	-	-	-	-	-	-	-	-	STK3|p|24;LCK|ub|44	-	-	R	-	-	-	-	-	-	http://mechismox.russelllab.org/result?protein=P00519&mutation=T334V
ALK	Q9UM73	G1202R	83	-	-	-	-	-	-	-	-	-	-	-	-	-	-	-	-	-	-	-	-	-	R	-5.65267	-8.34172	-5.17532	-5.63087	-5.16603	-7.82447	http://mechismox.russelllab.org/result?protein=Q9UM73&mutation=G1202R
ALK	Q9UM73	S1206Y	87	-	-	-	-	-	-	-	-	-	-	-	-	-	-	-	-	-	-	CHUK|ub|29	-	-	R	-2.20794	-0.65122	-3.31996	-2.16016	-3.34962	-2.19067	http://mechismox.russelllab.org/result?protein=Q9UM73&mutation=S1206Y
ALK	Q9UM73	C1156Y	36	-	-	-	-	-	-	-	-	-	-	-	-	-	-	-	-	-	-	CDK6|p|26;PAK2|ub|25	-	-	R	-1.45526	-4.13006	-4.56915	-0.8857	-4.62821	-3.78355	http://mechismox.russelllab.org/result?protein=Q9UM73&mutation=C1156Y
ALK	Q9UM73	L1196M	77	-	-	-	-	-	-	-	-	-	-	-	-	-	-	-	-	-	-	DDR1|p|36	-	-	R	3.16151	1.05474	-0.94623	3.25094	-0.38192	2.60657	http://mechismox.russelllab.org/result?protein=Q9UM73&mutation=L1196M
ALK	Q9UM73	G1269A	140	-	-	-	-	-	-	-	-	-	-	-	-	-	-	-	-	-	-	RET|p|31	-	-	R	1.00358	1.22845	0.09561	1.02478	-0.25142	0.56796	http://mechismox.russelllab.org/result?protein=Q9UM73&mutation=G1269A
ALK	Q9UM73	F1174C	55	-	-	-	-	-	-	-	-	-	-	-	-	-	-	-	-	-	-	FER|p|41	A	-	R	-1.21297	-1.56449	-4.41332	-1.10464	-4.50761	-2.90723	http://mechismox.russelllab.org/result?protein=Q9UM73&mutation=F1174C
ALK	Q9UM73	L1198F	79	-	-	-	-	-	-	-	-	-	-	-	-	-	-	-	-	-	-	RET|p|31	-	-	R	1.63141	0.9442	-0.08764	1.66559	-0.22623	1.92258	http://mechismox.russelllab.org/result?protein=Q9UM73&mutation=L1198F
ALK	Q9UM73	C1156F	36	-	-	-	-	-	-	-	-	-	-	-	-	-	-	-	-	-	-	CDK6|p|26;PAK2|ub|25	-	-	R	-1.73555	-4.7722	-5.16612	-1.14813	-5.2357	-3.85178	http://mechismox.russelllab.org/result?protein=Q9UM73&mutation=C1156F
ALK	Q9UM73	I1171T	52	-	-	-	-	-	-	-	-	-	-	-	-	-	-	-	-	-	-	-	-	-	R	-2.55022	-1.43737	-2.55524	-2.38602	-2.61098	-4.57771	http://mechismox.russelllab.org/result?protein=Q9UM73&mutation=I1171T
ALK	Q9UM73	I1171N	52	-	-	-	-	-	-	-	-	-	-	-	-	-	-	-	-	-	-	-	-	-	R	-2.8232	-3.97047	-3.80439	-2.66033	-3.87336	-6.31683	http://mechismox.russelllab.org/result?protein=Q9UM73&mutation=I1171N
ALK	Q9UM73	F1174L	55	-	-	-	-	-	-	-	-	-	-	-	-	-	-	-	-	-	-	FER|p|41	A	-	R	1.1617	0.63598	-1.90948	1.26425	-1.64485	0.63722	http://mechismox.russelllab.org/result?protein=Q9UM73&mutation=F1174L
ALK	Q9UM73	T1151M	31	-	-	-	-	-	-	-	-	-	-	-	-	-	-	-	-	-	-	CDK9|ac|23;EPHA2|p|34;NEK7|ub|24	-	-	R	-1.08206	-2.95866	-0.09362	-1.0867	-0.09408	-0.77633	http://mechismox.russelllab.org/result?protein=Q9UM73&mutation=T1151M
ALK	Q9UM73	F1174V	55	-	-	-	-	-	-	-	-	-	-	-	-	-	-	-	-	-	-	FER|p|41	A	-	R	-1.47263	-3.13037	-3.00684	-1.37594	-3.05981	-1.61745	http://mechismox.russelllab.org/result?protein=Q9UM73&mutation=F1174V
ALK	Q9UM73	T1151R	31	-	-	-	-	-	-	-	-	-	-	-	-	-	-	-	-	-	-	CDK9|ac|23;EPHA2|p|34;NEK7|ub|24	-	-	R	-1.21492	-1.20404	-3.32075	-1.17427	-3.58133	-1.69983	http://mechismox.russelllab.org/result?protein=Q9UM73&mutation=T1151R
ALK	Q9UM73	L1152R	32	-	-	-	-	-	-	-	-	-	-	-	-	-	-	-	-	-	-	PKMYT1|p|24	-	-	R	-5.84757	-6.18765	-6.70203	-5.82024	-5.67237	-4.46254	http://mechismox.russelllab.org/result?protein=Q9UM73&mutation=L1152R
ALK	Q9UM73	I1171S	52	-	-	-	-	-	-	-	-	-	-	-	-	-	-	-	-	-	-	-	-	-	R	-1.14083	-3.44938	-3.28122	-0.98566	-3.33832	-6.11569	http://mechismox.russelllab.org/result?protein=Q9UM73&mutation=I1171S
ALK	Q9UM73	L1204V	85	-	-	-	-	-	-	-	-	-	-	-	-	-	-	-	-	-	-	-	-	-	R	-4.23571	-5.64235	-2.62445	-4.22642	-2.83439	-5.12607	http://mechismox.russelllab.org/result?protein=Q9UM73&mutation=L1204V
ALK	Q9UM73	D1203N	84	-	-	-	-	-	-	-	-	-	-	-	-	-	-	-	-	-	-	FYN|p|39	-	-	R	0.02089	-0.87322	-2.00284	0.0952	-1.59874	0.44353	http://mechismox.russelllab.org/result?protein=Q9UM73&mutation=D1203N
ALK	Q9UM73	G1123S	8	-	-	-	-	-	-	-	-	-	-	-	-	-	-	-	-	-	-	-	-	-	R	-4.57668	-6.05086	-4.97457	-4.56218	-5.18389	-4.19634	http://mechismox.russelllab.org/result?protein=Q9UM73&mutation=G1123S
ALK	Q9UM73	V1180L	61	-	-	-	-	-	-	-	-	-	-	-	-	-	-	-	-	-	-	-	-	-	R	-2.58379	-3.07438	-1.47228	-2.58123	-1.14087	-1.81536	http://mechismox.russelllab.org/result?protein=Q9UM73&mutation=V1180L
ALK	Q9UM73	G1128A	13	-	-	-	-	-	-	-	-	-	-	-	-	-	-	-	-	-	-	CAMK4|gl|25;CAMK2G|p|23	-	-	R	-3.53127	-2.45265	-2.76174	-3.52303	-2.93159	-5.72945	http://mechismox.russelllab.org/result?protein=Q9UM73&mutation=G1128A
ALK	Q9UM73	S1206C	87	-	-	-	-	-	-	-	-	-	-	-	-	-	-	-	-	-	-	CHUK|ub|29	-	-	R	-5.06307	-3.85699	-4.01098	-5.01107	-4.07072	-2.89999	http://mechismox.russelllab.org/result?protein=Q9UM73&mutation=S1206C
ALK	Q9UM73	S1206F	87	-	-	-	-	-	-	-	-	-	-	-	-	-	-	-	-	-	-	CHUK|ub|29	-	-	R	-2.95321	-3.95427	-3.98542	-2.90423	-4.01897	-2.90472	http://mechismox.russelllab.org/result?protein=Q9UM73&mutation=S1206F
BTK	Q06187	C515S	117	-	-	-	-	-	-	-	-	-	-	-	-	-	-	-	-	-	-	ZAP70|ub|30	-	-	R	-	-	-	-	-	-	http://mechismox.russelllab.org/result?protein=Q06187&mutation=C515S
BTK	Q06187	C515R	117	-	-	-	-	-	-	-	-	-	-	-	-	-	-	-	-	-	-	ZAP70|ub|30	-	-	R	-	-	-	-	-	-	http://mechismox.russelllab.org/result?protein=Q06187&mutation=C515R
BTK	Q06187	C515Y	117	-	-	-	-	-	-	-	-	-	-	-	-	-	-	-	-	-	-	ZAP70|ub|30	-	-	R	-	-	-	-	-	-	http://mechismox.russelllab.org/result?protein=Q06187&mutation=C515Y
BTK	Q06187	C515F	117	-	-	-	-	-	-	-	-	-	-	-	-	-	-	-	-	-	-	ZAP70|ub|30	-	-	R	-	-	-	-	-	-	http://mechismox.russelllab.org/result?protein=Q06187&mutation=C515F
FGFR4	P22455	V550L	77	-	-	-	-	-	-	-	-	-	-	-	-	-	-	-	-	-	-	DDR1|p|37	-	-	R	-1.34446	-1.38365	-0.46397	-1.34426	-0.59588	-1.53126	http://mechismox.russelllab.org/result?protein=P22455&mutation=V550L
FGFR4	P22455	V550M	77	-	-	-	-	-	-	-	-	-	-	-	-	-	-	-	-	-	-	DDR1|p|37	-	-	R	-0.09965	-0.30105	-0.40831	-0.07821	0.15167	-1.9777	http://mechismox.russelllab.org/result?protein=P22455&mutation=V550M
FGFR4	P22455	C552R	79	-	-	-	-	-	-	-	-	-	-	-	-	-	-	-	-	-	-	RET|p|41	-	-	R	-3.72596	-3.72577	-5.08096	-2.35405	-5.37913	-2.84373	http://mechismox.russelllab.org/result?protein=P22455&mutation=C552R
FGFR4	P22455	C552F	79	-	-	-	-	-	-	-	-	-	-	-	-	-	-	-	-	-	-	RET|p|41	-	-	R	2.7496	1.35025	0.00906	4.07633	-0.11009	1.6518	http://mechismox.russelllab.org/result?protein=P22455&mutation=C552F
MET	P08581	Y1248S	162	-	-	-	-	-	-	-	-	-	-	-	-	-	-	-	-	-	-	SRC|ac|37;STK16|p|23;CSK|ub|40	-	-	R	-	-	-	-	-	-	http://mechismox.russelllab.org/result?protein=P08581&mutation=Y1248S
MET	P08581	D1246N	160	-	-	-	-	-	-	-	-	-	-	-	-	-	-	-	-	-	-	AKT1|gl|27;MAP3K9|p|30	-	-	R	-	-	-	-	-	-	http://mechismox.russelllab.org/result?protein=P08581&mutation=D1246N
MET	P08581	Y1248H	162	-	-	-	-	-	-	-	-	-	-	-	-	-	-	-	-	-	-	SRC|ac|37;STK16|p|23;CSK|ub|40	-	-	R	-	-	-	-	-	-	http://mechismox.russelllab.org/result?protein=P08581&mutation=Y1248H
MET	P08581	Y1248C	162	-	-	-	-	-	-	-	-	-	-	-	-	-	-	-	-	-	-	SRC|ac|37;STK16|p|23;CSK|ub|40	-	-	R	-	-	-	-	-	-	http://mechismox.russelllab.org/result?protein=P08581&mutation=Y1248C
MET	P08581	D1246V	160	-	-	-	-	-	-	-	-	-	-	-	-	-	-	-	-	-	-	AKT1|gl|27;MAP3K9|p|30	-	-	R	-	-	-	-	-	-	http://mechismox.russelllab.org/result?protein=P08581&mutation=D1246V
MET	P08581	D1249Y	163	-	-	-	-	-	-	-	-	-	-	-	-	-	-	-	-	-	-	RPS6KA1|p|28	-	-	R	-	-	-	-	-	-	http://mechismox.russelllab.org/result?protein=P08581&mutation=D1249Y
MET	P08581	D1246H	160	-	-	-	-	-	-	-	-	-	-	-	-	-	-	-	-	-	-	AKT1|gl|27;MAP3K9|p|30	-	-	R	-	-	-	-	-	-	http://mechismox.russelllab.org/result?protein=P08581&mutation=D1246H
MET	P08581	G1181R	100	-	-	-	-	-	-	-	-	-	-	-	-	-	-	-	-	-	-	LIMK2|ub|29	-	-	R	-	-	-	-	-	-	http://mechismox.russelllab.org/result?protein=P08581&mutation=G1181R
BRAF	P15056	L505H	52	-	-	-	-	-	-	-	-	-	-	-	-	-	-	-	-	-	-	-	-	-	R	-4.6185	-4.7703	-2.77536	-4.57532	-3.47325	-6.74546	http://mechismox.russelllab.org/result?protein=P15056&mutation=L505H
MAP2K1	Q02750	F129L	63	-	-	-	-	-	-	-	-	-	-	-	-	-	-	-	-	-	-	NEK7|p|27	-	-	R	-2.76256	-3.32282	-3.05294	-2.49767	-2.85276	-2.45855	http://mechismox.russelllab.org/result?protein=Q02750&mutation=F129L
MAP2K1	Q02750	P124L	58	-	-	-	-	-	-	-	-	-	-	-	-	-	-	-	-	-	-	-	-	-	R	-6.50455	-6.22247	-5.2251	-6.50849	-5.13592	-4.745	http://mechismox.russelllab.org/result?protein=Q02750&mutation=P124L
MAP2K1	Q02750	C121S	55	-	-	-	-	-	-	-	-	-	-	-	-	-	-	-	-	-	-	RPS6KA3|p|31	-	-	R	-4.67941	-6.01839	-4.49261	-4.41769	-5.27989	-4.58747	http://mechismox.russelllab.org/result?protein=Q02750&mutation=C121S
MAP2K1	Q02750	G128D	62	-	-	-	-	-	-	-	-	-	-	-	-	-	-	-	-	-	-	GRK4|p|27;JAK2|sm|30;TBK1|ub|31	-	-	R	-0.70572	-0.66993	-1.44603	-0.40997	-2.01195	0.03344	http://mechismox.russelllab.org/result?protein=Q02750&mutation=G128D
MAP2K1	Q02750	G128V	62	-	-	-	-	-	-	-	-	-	-	-	-	-	-	-	-	-	-	GRK4|p|27;JAK2|sm|30;TBK1|ub|31	-	-	R	-2.66091	-2.65144	-2.49726	-3.8966	-1.93555	-1.73223	http://mechismox.russelllab.org/result?protein=Q02750&mutation=G128V
MAP2K1	Q02750	P124S	58	-	-	-	-	-	-	-	-	-	-	-	-	-	-	-	-	-	-	-	-	-	R	-4.19309	-4.0935	-3.41681	-4.52393	-3.17393	-3.13493	http://mechismox.russelllab.org/result?protein=Q02750&mutation=P124S
MAP2K1	Q02750	V211D	144	-	-	-	-	-	-	Y	-	-	-	-	-	-	-	-	-	-	-	MAP3K5|p|29	-	-	R	-8.131	-7.16581	-6.90715	-8.15394	-5.26256	-5.69116	http://mechismox.russelllab.org/result?protein=Q02750&mutation=V211D
MAP2K1	Q02750	L115P	49	-	-	-	-	-	-	-	-	-	-	-	-	-	-	-	-	-	-	CSNK1D|p|23;PRKACA|ub|28	-	-	R	-4.16636	-5.07927	-6.63351	-3.84677	-5.25447	-5.21694	http://mechismox.russelllab.org/result?protein=Q02750&mutation=L115P
MAP2K1	Q02750	E203K	136	-	-	-	-	-	-	-	-	-	-	-	-	-	-	-	-	-	-	RPS6KA2|p|33;CDC7|ub|28	-	-	R	-2.54375	-2.5934	-2.25952	-2.02661	-3.20894	-1.11357	http://mechismox.russelllab.org/result?protein=Q02750&mutation=E203K
FLT3	P36888	D835Y	147	-	-	-	-	-	-	-	-	-	-	-	-	-	-	-	-	-	-	PTK2|p|40;AXL|ub|37	A	-	R	-3.95037	-4.42061	-5.7025	-3.91387	-5.90062	-5.94209	http://mechismox.russelllab.org/result?protein=P36888&mutation=D835Y
FLT3	P36888	F691L	77	-	-	-	-	-	-	-	-	-	-	-	-	-	-	-	-	-	-	DDR1|p|27	-	-	R	1.22258	-0.98278	-1.79321	1.71839	-1.81924	-1.621	http://mechismox.russelllab.org/result?protein=P36888&mutation=F691L
FLT3	P36888	D835V	147	-	-	-	-	-	-	-	-	-	-	-	-	-	-	-	-	-	-	PTK2|p|40;AXL|ub|37	A	-	R	-4.52262	-2.75656	-6.04786	-4.49252	-6.26405	-6.58838	http://mechismox.russelllab.org/result?protein=P36888&mutation=D835V
FLT3	P36888	D835H	147	-	-	-	-	-	-	-	-	-	-	-	-	-	-	-	-	-	-	PTK2|p|40;AXL|ub|37	A	-	R	-3.3107	-1.99702	-4.15705	-3.27281	-4.33765	-4.3803	http://mechismox.russelllab.org/result?protein=P36888&mutation=D835H
FLT3	P36888	D835F	147	-	-	-	-	-	-	-	-	-	-	-	-	-	-	-	-	-	-	PTK2|p|40;AXL|ub|37	A	-	R	-6.2006	-3.9943	-6.35563	-6.13821	-6.57061	-6.72026	http://mechismox.russelllab.org/result?protein=P36888&mutation=D835F
FLT3	P36888	D835I	147	-	-	-	-	-	-	-	-	-	-	-	-	-	-	-	-	-	-	PTK2|p|40;AXL|ub|37	A	-	R	-6.21913	-5.09325	-6.43667	-6.18892	-6.66589	-6.90428	http://mechismox.russelllab.org/result?protein=P36888&mutation=D835I
FLT3	P36888	D835X	147	-	-	-	-	-	-	-	-	-	-	-	-	-	-	-	-	-	-	PTK2|p|40;AXL|ub|37	A	-	R	-	-	-	-	-	-	http://mechismox.russelllab.org/result?protein=P36888&mutation=D835X
ERBB2	P04626	L869R	147	-	-	-	-	-	-	-	-	-	-	-	-	-	-	-	-	-	-	PTK2|p|39;AXL|ub|30	-	-	R	-5.05714	-4.39178	-3.02623	-8.16398	-3.02361	-3.98709	http://mechismox.russelllab.org/result?protein=P04626&mutation=L869R
ROS1	P08922	G2032R	83	-	-	-	-	-	-	-	-	-	-	-	-	-	-	-	-	-	-	-	-	-	R	-8.64852	-8.55319	-8.50306	-4.0462	-8.58183	-3.44738	http://mechismox.russelllab.org/result?protein=P08922&mutation=G2032R
MAP2K2	P36507	E207K	136	-	-	-	-	-	-	-	-	-	-	-	-	-	-	-	-	-	-	RPS6KA2|p|31;CDC7|ub|30	-	-	R	-2.54375	-2.71798	-2.41751	-2.02715	-3.20894	-1.11357	http://mechismox.russelllab.org/result?protein=P36507&mutation=E207K
MAP2K2	P36507	C125S	55	-	-	-	-	-	-	-	-	-	-	-	-	-	-	-	-	-	-	RPS6KA3|p|29	-	-	R	-4.67941	-6.21693	-4.84437	-4.41778	-5.27989	-4.58747	http://mechismox.russelllab.org/result?protein=P36507&mutation=C125S
MAP2K2	P36507	V215E	144	-	-	-	-	-	-	Y	-	-	-	-	-	-	-	-	-	-	-	MAP3K5|p|38	-	-	R	-6.83843	-7.59344	-6.54727	-6.66685	-6.77067	-5.29274	http://mechismox.russelllab.org/result?protein=P36507&mutation=V215E
MAP2K2	P36507	N126D	56	-	-	-	-	-	-	-	-	-	-	-	-	-	-	-	-	-	-	CDK9|ac|26;MYO3A|p|28	-	-	R	0.60965	-1.05403	-1.70506	0.78771	0.10048	-0.03373	http://mechismox.russelllab.org/result?protein=P36507&mutation=N126D
KDR	P35968	L840F	7	-	-	-	-	-	-	-	-	-	-	-	-	-	-	-	-	-	-	-	-	-	R	-4.57699	-3.76422	-4.31155	-4.44856	-4.47742	-3.14479	http://mechismox.russelllab.org/result?protein=P35968&mutation=L840F
