uniprot_name	uniprot_id	Orig_AA	Position	Mut_AA	type	info	comes_from
ABL1	P00519	A	337	T	A	(in CHDSKM; increases kinase activity; no;effect on protein levels; dbSNP:rs1060499548)"""";/evidence=""""ECO:0000269|PubMed:28288113"""";/id=""""VAR_079483""""	uniprot_sprot_dat_gz
AKT1	P31749	T	308	D	A	5-fold activation and 18-fold activation; when;associated with D-473."""";/evidence=""""ECO:0000269|PubMed:12244301,;ECO:0000269|PubMed:8978681""""	uniprot_sprot_dat_gz
AKT2	P31751	T	309	E	A	Constitutively active; when associated with D-;474."""";/evidence=""""ECO:0000269|PubMed:15890450,;ECO:0000269|PubMed:20059950""""	uniprot_sprot_dat_gz
ALK	Q9UM73	F	1174	L	A	(in NBLST3; somatic mutation; constitutively;activated; retained in the endoplasmic reticulum and Golgi;compartments; dbSNP:rs863225281)"""";/evidence=""""ECO:0000269|PubMed:18923523,;ECO:0000269|PubMed:18923525, ECO:0000269|PubMed:21242967"""";/id=""""VAR_063857""""	uniprot_sprot_dat_gz
ALK	Q9UM73	F	1174	V	A	(in NBLST3; somatic mutation; constitutively;activated; retained in the endoplasmic reticulum and Golgi;compartments; dbSNP:rs281864719)"""";/evidence=""""ECO:0000269|PubMed:18923523,;ECO:0000269|PubMed:21242967"""";/id=""""VAR_063858""""	uniprot_sprot_dat_gz
ALK	Q9UM73	R	1275	Q	A	(in NBLST3; constitutively activated;;retained in the endoplasmic reticulum and Golgi;compartments; dbSNP:rs113994087)"""";/evidence=""""ECO:0000269|PubMed:18724359,;ECO:0000269|PubMed:18923523, ECO:0000269|PubMed:18923525,;ECO:0000269|PubMed:21242967, ECO:0000269|PubMed:22932897"""";/id=""""VAR_063865""""	uniprot_sprot_dat_gz
ANPRB	P20594	R	655	C	A	(in ECDM; the mutation results in increased;guanylate cyclase activity; dbSNP:rs587777596)"""";/evidence=""""ECO:0000269|PubMed:24057292"""";/id=""""VAR_071876""""	uniprot_sprot_dat_gz
AURKA	O14965	V	174	M	A	(in a metastatic melanoma sample; somatic;mutation; constitutively enhanced kinase activity)"""";/evidence=""""ECO:0000269|PubMed:17344846,;ECO:0000269|PubMed:19801554"""";/id=""""VAR_041129""""	uniprot_sprot_dat_gz
AURKA	O14965	T	288	D	A	Mimics phosphorylation state and increases;kinase activity."""";/evidence=""""ECO:0000269|PubMed:11039908""""	uniprot_sprot_dat_gz
BRAF	P15056	G	464	V	A	(in a colorectal cancer cell line; elevated;kinase activity; efficiently induces cell transformation;;dbSNP:rs121913348)"""";/evidence=""""ECO:0000269|PubMed:12068308"""";/id=""""VAR_018616""""	uniprot_sprot_dat_gz
BRAF	P15056	G	469	A	A	(in NHL; also in a lung adenocarcinoma;sample; somatic mutation; elevated kinase activity;;efficiently induces cell transformation;;dbSNP:rs121913355)"""";/evidence=""""ECO:0000269|PubMed:12068308,;ECO:0000269|PubMed:14612909, ECO:0000269|PubMed:17344846"""";/id=""""VAR_018620""""	uniprot_sprot_dat_gz
BRAF	P15056	L	597	V	A	(in NS7; also in a lung adenocarcinoma;sample; somatic mutation; elevated kinase activity;;efficiently induces cell transformation;;dbSNP:rs121913369)"""";/evidence=""""ECO:0000269|PubMed:12068308,;ECO:0000269|PubMed:17344846, ECO:0000269|PubMed:19206169"""";/id=""""VAR_018627""""	uniprot_sprot_dat_gz
BRAF	P15056	R	671	K	A	Increased kinase activity and stability in;response to EGF treatment."""";/evidence=""""ECO:0000269|PubMed:21917714""""	uniprot_sprot_dat_gz
BRSK2	Q8IWQ3	T	174	E	A	Constitutively activated."""";/evidence=""""ECO:0000269|PubMed:14976552,;ECO:0000269|PubMed:18339622, ECO:0000269|PubMed:22798068""""	uniprot_sprot_dat_gz
CDK19	Q9BWU1	Y	32	H	A	(in DEE87; fails to rescue neurologic;phenotypes in a Drosophila model system; increased protein;kinase activity; dbSNP:rs1236246272)"""";/evidence=""""ECO:0000269|PubMed:32330417,;ECO:0000269|PubMed:33134521, ECO:0000269|PubMed:33495529"""";/id=""""VAR_084395""""	uniprot_sprot_dat_gz
CDK2	P24941	T	14	A	A	2-fold increase in activity."""";/evidence=""""ECO:0000269|PubMed:1396589""""	uniprot_sprot_dat_gz
CDK2	P24941	Y	15	F	A	2-fold increase in activity."""";/evidence=""""ECO:0000269|PubMed:1396589""""	uniprot_sprot_dat_gz
CDK7	P50613	S	164	A	A	No mitotic repression of transcriptional;activity of the reconstituted TFIIH complex."""";/evidence=""""ECO:0000269|PubMed:9832506""""	uniprot_sprot_dat_gz
CDK9	P50750	K	48	R	A	Decreased acetylation; leading to enhanced;protein kinase activity."""";/evidence=""""ECO:0000269|PubMed:28426094""""	uniprot_sprot_dat_gz
CDK9	P50750	S	175	A	A	Constitutive kinase activity."""";/evidence=""""ECO:0000269|PubMed:21533037""""	uniprot_sprot_dat_gz
CDK9	P50750	T	186	D	A	Mimics autophosphorylation; constitutive;kinase activity, independently of calcium signaling."""";/evidence=""""ECO:0000269|PubMed:11145967,;ECO:0000269|PubMed:18566585, ECO:0000269|PubMed:21448926""""	uniprot_sprot_dat_gz
EGFR	P00533	G	719	S	A	(found in a lung cancer sample; somatic;mutation; strongly increased kinase activity;;constitutively activated kinase with higher levels of basal;autophosphorylation; more sensitive to gefitinib than wild-;type; dbSNP:rs28929495)"""";/evidence=""""ECO:0000269|PubMed:15118125,;ECO:0000269|PubMed:15623594, ECO:0000269|PubMed:16205628,;ECO:0000269|PubMed:16533793, ECO:0000269|PubMed:17349580"""";/id=""""VAR_019297""""	uniprot_sprot_dat_gz
EGFR	P00533	S	768	I	A	(found in a lung cancer sample;;constitutively activated kinase with higher levels of basal;autophosphorylation; more sensitive to gefitinib than wild-;type; dbSNP:rs121913465)"""";/evidence=""""ECO:0000269|PubMed:15623594,;ECO:0000269|PubMed:16205628"""";/id=""""VAR_069502""""	uniprot_sprot_dat_gz
EGFR	P00533	T	790	M	A	(found in a lung cancer sample; increased;kinase activity; dbSNP:rs121434569)"""";/evidence=""""ECO:0000269|PubMed:16533793,;ECO:0000269|PubMed:18227510"""";/id=""""VAR_026098""""	uniprot_sprot_dat_gz
EGFR	P00533	L	858	R	A	(found in a lung cancer sample; somatic;mutation; constitutively activated enzyme with strongly;increased kinase activity; more sensitive to gefitinib than;wild-type; dbSNP:rs121434568)"""";/evidence=""""ECO:0000269|PubMed:15118125,;ECO:0000269|PubMed:15623594, ECO:0000269|PubMed:16205628,;ECO:0000269|PubMed:16533793, ECO:0000269|PubMed:17349580"""";/id=""""VAR_019298""""	uniprot_sprot_dat_gz
EGFR	P00533	L	861	Q	A	(found in a lung cancer sample;;constitutively activated kinase with higher levels of basal;autophosphorylation; more sensitive to gefitinib than wild-;type; dbSNP:rs121913444)"""";/evidence=""""ECO:0000269|PubMed:15623594,;ECO:0000269|PubMed:16205628, ECO:0000269|PubMed:16533793"""";/id=""""VAR_026102""""	uniprot_sprot_dat_gz
EPHA2	P29317	R	721	Q	A	(in CTRCT6; retained in the cytoplasm and;constitutively active it alters EPHA2 signaling;;dbSNP:rs116506614)"""";/evidence=""""ECO:0000269|PubMed:19649315"""";/id=""""VAR_062532""""	uniprot_sprot_dat_gz
EPHA3	P29320	Y	742	F	A	Full kinase activity; when associated with F-;596 and F-602."""";/evidence=""""ECO:0000269|PubMed:18547520""""	uniprot_sprot_dat_gz
EPHA3	P29320	S	768	A	A	Full kinase activity; when associated with F-;596 and F-602."""";/evidence=""""ECO:0000269|PubMed:18547520""""	uniprot_sprot_dat_gz
FES	P07332	R	706	Q	A	Negligible effect on autophosphorylation and;kinase activity."""";/evidence=""""ECO:0000269|PubMed:15867340,;ECO:0000269|PubMed:16455651""""	uniprot_sprot_dat_gz
FGFR2	P21802	K	526	E	A	(in FSPC; constitutive kinase activity;;dbSNP:rs121918507)"""";/evidence=""""ECO:0000269|PubMed:16061565,;ECO:0000269|PubMed:17803937"""";/id=""""VAR_023788""""	uniprot_sprot_dat_gz
FGFR2	P21802	N	549	T	A	Constitutive kinase activity."""";/evidence=""""ECO:0000269|PubMed:17803937""""	uniprot_sprot_dat_gz
FGFR2	P21802	N	549	H	A	(in CS; constitutive kinase activity;;dbSNP:rs1057519045)"""";/evidence=""""ECO:0000269|PubMed:11781872,;ECO:0000269|PubMed:17803937"""";/id=""""VAR_017276""""	uniprot_sprot_dat_gz
FGFR2	P21802	E	565	A	A	Constitutive kinase activity."""";/evidence=""""ECO:0000269|PubMed:17803937""""	uniprot_sprot_dat_gz
FGFR2	P21802	E	565	G	A	(in PS; constitutive kinase activity;;dbSNP:rs121918506)"""";/evidence=""""ECO:0000269|PubMed:11781872,;ECO:0000269|PubMed:17803937"""";/id=""""VAR_017277""""	uniprot_sprot_dat_gz
FGFR2	P21802	K	641	R	A	(in PS; constitutive kinase activity;;dbSNP:rs1057519047)"""";/evidence=""""ECO:0000269|PubMed:11781872,;ECO:0000269|PubMed:17803937"""";/id=""""VAR_017278""""	uniprot_sprot_dat_gz
FLT3	P36888	D	835	E	A	(in acute lymphoblastic leukemia patients and;acute myelogenous leukemia patients; somatic mutation;;constitutively activated; dbSNP:rs121913487)"""";/evidence=""""ECO:0000269|PubMed:11290608,;ECO:0000269|PubMed:14504097"""";/id=""""VAR_065679""""	uniprot_sprot_dat_gz
FLT3	P36888	D	835	H	A	(in acute lymphoblastic leukemia patients and;in acute myelogenous leukemia patients; somatic mutation;;constitutively activated; dbSNP:rs121913488)"""";/evidence=""""ECO:0000269|PubMed:11290608,;ECO:0000269|PubMed:11442493, ECO:0000269|PubMed:14504097"""";/id=""""VAR_065680""""	uniprot_sprot_dat_gz
FLT3	P36888	D	835	N	A	(in acute lymphoblastic leukemia patients and;in acute myelogenous leukemia patients; somatic mutation;;constitutively activated; dbSNP:rs121913488)"""";/evidence=""""ECO:0000269|PubMed:11290608"""";/id=""""VAR_065681""""	uniprot_sprot_dat_gz
FLT3	P36888	D	835	V	A	(in acute lymphoblastic leukemia patients and;in acute myelogenous leukemia patients; somatic mutation;;constitutively activated; dbSNP:rs121909646)"""";/evidence=""""ECO:0000269|PubMed:11290608"""";/id=""""VAR_065682""""	uniprot_sprot_dat_gz
FLT3	P36888	D	835	Y	A	(in acute lymphoblastic leukemia patients and;in acute myelogenous leukemia patients; somatic mutation;;constitutively activated; dbSNP:rs121913488)"""";/evidence=""""ECO:0000269|PubMed:11290608,;ECO:0000269|PubMed:11442493, ECO:0000269|PubMed:14504097"""";/id=""""VAR_065683""""	uniprot_sprot_dat_gz
GWL	Q96GX5	K	72	M	A	Hyperactive form."""";/evidence=""""ECO:0000269|PubMed:21164014""""	uniprot_sprot_dat_gz
IKKA	O15111	S	176	E	A	Full activation."""";/evidence=""""ECO:0000269|PubMed:9346484,;ECO:0000269|PubMed:9520446""""	uniprot_sprot_dat_gz
IKKB	O14920	K	171	E	A	Increased activation of NF-kappa-B signaling."""";/evidence=""""ECO:0000269|PubMed:30337470""""	uniprot_sprot_dat_gz
IKKB	O14920	S	177	E	A	Full activation. Interaction with TRIM21 is;enhanced; when associated with E-181. Monoubiquitinated;;when associated with R-163 and E-181. Strongly promoted NF-;kappa-B gene expression; when associated with E-181."""";/evidence=""""ECO:0000269|PubMed:19675099,;ECO:0000269|PubMed:9346484""""	uniprot_sprot_dat_gz
IKKB	O14920	S	181	E	A	Full activation. Interaction with TRIM21 is;enhanced; when associated with E-177. Monoubiquitinated;;when associated with R-163 and E-177. Strongly promoted NF-;kappa-B gene expression; when associated with E-177."""";/evidence=""""ECO:0000269|PubMed:19675099,;ECO:0000269|PubMed:9346484""""	uniprot_sprot_dat_gz
IKKB	O14920	V	203	I	A	(in IMD15A; gain-of-function mutation;resulting in increased activation of NF-kappa-B signaling;pathway; dbSNP:rs1563340753)"""";/evidence=""""ECO:0000269|PubMed:30337470"""";/id=""""VAR_081275""""	uniprot_sprot_dat_gz
INSR	P06213	R	1201	Q	A	(in HHF5 and IRAN type A; interferes with;kinase activation by insulin; dbSNP:rs121913156)"""";/evidence=""""ECO:0000269|PubMed:15161766,;ECO:0000269|PubMed:8082780, ECO:0000269|PubMed:8288049"""";/id=""""VAR_015929""""	uniprot_sprot_dat_gz
JAK1	P23458	V	658	F	A	Constitutively active. Increased receptor;signaling pathway via JAK-STAT."""";/evidence=""""ECO:0000269|PubMed:16239216""""	uniprot_sprot_dat_gz
JAK1	P23458	S	703	I	A	(in AIIDE; increased activation of protein;kinase activity; constitutive gain of function through the;transactivation of associated JAK kinases; increased;receptor signaling pathway via JAK-STAT)"""";/evidence=""""ECO:0000269|PubMed:32750333"""";/id=""""VAR_084992""""	uniprot_sprot_dat_gz
JAK2	O60674	V	617	F	A	(in PV, THCYT3 and AML; associated with;susceptibility to Budd-Chiari syndrome; somatic mutation in;a high percentage of patients with essential;thrombocythemia or myelofibrosis; leads to constitutive;tyrosine phosphorylation activity that promotes cytokine;hypersensitivity; dbSNP:rs77375493)"""";/evidence=""""ECO:0000269|PubMed:15781101,;ECO:0000269|PubMed:15793561, ECO:0000269|PubMed:15858187,;ECO:0000269|PubMed:16247455, ECO:0000269|PubMed:16325696,;ECO:0000269|PubMed:16603627"""";/id=""""VAR_032697""""	uniprot_sprot_dat_gz
KAPCA	P17612	K	48	R	A	Enhanced basal kinase activity; when;associated with Q-96, L-121, A-124, K-182 and A-184."""";/evidence=""""ECO:0000269|PubMed:21774789""""	uniprot_sprot_dat_gz
KAPCA	P17612	L	96	Q	A	Enhanced basal kinase activity; when;associated with R-48, L-121, A-124, K-182 and A-184."""";/evidence=""""ECO:0000269|PubMed:21774789""""	uniprot_sprot_dat_gz
KAPCA	P17612	M	121	L	A	Enhanced basal kinase activity; when;associated with R-48, Q-96, A-124, K-182 and A-184."""";/evidence=""""ECO:0000269|PubMed:21774789""""	uniprot_sprot_dat_gz
KAPCA	P17612	V	124	A	A	Enhanced basal kinase activity; when;associated with R-48, Q-96, L-121, K-182 and A-184."""";/evidence=""""ECO:0000269|PubMed:21774789""""	uniprot_sprot_dat_gz
KAPCA	P17612	Q	182	K	A	Enhanced basal kinase activity; when;associated with R-48, Q-96, L-121, A-124 and A-184."""";/evidence=""""ECO:0000269|PubMed:21774789""""	uniprot_sprot_dat_gz
KAPCA	P17612	T	184	A	A	Enhanced basal kinase activity; when;associated with R-48, Q-96, L-121, A-124 and K-182."""";/evidence=""""ECO:0000269|PubMed:21774789""""	uniprot_sprot_dat_gz
KAPCA	P17612	L	206	R	A	(in PPNAD4; somatic mutation; the mutation;results in cAMP-independent basal protein kinase activity;and constitutive activation of protein kinase A;;dbSNP:rs386352352)"""";/evidence=""""ECO:0000269|PubMed:24571724,;ECO:0000269|PubMed:24700472, ECO:0000269|PubMed:24747643,;ECO:0000269|PubMed:24855271"""";/id=""""VAR_071707""""	uniprot_sprot_dat_gz
KIT	P10721	D	816	F	A	(in MASTC; sporadic case; somatic mutation;;requires 2 nucleotide substitutions; constitutively;activated and is much more rapidly autophosphorylated than;wild type)"""";/evidence=""""ECO:0000269|PubMed:9990072"""";/id=""""VAR_033133""""	uniprot_sprot_dat_gz
KIT	P10721	D	816	H	A	(in a testicular tumor; seminoma; somatic;mutation; constitutively activated; dbSNP:rs121913506)"""";/evidence=""""ECO:0000269|PubMed:10362788,;ECO:0000269|PubMed:19164557, ECO:0000269|PubMed:20147452"""";/id=""""VAR_033134""""	uniprot_sprot_dat_gz
KIT	P10721	D	816	I	A	(in MASTC; somatic mutation; constitutively;activated; requires 2 nucleotide substitutions;;dbSNP:rs1057519709)"""";/evidence=""""ECO:0000269|PubMed:19865100"""";/id=""""VAR_081064""""	uniprot_sprot_dat_gz
KIT	P10721	D	816	Y	A	(in MASTSYS and MASTC; also found in acute;myeloid leukemia and a germ cell tumor of the testis;;somatic mutation; constitutively activated;;dbSNP:rs121913506)"""";/evidence=""""ECO:0000269|PubMed:16175573,;ECO:0000269|PubMed:17344846, ECO:0000269|PubMed:19865100,;ECO:0000269|PubMed:9657776, ECO:0000269|PubMed:9990072"""";/id=""""VAR_023828""""	uniprot_sprot_dat_gz
KIT	P10721	N	822	I	A	(in MASTC; constitutively activated;;dbSNP:rs993022333)"""";/evidence=""""ECO:0000269|PubMed:21689725"""";/id=""""VAR_081065""""	uniprot_sprot_dat_gz
KPCD2	Q9BZL6	S	706	E	A	Constitutive kinase activity; when associated;with E-710 or with E-244 and E-710. Increases Tyr-717;phosphorylation; when associated with E-710 or with E-710;and D-438."""";/evidence=""""ECO:0000269|PubMed:23503467,;ECO:0000269|PubMed:28428613""""	uniprot_sprot_dat_gz
KPCD2	Q9BZL6	S	710	E	A	Constitutive kinase activity; when associated;with E-706 or with E-244 and E-706. when associated with E-;710 or with E-244 and E-710. Increases Tyr-717;phosphorylation; when associated with E-710 or with E-710;and D-438."""";/evidence=""""ECO:0000269|PubMed:23503467,;ECO:0000269|PubMed:28428613""""	uniprot_sprot_dat_gz
KPCD2	Q9BZL6	Y	717	F	A	Abolishes phosphorylation. Decreases substrate;affinity and increases catalytic efficiency. Increases Ser-;706 or/and Ser-710 phosphorylation. Increases NF-kappa-B;activation in response to oxidative stress."""";/evidence=""""ECO:0000269|PubMed:28428613""""	uniprot_sprot_dat_gz
KPCL	P24723	V	374	I	A	(associated with susceptibility to ischemic;stroke; increases autophosphorylation and kinase activity;;dbSNP:rs2230500)"""";/evidence=""""ECO:0000269|PubMed:17206144,;ECO:0000269|PubMed:17344846"""";/id=""""VAR_034604""""	uniprot_sprot_dat_gz
KSYK	P43405	M	450	I	A	(in IMD82; constitutively active protein;tyrosine kinase activity)"""";/evidence=""""ECO:0000269|PubMed:33782605"""";/id=""""VAR_085997""""	uniprot_sprot_dat_gz
KSYK	P43405	S	550	F	A	(in IMD82; constitutively active protein;tyrosine kinase activity)"""";/evidence=""""ECO:0000269|PubMed:33782605"""";/id=""""VAR_085998""""	uniprot_sprot_dat_gz
KSYK	P43405	S	550	Y	A	(in IMD82; constitutively active protein;tyrosine kinase activity)"""";/evidence=""""ECO:0000269|PubMed:33782605"""";/id=""""VAR_085999""""	uniprot_sprot_dat_gz
LIMK1	P53667	T	508	E	A	Phosphomimetic mutant; enhances kinase;activity."""";/evidence=""""ECO:0000269|PubMed:22328514""""	uniprot_sprot_dat_gz
LIMK1	P53667	T	508	EE	A	: Enhances kinase activity."""";/evidence=""""ECO:0000269|PubMed:10196227,;ECO:0000269|PubMed:10652353""""	uniprot_sprot_dat_gz
LIMK2	P53671	T	505	E	A	Phosphomimetic mutant; enhances kinase;activity."""";/evidence=""""ECO:0000269|PubMed:11018042,;ECO:0000269|PubMed:22328514""""	uniprot_sprot_dat_gz
LRRK2	Q5S007	I	2020	T	A	(in PARK8; significant increase in;autophosphorylation of about 40% in comparison to wild-type;protein in vitro; shows a progressive reduction in neurite;length and branching; shows an increase in activity in;phosphorylation of RAB8A and RAB10; dbSNP:rs35870237)"""";/evidence=""""ECO:0000269|PubMed:15541309,;ECO:0000269|PubMed:15880653, ECO:0000269|PubMed:16172858,;ECO:0000269|PubMed:16251215, ECO:0000269|PubMed:16321986,;ECO:0000269|PubMed:17114044, ECO:0000269|PubMed:26824392,;ECO:0000269|PubMed:29212815"""";/id=""""VAR_024959""""	uniprot_sprot_dat_gz
LRRK2	Q5S007	T	2031	S	A	(in PARK8; shows an increase in activity in;phosphorylation of RAB8A and RAB10; dbSNP:rs78029637)"""";/evidence=""""ECO:0000269|PubMed:26824392,;ECO:0000269|PubMed:29212815"""";/id=""""VAR_082047""""	uniprot_sprot_dat_gz
MAPK2	P49137	T	222	D	A	Mimicks phosphorylation state, leading to;slight increase of basal kinase activity."""";/evidence=""""ECO:0000269|PubMed:14517288,;ECO:0000269|PubMed:15014438, ECO:0000269|PubMed:8846784""""	uniprot_sprot_dat_gz
MAPK2	P49137	T	222	E	A	Mimicks phosphorylation state and constitutive;protein kinase activity; when associated with E-334."""";/evidence=""""ECO:0000269|PubMed:14517288,;ECO:0000269|PubMed:15014438, ECO:0000269|PubMed:8846784""""	uniprot_sprot_dat_gz
MAPK2	P49137	S	272	D	A	Mimicks phosphorylation state, leading to;slight increase of basal kinase activity."""";/evidence=""""ECO:0000269|PubMed:8846784""""	uniprot_sprot_dat_gz
MAPK5	Q8IW41	T	182	D	A	Mimicks phosphorylation state and induces;constitutive protein kinase activity."""";/evidence=""""ECO:0000269|PubMed:12808055,;ECO:0000269|PubMed:21329882, ECO:0000269|PubMed:9628874""""	uniprot_sprot_dat_gz
MARK1	Q9P0L2	T	215	E	A	Constitutively active."""";/evidence=""""ECO:0000269|PubMed:14976552""""	uniprot_sprot_dat_gz
MELK	Q14680	T	167	D,	A	E: Phosphomimetic mutant that has similar;kinase activity as wild-type."""";/evidence=""""ECO:0000269|PubMed:14976552""""	uniprot_sprot_dat_gz
MK12	P53778	D	179	A	A	Emulation of the active state."""";/evidence=""""ECO:0000269|PubMed:15284239""""	uniprot_sprot_dat_gz
MK14	Q16539	D	176	A	A	Emulation of the active state. Increase in;activity; when associated with S-327 or L-327."""";/evidence=""""ECO:0000269|PubMed:15284239""""	uniprot_sprot_dat_gz
MP2K2	P36507	P	128	Q	A	(in CFC4; results in increased kinase;activity; dbSNP:rs267607230)"""";/evidence=""""ECO:0000269|PubMed:20358587"""";/id=""""VAR_069782""""	uniprot_sprot_dat_gz
MP2K3	P46734	S	218	E	A	Constitutive activation."""";/evidence=""""ECO:0000269|PubMed:8622669""""	uniprot_sprot_dat_gz
MP2K3	P46734	T	222	E	A	Constitutive activation."""";/evidence=""""ECO:0000269|PubMed:8622669""""	uniprot_sprot_dat_gz
MP2K6	P52564	S	207	E	A	Constitutive activation according to;PubMed:8622669, but not to PubMed:8621675.""""	uniprot_sprot_dat_gz
MP2K6	P52564	T	211	E	A	Constitutive activation according to;PubMed:8622669, but not to PubMed:8621675.""""	uniprot_sprot_dat_gz
MRCKA	Q5VT25	S	222	L	A	Increase in autophosphorylation but not kinase;activity."""";/evidence=""""ECO:0000269|PubMed:11283256""""	uniprot_sprot_dat_gz
NEK2	P51955	T	170	E	A	Kinase activity increased by two fold."""";/evidence=""""ECO:0000269|PubMed:17197699""""	uniprot_sprot_dat_gz
NEK2	P51955	S	171	D	A	Kinase activity increased by two fold."""";/evidence=""""ECO:0000269|PubMed:17197699""""	uniprot_sprot_dat_gz
NEK2	P51955	T	175	E	A	Kinase activity increased by two fold."""";/evidence=""""ECO:0000269|PubMed:17197699""""	uniprot_sprot_dat_gz
NEK6	Q9HC98	Y	108	A	A	Increase in catalytic activity."""";/evidence=""""ECO:0000269|PubMed:19941817""""	uniprot_sprot_dat_gz
NEK7	Q8TDX7	Y	97	A	A	5-fold increase in catalytic activity."""";/evidence=""""ECO:0000269|PubMed:19941817""""	uniprot_sprot_dat_gz
NEK7	Q8TDX7	Y	97	F,	A	L: Moderate increase in catalytic activity."""";/evidence=""""ECO:0000269|PubMed:19941817""""	uniprot_sprot_dat_gz
PAK1	Q13153	T	423	E	A	Constitutive kinase activity."""";/evidence=""""ECO:0000269|PubMed:10551809""""	uniprot_sprot_dat_gz
PAK1	Q13153	Y	429	C	A	(in IDDMSSD; gain-of-function; enhanced PAK1;kinase activity and significantly reduced homodimerization;;dbSNP:rs1565583382)"""";/evidence=""""ECO:0000269|PubMed:30290153"""";/id=""""VAR_081555""""	uniprot_sprot_dat_gz
PAK4	O96013	S	445	N	A	Approximately 30-fold increased;autophosphorylation (constitutively active mutant)."""";/evidence=""""ECO:0000269|PubMed:11313478""""	uniprot_sprot_dat_gz
PDPK1	O15530	A	277	V	A	3-fold increase in kinase activity."""";/evidence=""""ECO:0000269|PubMed:10364160""""	uniprot_sprot_dat_gz
PGFRA	P16234	H	650	Q	A	(in a hypereosinophilic syndrome sample;;constitutively activated kinase)"""";/evidence=""""ECO:0000269|PubMed:21224473"""";/id=""""VAR_066465""""	uniprot_sprot_dat_gz
PGFRA	P16234	N	659	K	A	(in GIST sample; constitutively activated;kinase; dbSNP:rs1057519700)"""";/evidence=""""ECO:0000269|PubMed:15928335"""";/id=""""VAR_066466""""	uniprot_sprot_dat_gz
PGFRA	P16234	N	659	S	A	(in a hypereosinophilic syndrome sample;;constitutively activated kinase)"""";/evidence=""""ECO:0000269|PubMed:21224473"""";/id=""""VAR_066467""""	uniprot_sprot_dat_gz
PGFRA	P16234	D	842	V	A	(in a GIST sample; imatinib resistant,;constitutively activated kinase; dbSNP:rs121908585)"""";/evidence=""""ECO:0000269|PubMed:12522257,;ECO:0000269|PubMed:15928335, ECO:0000269|PubMed:20972453"""";/id=""""VAR_066471""""	uniprot_sprot_dat_gz
PGFRA	P16234	D	842	Y	A	(in a GIST sample; imatinib sensitive,;constitutively activated kinase; dbSNP:rs121913265)"""";/evidence=""""ECO:0000269|PubMed:15928335"""";/id=""""VAR_066472""""	uniprot_sprot_dat_gz
PGFRB	P09619	V	665	A	A	(in PENTT; gain of function in protein;tyrosine kinase activity; shows ligand-independent;constitutive signaling; dbSNP:rs1554108211)"""";/evidence=""""ECO:0000269|PubMed:26279204"""";/id=""""VAR_075866""""	uniprot_sprot_dat_gz
PIM1	P11309	H	68	Y	A	Increased kinase activity."""";/evidence=""""ECO:0000269|PubMed:15808862""""	uniprot_sprot_dat_gz
PLK1	P53350	S	137	D	A	Increases activity. Results in a block in;G1/S."""";/evidence=""""ECO:0000269|PubMed:12207013,;ECO:0000269|PubMed:18615013""""	uniprot_sprot_dat_gz
PLK1	P53350	T	210	D	A	Increases activity and restores recovery after;DNA damage checkpoint."""";/evidence=""""ECO:0000269|PubMed:12207013,;ECO:0000269|PubMed:12447691, ECO:0000269|PubMed:17461553,;ECO:0000269|PubMed:18615013, ECO:0000269|PubMed:19160488""""	uniprot_sprot_dat_gz
PLK4	O00444	T	170	D	A	Activating mutant."""";/evidence=""""ECO:0000269|PubMed:18239451,;ECO:0000269|PubMed:19164942""""	uniprot_sprot_dat_gz
PRKX	P51817	H	93	Q	A	Constitutive kinase activity; when associated;with R-202."""";/evidence=""""ECO:0000269|PubMed:16236808""""	uniprot_sprot_dat_gz
PRKX	P51817	W	202	R	A	Constitutive kinase activity; when associated;with Q-93."""";/evidence=""""ECO:0000269|PubMed:16236808""""	uniprot_sprot_dat_gz
RAF1	P04049	T	491	D	A	Increased kinase activity but can still be;inhibited by PPP5C; when associated with D-494."""";/evidence=""""ECO:0000269|PubMed:16892053""""	uniprot_sprot_dat_gz
ROR2	Q01974	D	482	G	A	Slight increase in kinase activity."""";/evidence=""""ECO:0000269|PubMed:25029443""""	uniprot_sprot_dat_gz
RYK	P34925	N	484	F	A	Gain of an autophosphorylation activity. Gain;of an autophosphorylation activity; when associated with A-;359. Gain of an autophosphorylation activity; when;associated with G-334 and G-482."""";/evidence=""""ECO:0000269|PubMed:10454588""""	uniprot_sprot_dat_gz
RYK	P34925	A	485	G	A	Gain of an autophosphorylation activity. Gain;of an autophosphorylation activity; when associated with G-;334 and F-481."""";/evidence=""""ECO:0000269|PubMed:10454588""""	uniprot_sprot_dat_gz
SIK2	Q9H0K1	T	175	E	A	Constitutively active."""";/evidence=""""ECO:0000269|PubMed:14976552""""	uniprot_sprot_dat_gz
SRC	P12931	P	302	E	A	Kinase active. Interacts with PDLIM4; when;associated with E-307 and F-419."""";/evidence=""""ECO:0000269|PubMed:19307596""""	uniprot_sprot_dat_gz
SRC	P12931	P	307	E	A	Kinase active. Interacts with PDLIM4; when;associated with E-302 and F-419."""";/evidence=""""ECO:0000269|PubMed:19307596""""	uniprot_sprot_dat_gz
TIE2	Q02763	Y	897	C	A	(in VMCM; increased ligand-independent;autophosphorylation and kinase activation;;dbSNP:rs80338909)"""";/evidence=""""ECO:0000269|PubMed:19888299"""";/id=""""VAR_066606""""	uniprot_sprot_dat_gz
TIE2	Q02763	Y	897	S	A	(in VMCM; also found in a patient with;solitary sporadic venous malformations; increased ligand-;independent autophosphorylation and kinase activation;;dbSNP:rs80338909)"""";/evidence=""""ECO:0000269|PubMed:10369874,;ECO:0000269|PubMed:19079259, ECO:0000269|PubMed:19888299"""";/id=""""VAR_008716""""	uniprot_sprot_dat_gz
TIE2	Q02763	R	915	H	A	(in VMCM; strongly increased ligand-;independent autophosphorylation and kinase activation;;dbSNP:rs387906745)"""";/evidence=""""ECO:0000269|PubMed:19888299"""";/id=""""VAR_066607""""	uniprot_sprot_dat_gz
TSSK1	Q9BXA7	T	174	E	A	Constitutively active."""";/evidence=""""ECO:0000269|PubMed:15733851""""	uniprot_sprot_dat_gz
VGFR1	P17948	N	1050	D	A	Strongly increases kinase activity. Increases;activity in promoting proliferation of endothelial cells."""";/evidence=""""ECO:0000269|PubMed:16286478""""	uniprot_sprot_dat_gz
VGFR2	P35968	C	1045	A	A	Significantly higher kinase activity."""";/evidence=""""ECO:0000269|PubMed:23199280""""	uniprot_sprot_dat_gz
ZAP70	P43403	K	362	E	A	Increases constitutive kinase activity on LAT;phosphorylation, strongly increases subcellular;localization of CD69 at the cell surface and decreases;autoinhibition conformation."""";/evidence=""""ECO:0000269|PubMed:26783323""""	uniprot_sprot_dat_gz
AKT1	P31749	K	179	M	D	Abolished serine/threonine-protein kinase;activity."""";/evidence=""""ECO:0000269|PubMed:33594058""""	uniprot_sprot_dat_gz
AURKA	O14965	G	198	N	D	Reduces interaction with TPX2. Reduces kinase;activity tenfold. Promotes interaction with the AURKB;binding partners INCENP and BIRC5 that are normally not;bound by AURKA."""";/evidence=""""ECO:0000269|PubMed:19357306""""	uniprot_sprot_dat_gz
AURKA	O14965	D	274	N	D	Abolishes cilia disassembly and kinase;activity."""";/evidence=""""ECO:0000269|PubMed:14580337,;ECO:0000269|PubMed:17604723""""	uniprot_sprot_dat_gz
AURKA	O14965	T	288	A	D	Reduces cilia disassembly and kinase;activity."""";/evidence=""""ECO:0000269|PubMed:17604723""""	uniprot_sprot_dat_gz
AURKB	Q96GD4	K	106	R	D	Leads to loss of kinase activity and severely;impairs mitotic progression."""";/evidence=""""ECO:0000269|PubMed:12686604,;ECO:0000269|PubMed:12925766, ECO:0000269|PubMed:14722118,;ECO:0000269|PubMed:16179162""""	uniprot_sprot_dat_gz
AURKC	Q9UQB9	K	72	R	D	Impairs kinase activity."""";/evidence=""""ECO:0000269|PubMed:15316025,;ECO:0000269|PubMed:15499654""""	uniprot_sprot_dat_gz
AURKC	Q9UQB9	D	166	Y	D	Impairs kinase activity, and keeps AURKC with;the chromosomes until the end of mitosis."""";/evidence=""""ECO:0000269|PubMed:15938719""""	uniprot_sprot_dat_gz
AURKC	Q9UQB9	T	198	A	D	Impairs kinase activity."""";/evidence=""""ECO:0000269|PubMed:15316025,;ECO:0000269|PubMed:15670791""""	uniprot_sprot_dat_gz
BRAF	P15056	K	483	S	D	Reduces kinase activity with MAP2K1."""";/evidence=""""ECO:0000269|PubMed:21441910""""	uniprot_sprot_dat_gz
BRSK1	Q8TDC3	T	189	A	D	Prevents phosphorylation and activation by;STK11/LKB1 complex."""";/evidence=""""ECO:0000269|PubMed:14976552""""	uniprot_sprot_dat_gz
BRSK2	Q8IWQ3	T	174	A	D	Prevents phosphorylation and activation by;STK11/LKB1 complex."""";/evidence=""""ECO:0000269|PubMed:14976552,;ECO:0000269|PubMed:18339622, ECO:0000269|PubMed:22798068""""	uniprot_sprot_dat_gz
BTK	Q06187	R	520	Q	D	(in XLA; severe; prevents activation due to;absence of contact between the catalytic loop and the;regulatory phosphorylated residue; dbSNP:rs128621202)"""";/evidence=""""ECO:0000269|PubMed:7633429,;ECO:0000269|PubMed:7809124, ECO:0000269|PubMed:7849697,;ECO:0000269|PubMed:7880320"""";/id=""""VAR_006251""""	uniprot_sprot_dat_gz
CDK12	Q9NYV4	D	877	N	D	Abolishes kinase activity."""";/evidence=""""ECO:0000269|PubMed:24662513""""	uniprot_sprot_dat_gz
CDK14	O94921	K	164	R	D	Abolishes protein kinase activity."""";/evidence=""""ECO:0000269|PubMed:17517622,;ECO:0000269|PubMed:19524571""""	uniprot_sprot_dat_gz
CDK16	Q00536	K	194	A	D	Loss of kinase activity. Abolishes effect on;insulin secretion."""";/evidence=""""ECO:0000269|PubMed:22184064,;ECO:0000269|PubMed:22798068""""	uniprot_sprot_dat_gz
CDK19	Q9BWU1	G	28	R	D	(in DEE87; decreased protein kinase;activity)"""";/evidence=""""ECO:0000269|PubMed:33495529"""";/id=""""VAR_084393""""	uniprot_sprot_dat_gz
CDK20	Q8IZL9	T	161	A	D	Impairs CDK2 T-160 phosphorylation and;activity."""";/evidence=""""ECO:0000269|PubMed:14597612""""	uniprot_sprot_dat_gz
CDK2	P24941	T	160	A	D	Abolishes activity."""";/evidence=""""ECO:0000269|PubMed:1396589""""	uniprot_sprot_dat_gz
CDK2	P24941	L	166	R	D	Reduced phosphorylation by CAK and reduced;kinase activity."""";/evidence=""""ECO:0000269|PubMed:17373709""""	uniprot_sprot_dat_gz
CDK8	P49336	V	27	L	D	(in IDDHBA; decreased protein kinase;activity)"""";/evidence=""""ECO:0000269|PubMed:30905399"""";/id=""""VAR_083786""""	uniprot_sprot_dat_gz
CDK8	P49336	R	29	G	D	(in IDDHBA; decreased protein kinase;activity; dbSNP:rs1593218885)"""";/evidence=""""ECO:0000269|PubMed:30905399"""";/id=""""VAR_083787""""	uniprot_sprot_dat_gz
CDK8	P49336	G	30	S	D	(in IDDHBA; decreased protein kinase;activity; dbSNP:rs1593218890)"""";/evidence=""""ECO:0000269|PubMed:30905399"""";/id=""""VAR_083788""""	uniprot_sprot_dat_gz
CDK8	P49336	S	62	L	D	(in IDDHBA; decreased protein kinase;activity; dbSNP:rs1565977796)"""";/evidence=""""ECO:0000269|PubMed:30905399"""";/id=""""VAR_083789""""	uniprot_sprot_dat_gz
CDK8	P49336	R	178	Q	D	(in IDDHBA; decreased protein kinase;activity; dbSNP:rs1418353379)"""";/evidence=""""ECO:0000269|PubMed:30905399"""";/id=""""VAR_083791""""	uniprot_sprot_dat_gz
CDK8	P49336	V	193	G	D	(in IDDHBA; decreased protein kinase;activity)"""";/evidence=""""ECO:0000269|PubMed:30905399"""";/id=""""VAR_083792""""	uniprot_sprot_dat_gz
CDK8	P49336	I	223	M	D	(in IDDHBA; decreased protein kinase;activity; dbSNP:rs1593310364)"""";/evidence=""""ECO:0000269|PubMed:30905399"""";/id=""""VAR_083793""""	uniprot_sprot_dat_gz
CDK9	P50750	K	44	R	D	Impaired kinase and transcriptional elongation;activities, but normal cyclin T1 and HEXIM1 binding."""";/evidence=""""ECO:0000269|PubMed:17452463""""	uniprot_sprot_dat_gz
CDK9	P50750	K	48	Q	D	Mimics acetylation; leading to impaired;protein kinase activity."""";/evidence=""""ECO:0000269|PubMed:28426094""""	uniprot_sprot_dat_gz
CHK1	O14757	K	38	R	D	Abolishes kinase activity."""";/evidence=""""ECO:0000269|PubMed:12446774,;ECO:0000269|PubMed:14681223""""	uniprot_sprot_dat_gz
CHK1	O14757	D	130	A	D	Abolishes kinase activity."""";/evidence=""""ECO:0000269|PubMed:10673501,;ECO:0000269|PubMed:11390642, ECO:0000269|PubMed:11535615,;ECO:0000269|PubMed:11821419, ECO:0000269|PubMed:12588868,;ECO:0000269|PubMed:14681206, ECO:0000269|PubMed:15311285,;ECO:0000269|PubMed:9278511""""	uniprot_sprot_dat_gz
CHK2	O96017	D	368	N	D	Loss of autophosphorylation activity."""";/evidence=""""ECO:0000269|PubMed:15342622""""	uniprot_sprot_dat_gz
CHK2	O96017	H	371	Y	D	(confers a moderate risk of breast cancer;;partially reduces kinase activity; dbSNP:rs531398630)"""";/evidence=""""ECO:0000269|PubMed:21618645"""";/id=""""VAR_066012""""	uniprot_sprot_dat_gz
CILK1	Q9UPZ9	T	157	A	D	Reduction of activity and loss of;autophosphorylation. Loss of activity and;autophosphorylation; when associated with F-159."""";/evidence=""""ECO:0000269|PubMed:10699974""""	uniprot_sprot_dat_gz
CILK1	Q9UPZ9	Y	159	F	D	Reduction of activity and loss of;autophosphorylation. Loss of activity and;autophosphorylation; when associated with A-157."""";/evidence=""""ECO:0000269|PubMed:10699974""""	uniprot_sprot_dat_gz
CILK1	Q9UPZ9	R	272	Q	D	(in ECO; significantly impairs kinase;activity; decreased localization at the ciliary tips;;impaired ciliogenesis; results in abnormally elongated;cilia; impairs mitosis, cell-cycle exit and radial;neuroblast migration, while promoting apoptosis, when;tested in a heterologous system; loss of nuclear;localization; dbSNP:rs118203918)"""";/evidence=""""ECO:0000269|PubMed:19185282,;ECO:0000269|PubMed:24797473, ECO:0000269|PubMed:24853502,;ECO:0000269|PubMed:29539279"""";/id=""""VAR_057994""""	uniprot_sprot_dat_gz
CSK	P41240	Y	304	F	D	Decreases activity by two-thirds and alters;conformation."""";/evidence=""""ECO:0000269|PubMed:9148770""""	uniprot_sprot_dat_gz
CTRO	O14578	G	106	V	D	(in MCPH17; impairs kinase activity; exhibits;abnormal mitotic cytokinesis; exhibits multipolar spindles;;increases the neurons apoptotic process;;dbSNP:rs886037892)"""";/evidence=""""ECO:0000269|PubMed:27453578"""";/id=""""VAR_077442""""	uniprot_sprot_dat_gz
CTRO	O14578	K	126	Q	D	(in MCPH17; impairs kinase activity; exhibits;abnormal mitotic cytokinesis; exhibits multipolar spindles;;increases the neurons apoptotic process;;dbSNP:rs886037893)"""";/evidence=""""ECO:0000269|PubMed:27453578"""";/id=""""VAR_077443""""	uniprot_sprot_dat_gz
CTRO	O14578	D	230	V	D	(in MCPH17; impairs kinase activity; exhibits;abnormal mitotic cytokinesis; exhibits multipolar spindles;;increases the neurons apoptotic process;;dbSNP:rs886037894)"""";/evidence=""""ECO:0000269|PubMed:27453578"""";/id=""""VAR_077444""""	uniprot_sprot_dat_gz
DAPK3	O43293	K	42	A	D	Loss of kinase activity at low concentrations;of ATP."""";/evidence=""""ECO:0000269|PubMed:17158456""""	uniprot_sprot_dat_gz
DAPK3	O43293	T	112	M	D	(in a colorectal adenocarcinoma sample;;somatic mutation; greatly reduces kinase activity,;increases cell proliferation and cell survival)"""";/evidence=""""ECO:0000269|PubMed:17344846,;ECO:0000269|PubMed:21487036"""";/id=""""VAR_040438""""	uniprot_sprot_dat_gz
DAPK3	O43293	D	161	N	D	(in an ovarian mucinous carcinoma sample;;somatic mutation; greatly reduces kinase activity,;increases cell proliferation and cell survival)"""";/evidence=""""ECO:0000269|PubMed:17344846,;ECO:0000269|PubMed:21487036"""";/id=""""VAR_040439""""	uniprot_sprot_dat_gz
DAPK3	O43293	T	180	A	D	Greatly reduced kinase activity."""";/evidence=""""ECO:0000269|PubMed:21487036""""	uniprot_sprot_dat_gz
DAPK3	O43293	P	216	S	D	(in a lung neuroendocrine carcinoma sample;;somatic mutation; greatly reduces kinase activity,;increases cell proliferation, cell adhesion and cell;survival)"""";/evidence=""""ECO:0000269|PubMed:17344846,;ECO:0000269|PubMed:21487036"""";/id=""""VAR_040440""""	uniprot_sprot_dat_gz
DAPK3	O43293	T	265	A	D	Loss of phosphorylation by ROCK1,;catalytically inactive."""";/evidence=""""ECO:0000269|PubMed:17158456""""	uniprot_sprot_dat_gz
DDR2	Q16832	K	608	A	D	Abolishes kinase activity."""";/evidence=""""ECO:0000269|PubMed:16186108""""	uniprot_sprot_dat_gz
DYR1A	Q13627	K	188	R	D	Abolished protein kinase activity."""";/evidence=""""ECO:0000269|PubMed:23665168,;ECO:0000269|PubMed:25620562""""	uniprot_sprot_dat_gz
DYR1A	Q13627	Y	321	F	D	Mildly reduces kinase activity. Does not;abolish autophosphorylation on tyrosine residues."""";/evidence=""""ECO:0000269|PubMed:23665168""""	uniprot_sprot_dat_gz
DYR1B	Q9Y463	K	140	R	D	Abolishes kinase activity."""";/evidence=""""ECO:0000269|PubMed:10910078""""	uniprot_sprot_dat_gz
DYR1B	Q9Y463	D	239	A	D	Abolishes kinase activity."""";/evidence=""""ECO:0000269|PubMed:32611815""""	uniprot_sprot_dat_gz
DYR1B	Q9Y463	Y	271	F	D	Abolishes kinase activity; when associated;with F-273."""";/evidence=""""ECO:0000269|PubMed:10910078""""	uniprot_sprot_dat_gz
DYRK2	Q92630	K	251	R	D	Abolishes protein serine/threonine kinase;activity."""";/evidence=""""ECO:0000269|PubMed:23362280""""	uniprot_sprot_dat_gz
DYRK4	Q9NR20	Y	264	F	D	Abolishes kinase activity."""";/evidence=""""ECO:0000269|PubMed:21127067""""	uniprot_sprot_dat_gz
E2AK2	P19525	T	446	A	D	Significant loss of activity and impairs;autophosphorylation of T-451."""";/evidence=""""ECO:0000269|PubMed:11337501""""	uniprot_sprot_dat_gz
EGFR	P00533	K	745	A,	D	M: Abolishes kinase activity."""";/evidence=""""ECO:0000269|PubMed:19560417""""	uniprot_sprot_dat_gz
ERBB4	Q15303	K	751	R	D	Abolishes kinase activity. Abolishes;phosphorylation, proteolytic processing and nuclear;localization."""";/evidence=""""ECO:0000269|PubMed:11390655,;ECO:0000269|PubMed:17486069, ECO:0000269|PubMed:17638867""""	uniprot_sprot_dat_gz
ERN1	O75460	K	599	A	D	Loss of autophosphorylation and of;endoribonuclease activity. Inhibition of growth arrest."""";/evidence=""""ECO:0000269|PubMed:11175748,;ECO:0000269|PubMed:9637683""""	uniprot_sprot_dat_gz
FAK2	Q14289	K	457	A	D	Abolishes kinase activity."""";/evidence=""""ECO:0000269|PubMed:15166227""""	uniprot_sprot_dat_gz
FER	P16591	K	591	R	D	Abolishes kinase activity."""";/evidence=""""ECO:0000269|PubMed:9722593""""	uniprot_sprot_dat_gz
FES	P07332	K	590	E	D	Abolishes kinase activity. Fails to inhibit;proliferation of melanoma cells."""";/evidence=""""ECO:0000269|PubMed:15485904,;ECO:0000269|PubMed:28463229""""	uniprot_sprot_dat_gz
FES	P07332	M	704	V	D	Reduced autophosphorylation and strongly;reduced kinase activity."""";/evidence=""""ECO:0000269|PubMed:15867340,;ECO:0000269|PubMed:16455651""""	uniprot_sprot_dat_gz
FES	P07332	Y	713	F	D	Reduces kinase activity by over 90%."""";/evidence=""""ECO:0000269|PubMed:7687763""""	uniprot_sprot_dat_gz
FES	P07332	V	743	M	D	Strongly reduced autophosphorylation and;kinase activity."""";/evidence=""""ECO:0000269|PubMed:15867340,;ECO:0000269|PubMed:16455651""""	uniprot_sprot_dat_gz
FES	P07332	S	759	F	D	Reduced autophosphorylation and strongly;reduced kinase activity."""";/evidence=""""ECO:0000269|PubMed:15867340,;ECO:0000269|PubMed:16455651""""	uniprot_sprot_dat_gz
FGFR1	P11362	K	618	N	D	(in HH2; some patients also carry GNRHR;mutations; impairs tyrosine kinase activity)"""";/evidence=""""ECO:0000269|PubMed:19820032,;ECO:0000269|PubMed:23643382"""";/id=""""VAR_069293""""	uniprot_sprot_dat_gz
FGFR1	P11362	P	722	H	D	(in HH2; associated with K-724; also found in;a family member with isolated anosmia; reduced tyrosine;kinase activity; dbSNP:rs267606805)"""";/evidence=""""ECO:0000269|PubMed:16606836,;ECO:0000269|PubMed:23643382"""";/id=""""VAR_031005""""	uniprot_sprot_dat_gz
FGFR1	P11362	N	724	K	D	(in HH2; associated with H-722; also found in;a family member with isolated anosmia; reduced tyrosine;kinase activity; dbSNP:rs267606806)"""";/evidence=""""ECO:0000269|PubMed:16606836,;ECO:0000269|PubMed:23643382"""";/id=""""VAR_031007""""	uniprot_sprot_dat_gz
FGFR2	P21802	A	628	T	D	(in LADDS; strongly reduced kinase activity;;dbSNP:rs121918509)"""";/evidence=""""ECO:0000269|PubMed:16501574"""";/id=""""VAR_029884""""	uniprot_sprot_dat_gz
FGFR3	P22607	K	508	A	D	Loss of kinase activity. Abolishes;ubiquitination."""";/evidence=""""ECO:0000269|PubMed:12297284,;ECO:0000269|PubMed:16410555""""	uniprot_sprot_dat_gz
FGFR3	P22607	Y	724	F	D	Strongly reduced kinase activity. Strongly;reduced mitogen activity."""";/evidence=""""ECO:0000269|PubMed:11294897""""	uniprot_sprot_dat_gz
FLT3	P36888	K	644	A	D	Abolishes kinase activity."""";/evidence=""""ECO:0000269|PubMed:15831474""""	uniprot_sprot_dat_gz
HCK	P08631	Y	411	A	D	Reduced catalytic activity and higher affinity;for target peptides."""";/evidence=""""ECO:0000269|PubMed:10644735""""	uniprot_sprot_dat_gz
HIPK1	Q86Z02	D	315	N	D	Loss of kinase activity and impaired MAP3K5-;JNK inactivation."""";/evidence=""""ECO:0000269|PubMed:15701637""""	uniprot_sprot_dat_gz
HIPK3	Q9H422	K	226	R	D	Loss of kinase activity and impaired;activation of SF1."""";/evidence=""""ECO:0000269|PubMed:17210646""""	uniprot_sprot_dat_gz
IGF1R	P08069	K	1033	A	D	Kinase inactive. Abolishes tyrosine;phosphorylation and abolishes interaction with IRS1, SHC1;and PIK3R1."""";/evidence=""""ECO:0000269|PubMed:7541045""""	uniprot_sprot_dat_gz
IKKA	O15111	T	23	A	D	Loss of phosphorylation and decrease of kinase;activity."""";/evidence=""""ECO:0000269|PubMed:10485710""""	uniprot_sprot_dat_gz
IKKB	O14920	S	177	A	D	Decrease of activity."""";/evidence=""""ECO:0000269|PubMed:19675099,;ECO:0000269|PubMed:9346484""""	uniprot_sprot_dat_gz
IKKB	O14920	S	181	A	D	Decrease of activity."""";/evidence=""""ECO:0000269|PubMed:19675099,;ECO:0000269|PubMed:9346484""""	uniprot_sprot_dat_gz
IKKE	Q14164	E	168	A	D	Slight decrease of kinase activity."""";/evidence=""""ECO:0000269|PubMed:10421793""""	uniprot_sprot_dat_gz
IKKE	Q14164	S	172	A	D	Loss of autophosphorylation and of kinase;activity."""";/evidence=""""ECO:0000269|PubMed:10421793""""	uniprot_sprot_dat_gz
IKKE	Q14164	S	172	E	D	Decrease in kinase activity."""";/evidence=""""ECO:0000269|PubMed:10421793""""	uniprot_sprot_dat_gz
ILK	Q13418	E	359	K	D	Inactivation of ILK."""";/evidence=""""ECO:0000269|PubMed:9736715""""	uniprot_sprot_dat_gz
INSR	P06213	K	1057	A	D	Abolishes the kinase activity and abolishes;interaction with IRS1, SHC1, GRB7 and PIK3R1."""";/evidence=""""ECO:0000269|PubMed:10803466,;ECO:0000269|PubMed:3101064, ECO:0000269|PubMed:7537849""""	uniprot_sprot_dat_gz
INSR	P06213	K	1057	M,	D	R: Abolishes the kinase activity."""";/evidence=""""ECO:0000269|PubMed:10803466,;ECO:0000269|PubMed:3101064, ECO:0000269|PubMed:7537849""""	uniprot_sprot_dat_gz
INSR	P06213	E	1206	D	D	(in IRAN type A; accelerates degradation of;the protein and impairs kinase activity)"""";/evidence=""""ECO:0000269|PubMed:7983039"""";/id=""""VAR_015931""""	uniprot_sprot_dat_gz
INSR	P06213	W	1220	L	D	(in IRAN type A; accelerates degradation of;the protein and impairs kinase activity; dbSNP:rs52800171)"""";/evidence=""""ECO:0000269|PubMed:7983039,;ECO:0000269|PubMed:8390949"""";/id=""""VAR_004100""""	uniprot_sprot_dat_gz
KAPCG	P22612	I	74	M	D	(in BDPLT19; patient platelets show impaired;activation; dbSNP:rs724159972)"""";/evidence=""""ECO:0000269|PubMed:25061177"""";/id=""""VAR_072672""""	uniprot_sprot_dat_gz
KC1D	P48730	K	38	M	D	Impaired kinase activity and abnormal;subcellular localization with exclusive accumulation to the;nucleus."""";/evidence=""""ECO:0000269|PubMed:11161704""""	uniprot_sprot_dat_gz
KC1D	P48730	T	44	A	D	(in FASPS2; strongly reduces kinase activity;;dbSNP:rs104894561)"""";/evidence=""""ECO:0000269|PubMed:15800623,;ECO:0000269|PubMed:23636092"""";/id=""""VAR_029075""""	uniprot_sprot_dat_gz
KC1D	P48730	H	46	R	D	(in FASPS2; strongly reduces kinase activity;;dbSNP:rs397514693)"""";/evidence=""""ECO:0000269|PubMed:23636092"""";/id=""""VAR_069801""""	uniprot_sprot_dat_gz
KC1D	P48730	T	176	I	D	Impaired kinase activity and abnormal;subcellular localization with exclusive accumulation to the;nucleus."""";/evidence=""""ECO:0000269|PubMed:11161704""""	uniprot_sprot_dat_gz
KCC1A	Q14012	K	49	A	D	Catalytically inactive form; prevents CDK4;activation."""";/evidence=""""ECO:0000269|PubMed:14754892,;ECO:0000269|PubMed:7641687""""	uniprot_sprot_dat_gz
KCC1D	Q8IU85	K	52	A	D	Catalytically inactive form."""";/evidence=""""ECO:0000269|PubMed:16324104""""	uniprot_sprot_dat_gz
KPCA	P17252	T	497	A	D	Abolishes phosphorylation and catalytic;activity; when associated with A-494 and A-495."""";/evidence=""""ECO:0000269|PubMed:8349635""""	uniprot_sprot_dat_gz
KPCE	Q02156	K	437	W	D	Abolishes activity and S-729 phosphorylation."""";/evidence=""""ECO:0000269|PubMed:11964154""""	uniprot_sprot_dat_gz
KPCI	P41743	K	274	W	D	Abolishes activity."""";/evidence=""""ECO:0000269|PubMed:10906326""""	uniprot_sprot_dat_gz
KS6A5	O75582	S	212	A	D	Inactivates the N-terminal kinase domain."""";/evidence=""""ECO:0000269|PubMed:15568999""""	uniprot_sprot_dat_gz
KS6B1	P23443	K	167	N	D	Greatly reduces activity. Greatly reduces;phosphorylation at T-412 and moderately reduces;phosphorylation at T-252."""";/evidence=""""ECO:0000269|PubMed:17446865""""	uniprot_sprot_dat_gz
LATS2	Q9NRM7	K	697	A	D	Loss of kinase activity, autophosphorylation;and tumor suppressor activity."""";/evidence=""""ECO:0000269|PubMed:10871863,;ECO:0000269|PubMed:12853976""""	uniprot_sprot_dat_gz
LATS2	Q9NRM7	S	872	A	D	Loss of tumor suppressor activity."""";/evidence=""""ECO:0000269|PubMed:12853976""""	uniprot_sprot_dat_gz
LIMK1	P53667	T	508	A	D	Abolishes activation by ROCK1."""";/evidence=""""ECO:0000269|PubMed:10196227,;ECO:0000269|PubMed:10652353""""	uniprot_sprot_dat_gz
LIMK1	P53667	T	508	V	D	Reduces kinase activity."""";/evidence=""""ECO:0000269|PubMed:10196227,;ECO:0000269|PubMed:10652353""""	uniprot_sprot_dat_gz
LRRK2	Q5S007	K	1906	A	D	Loss of kinase activity. Decreases proteosomal;degradation of MAPT; when associated with N-1994 and A-;2017."""";/evidence=""""ECO:0000269|PubMed:26014385""""	uniprot_sprot_dat_gz
LRRK2	Q5S007	D	1994	N	D	Loss of kinase activity. No loss of;interaction with SEC16A and no loss of ability to recruit;SEC16A to endoplasmic reticulum exit sites. Decreases;proteosomal degradation of MAPT; when associated with A-;1906 and A-2017."""";/evidence=""""ECO:0000269|PubMed:25201882,;ECO:0000269|PubMed:26014385, ECO:0000269|PubMed:26824392""""	uniprot_sprot_dat_gz
LRRK2	Q5S007	D	2017	A	D	Loss of kinase activity. Decreases proteosomal;degradation of MAPT; when associated with A-1906 and N-;1994. Loss of phosphorylation of RAB10; when associated;with G-1441, C-1699, or S-2019."""";/evidence=""""ECO:0000269|PubMed:26014385,;ECO:0000269|PubMed:29125462, ECO:0000269|PubMed:29212815,;ECO:0000269|PubMed:30635421""""	uniprot_sprot_dat_gz
LTK	P29376	Y	753	F	D	Abolishes interaction with PI3-kinase subunit;p85, impairs PI3 kinase activity and leads to apoptosis;(demonstrated with chimeric EGFR-LTK)."""";/evidence=""""ECO:0000269|PubMed:9223670""""	uniprot_sprot_dat_gz
LYN	P07948	Y	397	F	D	Strongly reduced kinase activity."""";/evidence=""""ECO:0000269|PubMed:16920712""""	uniprot_sprot_dat_gz
M3K11	Q16584	K	144	A	D	Greatly reduced autophosphorylation activity."""";/evidence=""""ECO:0000269|PubMed:11053428,;ECO:0000269|PubMed:8195146""""	uniprot_sprot_dat_gz
M3K11	Q16584	K	144	R	D	Loss of kinase activity. Prevents activation;of SAPK and MAPK14."""";/evidence=""""ECO:0000269|PubMed:11053428,;ECO:0000269|PubMed:8195146""""	uniprot_sprot_dat_gz
M3K11	Q16584	E	164	A	D	Greatly reduced autophosphorylation activity."""";/evidence=""""ECO:0000269|PubMed:8195146""""	uniprot_sprot_dat_gz
M3K11	Q16584	T	277	A	D	Severely reduced autophosphorylation activity.;Prevents phosphorylation of SAPK and MAPK14."""";/evidence=""""ECO:0000269|PubMed:11053428""""	uniprot_sprot_dat_gz
M3K11	Q16584	S	281	A	D	Reduced autophosphorylation activity. Reduced;activation of SAPK and MAPK14."""";/evidence=""""ECO:0000269|PubMed:11053428""""	uniprot_sprot_dat_gz
M3K13	O43283	K	195	A	D	Kinase inactive. Fails to activate NF-kappa-;B."""";/evidence=""""ECO:0000269|PubMed:12492477""""	uniprot_sprot_dat_gz
M3K20	Q9NYL2	T	161	A	D	Loss of autophosphorylation activity."""";/evidence=""""ECO:0000269|PubMed:15342622""""	uniprot_sprot_dat_gz
M3K20	Q9NYL2	T	162	A	D	Slight loss of autophosphorylation activity."""";/evidence=""""ECO:0000269|PubMed:15342622""""	uniprot_sprot_dat_gz
M3K20	Q9NYL2	S	165	A	D	Loss of autophosphorylation activity."""";/evidence=""""ECO:0000269|PubMed:15342622""""	uniprot_sprot_dat_gz
M3K5	Q99683	K	709	R	D	Loss of kinase activity. Abolishes DAXX-;mediated apoptosis. Loss of RC3H2-mediated ubiquitination."""";/evidence=""""ECO:0000269|PubMed:17210579,;ECO:0000269|PubMed:24448648, ECO:0000269|PubMed:9743501""""	uniprot_sprot_dat_gz
M3K9	P80192	T	304	A	D	Reduces threonine phosphorylation. Impairs JNK;activation."""";/evidence=""""ECO:0000269|PubMed:15610029""""	uniprot_sprot_dat_gz
M3K9	P80192	T	305	A	D	Little effect on threonine phosphorylation.;Mildly impairs JNK activation."""";/evidence=""""ECO:0000269|PubMed:15610029""""	uniprot_sprot_dat_gz
M3K9	P80192	S	308	A	D	Impairs JNK activation."""";/evidence=""""ECO:0000269|PubMed:15610029""""	uniprot_sprot_dat_gz
M3K9	P80192	T	312	A	D	Loss of threonine phosphorylation. Strongly;impairs JNK activation."""";/evidence=""""ECO:0000269|PubMed:15610029""""	uniprot_sprot_dat_gz
MAK	P20794	T	157	A	D	Abolishes autophosphorylation and impairs;kinase activity."""";/evidence=""""ECO:0000269|PubMed:21986944""""	uniprot_sprot_dat_gz
MAPK2	P49137	K	93	R	D	Kinase defective mutant, abolishes activity."""";/evidence=""""ECO:0000269|PubMed:14517288""""	uniprot_sprot_dat_gz
MAPK2	P49137	D	207	A	D	Kinase defective mutant, abolishes activity."""";/evidence=""""ECO:0000269|PubMed:8846784""""	uniprot_sprot_dat_gz
MAPK2	P49137	T	222	A	D	Strong decrease in kinase activity."""";/evidence=""""ECO:0000269|PubMed:14517288,;ECO:0000269|PubMed:15014438, ECO:0000269|PubMed:8846784""""	uniprot_sprot_dat_gz
MAPK2	P49137	S	272	A	D	Strong decrease in kinase activity."""";/evidence=""""ECO:0000269|PubMed:8846784""""	uniprot_sprot_dat_gz
MAPK5	Q8IW41	K	51	M	D	Kinase defective mutant, abolishes activity."""";/evidence=""""ECO:0000269|PubMed:12808055""""	uniprot_sprot_dat_gz
MARK1	Q9P0L2	T	215	A	D	Prevents phosphorylation and activation by;STK11/LKB1 complex."""";/evidence=""""ECO:0000269|PubMed:14976552""""	uniprot_sprot_dat_gz
MARK2	Q7KZI7	T	208	A	D	Prevents phosphorylation and activation by;STK11/LKB1 complex."""";/evidence=""""ECO:0000269|PubMed:14976552""""	uniprot_sprot_dat_gz
MARK3	P27448	T	211	A	D	Prevents phosphorylation and activation by;STK11/LKB1 complex."""";/evidence=""""ECO:0000269|PubMed:14976552""""	uniprot_sprot_dat_gz
MARK4	Q96L34	T	214	A	D	Prevents phosphorylation and activation by;STK11/LKB1 complex."""";/evidence=""""ECO:0000269|PubMed:14976552""""	uniprot_sprot_dat_gz
MARK4	Q96L34	T	214	E	D	Mimicks phosphorylation state, leading to;increased activity. Decreases mTORC1 activity."""";/evidence=""""ECO:0000269|PubMed:14976552,;ECO:0000269|PubMed:23184942""""	uniprot_sprot_dat_gz
MELK	Q14680	D	150	A	D	Abolishes enzymatic activity."""";/evidence=""""ECO:0000269|PubMed:14699119,;ECO:0000269|PubMed:16216881, ECO:0000269|PubMed:17280616""""	uniprot_sprot_dat_gz
MELK	Q14680	T	167	A	D	Abolishes activation of serine/threonine-;protein kinase activity and has only weak activity."""";/evidence=""""ECO:0000269|PubMed:14976552""""	uniprot_sprot_dat_gz
MELK	Q14680	S	171	A	D	Abolishes activation of serine/threonine-;protein kinase activity and has only weak activity."""";/evidence=""""ECO:0000269|PubMed:16216881""""	uniprot_sprot_dat_gz
MELK	Q14680	S	171	D	D	Inactive."""";/evidence=""""ECO:0000269|PubMed:16216881""""	uniprot_sprot_dat_gz
MK08	P45983	K	55	D	D	Abolished protein kinase activity."""";/evidence=""""ECO:0000269|PubMed:22966201""""	uniprot_sprot_dat_gz
MK11	Q15759	T	180	A	D	Inactivation."""";/evidence=""""ECO:0000269|PubMed:15356147""""	uniprot_sprot_dat_gz
MK11	Q15759	Y	182	F	D	Inactivation."""";/evidence=""""ECO:0000269|PubMed:15356147""""	uniprot_sprot_dat_gz
MK14	Q16539	A	34	V	D	Lowered kinase activity."""";/evidence=""""ECO:0000269|PubMed:7493921""""	uniprot_sprot_dat_gz
MK14	Q16539	Y	69	H	D	Lowered kinase activity."""";/evidence=""""ECO:0000269|PubMed:15284239""""	uniprot_sprot_dat_gz
MK15	Q8TD08	K	42	R	D	Loss of autophosphorylation and activity. Does;not increase dopamine transporter activity. Impairs kinase;activity. Does not rescue cilium assembly in MAPK15-;depleted cells."""";/evidence=""""ECO:0000269|PubMed:11875070,;ECO:0000269|PubMed:28842414, ECO:0000269|PubMed:29021280""""	uniprot_sprot_dat_gz
MK15	Q8TD08	R	59	Q	D	Does not increase dopamine transporter;activity. Impairs kinase activity."""";/evidence=""""ECO:0000269|PubMed:28842414""""	uniprot_sprot_dat_gz
MK15	Q8TD08	T	175	A	D	Loss of autophosphorylation and activity.;Still heavily phosphorylated at Tyr-177. Does not rescues;inhibition of O-glycosylation in MAPK15-depleted cells;;when associated with F-177."""";/evidence=""""ECO:0000269|PubMed:11875070,;ECO:0000269|PubMed:16336213, ECO:0000269|PubMed:24618899""""	uniprot_sprot_dat_gz
MK15	Q8TD08	Y	177	A	D	Loss of autophosphorylation and activity.;Heavily phosphorylated at Thr-175."""";/evidence=""""ECO:0000269|PubMed:11875070,;ECO:0000269|PubMed:16336213""""	uniprot_sprot_dat_gz
MP2K1	Q02750	K	97	A	D	Loss of catalytic activity. Strongly reduces;phosphorylation upon UV irradiation."""";/evidence=""""ECO:0000269|PubMed:20956560""""	uniprot_sprot_dat_gz
MP2K3	P46734	S	218	A	D	Inactivation."""";/evidence=""""ECO:0000269|PubMed:8622669""""	uniprot_sprot_dat_gz
MP2K3	P46734	T	222	A	D	Inactivation."""";/evidence=""""ECO:0000269|PubMed:8622669""""	uniprot_sprot_dat_gz
MP2K5	Q13163	K	195	M	D	Inactivation."""";/evidence=""""ECO:0000269|PubMed:7759517""""	uniprot_sprot_dat_gz
MP2K5	Q13163	S	311	A	D	Inactivation."""";/evidence=""""ECO:0000269|PubMed:7759517""""	uniprot_sprot_dat_gz
MP2K5	Q13163	T	315	A	D	Inactivation."""";/evidence=""""ECO:0000269|PubMed:7759517""""	uniprot_sprot_dat_gz
MP2K6	P52564	S	207	A	D	Inactivation.""""	uniprot_sprot_dat_gz
MP2K6	P52564	T	211	A	D	Inactivation.""""	uniprot_sprot_dat_gz
MRCKA	Q5VT25	S	234	A	D	Loss of autophosphorylation and kinase;activity."""";/evidence=""""ECO:0000269|PubMed:11283256""""	uniprot_sprot_dat_gz
MRCKA	Q5VT25	T	240	A	D	Loss of autophosphorylation and kinase;activity."""";/evidence=""""ECO:0000269|PubMed:11283256""""	uniprot_sprot_dat_gz
MUSK	O15146	G	584	C,	D	D: Mild decrease in kinase activity."""";/evidence=""""ECO:0000269|PubMed:25029443""""	uniprot_sprot_dat_gz
MYLK	Q15746	A	1491	S	D	(in AAT7; decreases kinase activity;;dbSNP:rs1576422965)"""";/evidence=""""ECO:0000269|PubMed:29544503"""";/id=""""VAR_083425""""	uniprot_sprot_dat_gz
NEK10	Q6ZWH5	K	548	R	D	Catalytically inactive. Impaired mucociliary;transport."""";/evidence=""""ECO:0000269|PubMed:20956560,;ECO:0000269|PubMed:31959991""""	uniprot_sprot_dat_gz
NEK2	P51955	T	175	A	D	Kinase activity decreased by two fold."""";/evidence=""""ECO:0000269|PubMed:17197699""""	uniprot_sprot_dat_gz
NEK6	Q9HC98	K	74	M	D	Loss of autophosphorylation and of kinase;activity and induction of apoptosis; when associated with;M-75."""";/evidence=""""ECO:0000269|PubMed:14563848,;ECO:0000269|PubMed:19001501""""	uniprot_sprot_dat_gz
NEK6	Q9HC98	K	75	M	D	Loss of autophosphorylation and of kinase;activity and induction of apoptosis; when associated with;M-74."""";/evidence=""""ECO:0000269|PubMed:14563848,;ECO:0000269|PubMed:19001501""""	uniprot_sprot_dat_gz
NIM1	Q8IY84	T	229	A	D	Loss of autophosphorylation and kinase;activity."""";/evidence=""""ECO:0000269|PubMed:15733851""""	uniprot_sprot_dat_gz
NUAK1	O60285	K	84	A	D	Abolishes kinase activity and ability to;induce senescence."""";/evidence=""""ECO:0000269|PubMed:19927127,;ECO:0000269|PubMed:21317932""""	uniprot_sprot_dat_gz
NUAK1	O60285	T	211	A	D	Prevents phosphorylation and activation by;STK11/LKB1 complex. Abolishes ability to induce;senescence."""";/evidence=""""ECO:0000269|PubMed:14976552,;ECO:0000269|PubMed:19927127, ECO:0000269|PubMed:21317932""""	uniprot_sprot_dat_gz
NUAK2	Q9H093	K	81	R	D	Loss of autophosphorylation, kinase activity;and of anti-apoptotic activity."""";/evidence=""""ECO:0000269|PubMed:15345718""""	uniprot_sprot_dat_gz
OXSR1	O95747	K	46	A	D	Loss of autophosphorylation and kinase;activity."""";/evidence=""""ECO:0000269|PubMed:14707132,;ECO:0000269|PubMed:16389068""""	uniprot_sprot_dat_gz
PAK1	Q13153	K	299	R	D	Strongly decreases activity. Abolishes kinase;activity; when associated with N-389."""";/evidence=""""ECO:0000269|PubMed:22153498""""	uniprot_sprot_dat_gz
PAK1	Q13153	D	389	N	D	Abolishes kinase activity; when associated;with R-299."""";/evidence=""""ECO:0000269|PubMed:22153498""""	uniprot_sprot_dat_gz
PAK1	Q13153	T	423	A	D	Decreases CDC42-stimulated activity and;autophosphorylation."""";/evidence=""""ECO:0000269|PubMed:10551809""""	uniprot_sprot_dat_gz
PAK1	Q13153	Y	429	C	D	(in IDDMSSD; gain-of-function; enhanced PAK1;kinase activity and significantly reduced homodimerization;;dbSNP:rs1565583382)"""";/evidence=""""ECO:0000269|PubMed:30290153"""";/id=""""VAR_081555""""	uniprot_sprot_dat_gz
PAK2	Q13177	K	278	R	D	Abolishes kinase activity and;autophosphorylation."""";/evidence=""""ECO:0000269|PubMed:9786869""""	uniprot_sprot_dat_gz
PAK2	Q13177	T	402	A	D	Abolishes kinase activity and greatly inhibits;autophosphorylation of PAK-2p27 and PAK-2p34."""";/evidence=""""ECO:0000269|PubMed:9786869""""	uniprot_sprot_dat_gz
PASK	Q96RG2	R	1058	A	D	Induces lower protein kinase activity."""";/evidence=""""ECO:0000269|PubMed:20943661""""	uniprot_sprot_dat_gz
PASK	Q96RG2	A	1151	K	D	Induces lower protein kinase activity and;ability to autophosphorylate."""";/evidence=""""ECO:0000269|PubMed:20943661""""	uniprot_sprot_dat_gz
PASK	Q96RG2	Y	1152	F	D	Induces lower protein kinase activity."""";/evidence=""""ECO:0000269|PubMed:20943661""""	uniprot_sprot_dat_gz
PIM1	P11309	L	193	F	D	Decreased kinase activity."""";/evidence=""""ECO:0000269|PubMed:15808862""""	uniprot_sprot_dat_gz
PINK1	Q9BXM7	D	362	A	D	Abolishes MFN2 phosphorylation and interaction;with PRKN; when associated with A-219 and A-384. Loss of;enzyme activity and impaired localization of PRKN to;mitochondria; when associated with M-219 and A-384."""";/evidence=""""ECO:0000269|PubMed:18957282,;ECO:0000269|PubMed:23620051, ECO:0000269|PubMed:32047033""""	uniprot_sprot_dat_gz
PINK1	Q9BXM7	D	384	A	D	Abolishes MFN2 phosphorylation and interaction;with PRKN; when associated with A-219 and A-362. Loss of;enzyme activity and impaired localization of PRKN to;mitochondria; when associated with M-219 and A-362."""";/evidence=""""ECO:0000269|PubMed:18957282,;ECO:0000269|PubMed:23620051, ECO:0000269|PubMed:32047033""""	uniprot_sprot_dat_gz
PINK1	Q9BXM7	G	386	A	D	(in PARK6; abolishes kinase activity)"""";/evidence=""""ECO:0000269|PubMed:16401616,;ECO:0000269|PubMed:24784582"""";/id=""""VAR_062776""""	uniprot_sprot_dat_gz
PKN1	Q16512	K	644	E	D	Abolishes Serine/threonine-protein kinase;activity."""";/evidence=""""ECO:0000269|PubMed:18066052,;ECO:0000269|PubMed:8135837""""	uniprot_sprot_dat_gz
PKN2	Q16513	T	816	A	D	Reduces catalytic activity."""";/evidence=""""ECO:0000269|PubMed:18835241""""	uniprot_sprot_dat_gz
PKN3	Q6P5Z2	K	588	E	D	Abolishes autophosphorylation and catalytic;activity."""";/evidence=""""ECO:0000269|PubMed:10441506,;ECO:0000269|PubMed:15282551""""	uniprot_sprot_dat_gz
PKN3	Q6P5Z2	K	588	R	D	Abolishes catalytic activity."""";/evidence=""""ECO:0000269|PubMed:10441506,;ECO:0000269|PubMed:15282551""""	uniprot_sprot_dat_gz
PLK1	P53350	D	176	N	D	Abolishes kinase activity."""";/evidence=""""ECO:0000269|PubMed:18615013""""	uniprot_sprot_dat_gz
PLK1	P53350	T	210	A	D	Abolishes activity. Abolishes checkpoint;recovery."""";/evidence=""""ECO:0000269|PubMed:12207013,;ECO:0000269|PubMed:12447691, ECO:0000269|PubMed:17461553,;ECO:0000269|PubMed:18615013, ECO:0000269|PubMed:19160488""""	uniprot_sprot_dat_gz
PLK3	Q9H4B4	K	91	R	D	Kinase defective mutant, abolishes activity."""";/evidence=""""ECO:0000269|PubMed:11447225,;ECO:0000269|PubMed:14980500, ECO:0000269|PubMed:17804415,;ECO:0000269|PubMed:19103756, ECO:0000269|PubMed:19490146,;ECO:0000269|PubMed:20889502, ECO:0000269|PubMed:20940307""""	uniprot_sprot_dat_gz
PLK3	Q9H4B4	D	203	A	D	Kinase defective mutant, abolishes activity."""";/evidence=""""ECO:0000269|PubMed:11156373""""	uniprot_sprot_dat_gz
PLK4	O00444	D	154	A	D	Catalytically inactive mutant that causes some;centrosome amplification above background levels when;overexpressed."""";/evidence=""""ECO:0000269|PubMed:16244668""""	uniprot_sprot_dat_gz
PTK6	Q13882	K	219	M	D	Abolishes kinase activity and cell;transformation, and phosphorylation of STAP2."""";/evidence=""""ECO:0000269|PubMed:10980601,;ECO:0000269|PubMed:15471878, ECO:0000269|PubMed:8940083""""	uniprot_sprot_dat_gz
PTK6	Q13882	K	219	R	D	Abolishes kinase activity."""";/evidence=""""ECO:0000269|PubMed:27480927""""	uniprot_sprot_dat_gz
PTK6	Q13882	Y	342	A	D	3-fold lower specific kinase activity.;Decreased, but still significant, autophosphorylation.;Decreased, but still significant, autophosphorylation; when;associated with A-447."""";/evidence=""""ECO:0000269|PubMed:12121988""""	uniprot_sprot_dat_gz
RAF1	P04049	K	375	W	D	Catalytically inactive."""";/evidence=""""ECO:0000269|PubMed:20956560""""	uniprot_sprot_dat_gz
RAF1	P04049	D	486	N	D	(in NS5; has reduced or absent kinase;activity; dbSNP:rs80338798)"""";/evidence=""""ECO:0000269|PubMed:17603483"""";/id=""""VAR_037817""""	uniprot_sprot_dat_gz
RAF1	P04049	T	491	I	D	(in NS5; has reduced or absent kinase;activity; dbSNP:rs80338799)"""";/evidence=""""ECO:0000269|PubMed:17603483"""";/id=""""VAR_037818""""	uniprot_sprot_dat_gz
RAF1	P04049	L	603	P	D	(in CMD1NN; shows impaired kinase activity;and reduced MAPK3 activation with this mutation;;dbSNP:rs587777586)"""";/evidence=""""ECO:0000269|PubMed:24777450"""";/id=""""VAR_071847""""	uniprot_sprot_dat_gz
RIPK1	Q13546	K	45	A	D	Abolishes kinase activity."""";/evidence=""""ECO:0000269|PubMed:30988283,;ECO:0000269|PubMed:8612133""""	uniprot_sprot_dat_gz
RIPK1	Q13546	S	161	A	D	Decreases RIPK1 kinase activity."""";/evidence=""""ECO:0000269|PubMed:18408713""""	uniprot_sprot_dat_gz
RIPK2	O43353	K	47	A	D	Abolishes kinase activity."""";/evidence=""""ECO:0000269|PubMed:9575181,;ECO:0000269|PubMed:9642260""""	uniprot_sprot_dat_gz
RIPK2	O43353	D	146	N	D	Abolishes kinase activity."""";/evidence=""""ECO:0000269|PubMed:9705938""""	uniprot_sprot_dat_gz
RIPK3	Q9Y572	K	50	D	D	Abolishes kinase activity."""";/evidence=""""ECO:0000269|PubMed:10339433,;ECO:0000269|PubMed:10358032, ECO:0000269|PubMed:22265414""""	uniprot_sprot_dat_gz
RIPK3	Q9Y572	D	142	N	D	Abolishes kinase activity and ability to;mediate necroptosis."""";/evidence=""""ECO:0000269|PubMed:22265413""""	uniprot_sprot_dat_gz
RIPK3	Q9Y572	T	182	A	D	Abolishes kinase activity. Loss of interaction;with PELI1 and PELI1-mediated ubiquitination. No loss of;interaction with STUB1 and STUB1-mediated ubiquitination.;No loss of interaction with RIPK1. Loss of ability to;mediate TNF-induced necroptosis. Loss of;autophosphorylation at Ser-227."""";/evidence=""""ECO:0000269|PubMed:29883609""""	uniprot_sprot_dat_gz
RIPK3	Q9Y572	S	227	A	D	Abolishes ability to mediate necroptosis.;Partial loss of kinase activity. No loss of PELI1-mediated;degradation."""";/evidence=""""ECO:0000269|PubMed:22265413,;ECO:0000269|PubMed:29883609""""	uniprot_sprot_dat_gz
RN5A	Q05823	R	462	Q	D	(risk factor for prostate cancer; reduced;enzymatic activity; dbSNP:rs486907)"""";/evidence=""""ECO:0000269|PubMed:11799394,;ECO:0000269|PubMed:11941539, ECO:0000269|PubMed:12415269,;ECO:0000269|PubMed:17344846"""";/id=""""VAR_012056""""	uniprot_sprot_dat_gz
ROR1	Q01973	R	736	T	D	(in DFNB108; impairs plasma membrane;location; abolishes downstream NFkB activation;;dbSNP:rs1553163562)"""";/evidence=""""ECO:0000269|PubMed:27162350"""";/id=""""VAR_079530""""	uniprot_sprot_dat_gz
SGK1	O00141	K	127	M	D	Abolishes enzymatic activity."""";/evidence=""""ECO:0000269|PubMed:11696533,;ECO:0000269|PubMed:12911626, ECO:0000269|PubMed:15040001""""	uniprot_sprot_dat_gz
SGK1	O00141	T	256	A	D	Low activity."""";/evidence=""""ECO:0000269|PubMed:10191262""""	uniprot_sprot_dat_gz
SGK1	O00141	T	256	D	D	Low activity."""";/evidence=""""ECO:0000269|PubMed:10191262""""	uniprot_sprot_dat_gz
SGK1	O00141	T	256	E	D	Low activity."""";/evidence=""""ECO:0000269|PubMed:10191262""""	uniprot_sprot_dat_gz
SGK3	Q96BR1	K	191	M	D	Abolishes activity."""";/evidence=""""ECO:0000269|PubMed:16790420""""	uniprot_sprot_dat_gz
SIK1	P57059	S	135	A	D	Decreased kinase activity without affecting;much autophosphorylation status."""";/evidence=""""ECO:0000269|PubMed:18348280""""	uniprot_sprot_dat_gz
SIK1	P57059	T	182	A	D	Prevents phosphorylation and activation by;STK11/LKB1 complex. Reduced inhibition of CRTC3-mediated;transcriptional activity."""";/evidence=""""ECO:0000269|PubMed:14976552,;ECO:0000269|PubMed:29211348""""	uniprot_sprot_dat_gz
SIK1	P57059	S	186	A,	D	D,C,G: Impaired autophosphorylation and kinase;activity."""";/evidence=""""ECO:0000269|PubMed:18348280""""	uniprot_sprot_dat_gz
SIK1	P57059	S	209	A	D	Decreased kinase activity without affecting;much autophosphorylation status."""";/evidence=""""ECO:0000269|PubMed:18348280""""	uniprot_sprot_dat_gz
SIK1	P57059	S	248	A	D	Decreased kinase activity without affecting;much autophosphorylation status."""";/evidence=""""ECO:0000269|PubMed:18348280""""	uniprot_sprot_dat_gz
SIK2	Q9H0K1	T	175	A	D	Prevents phosphorylation and activation by;STK11/LKB1 complex."""";/evidence=""""ECO:0000269|PubMed:14976552""""	uniprot_sprot_dat_gz
SIK3	Q9Y2K2	T	221	A	D	Prevents phosphorylation and activation by;STK11/LKB1 complex."""";/evidence=""""ECO:0000269|PubMed:14976552""""	uniprot_sprot_dat_gz
SNRK	Q9NRH2	T	173	A,	D	E: Prevents phosphorylation and activation by;STK11/LKB1 complex."""";/evidence=""""ECO:0000269|PubMed:15733851""""	uniprot_sprot_dat_gz
SRC	P12931	K	298	M	D	Kinase inactive. Abolishes ubiquitination;promoted by CBLC."""";/evidence=""""ECO:0000269|PubMed:14661060""""	uniprot_sprot_dat_gz
ST38L	Q9Y2H1	K	119	A	D	Loss of autophosphorylation and kinase;activity."""";/evidence=""""ECO:0000269|PubMed:15037617""""	uniprot_sprot_dat_gz
ST38L	Q9Y2H1	S	282	A	D	Loss of autophosphorylation and kinase;activity."""";/evidence=""""ECO:0000269|PubMed:15037617""""	uniprot_sprot_dat_gz
STK11	Q15831	L	67	P	D	(in PJS; abolishes kinase activity, leading;to loss of autophosphorylation; dbSNP:rs137853077)"""";/evidence=""""ECO:0000269|PubMed:9428765,;ECO:0000269|PubMed:9837816"""";/id=""""VAR_006202""""	uniprot_sprot_dat_gz
STK11	Q15831	K	78	I	D	Loss of kinase activity, leading to greatly;reduced autophosphorylation."""";/evidence=""""ECO:0000269|PubMed:11430832,;ECO:0000269|PubMed:9837816""""	uniprot_sprot_dat_gz
STK11	Q15831	K	78	M	D	Loss of kinase activity, leading to reduced;autophosphorylation and acting as a dominant-negative;mutant."""";/evidence=""""ECO:0000269|PubMed:11430832,;ECO:0000269|PubMed:9837816""""	uniprot_sprot_dat_gz
STK11	Q15831	G	163	D	D	(in TGCT; a tumor with seminoma and teratoma;components; associated with severely impaired but;detectable kinase activity; somatic mutation; impairs;heterotrimeric complex assembly with STRADA and CAB39;;predominantly nuclear localization; dbSNP:rs137853078)"""";/evidence=""""ECO:0000269|PubMed:19892943,;ECO:0000269|PubMed:9605748, ECO:0000269|PubMed:9887330"""";/id=""""VAR_033140""""	uniprot_sprot_dat_gz
STK11	Q15831	D	176	N	D	(in PJS; loss of kinase activity, leading to;greatly reduced autophosphorylation; fails to phosphorylate;PTEN in vitro; no significant effect on nucleocytoplasmic;localization; dbSNP:rs730881979)"""";/evidence=""""ECO:0000269|PubMed:15987703,;ECO:0000269|PubMed:9837816"""";/id=""""VAR_071058""""	uniprot_sprot_dat_gz
STK11	Q15831	E	199	K	D	(in colorectal cancer; somatic mutation;;impaired kinase activity; dbSNP:rs121913317)"""";/evidence=""""ECO:0000269|PubMed:9731485"""";/id=""""VAR_065641""""	uniprot_sprot_dat_gz
STK11	Q15831	W	308	C	D	(in PJS; abolishes kinase activity, leading;to loss of autophosphorylation; dbSNP:rs1057520042)"""";/evidence=""""ECO:0000269|PubMed:9837816"""";/id=""""VAR_071059""""	uniprot_sprot_dat_gz
STK26	Q9P289	K	53	E	D	Abolished serine/threonine-protein kinase;activity."""";/evidence=""""ECO:0000269|PubMed:29232556""""	uniprot_sprot_dat_gz
STK38	Q15208	K	118	A	D	Loss of autophosphorylation and kinase;activity."""";/evidence=""""ECO:0000269|PubMed:12493777,;ECO:0000269|PubMed:7761441""""	uniprot_sprot_dat_gz
STK38	Q15208	S	281	A	D	Loss of autophosphorylation and kinase;activity."""";/evidence=""""ECO:0000269|PubMed:12493777""""	uniprot_sprot_dat_gz
STRAA	Q7RTN6	Y	185	F	D	Suppresses STK11/LKB1 activation without;affecting complex assembly."""";/evidence=""""ECO:0000269|PubMed:19892943""""	uniprot_sprot_dat_gz
TAOK1	Q7L7X3	K	57	A	D	Abolishes kinase activity, ability to activate;the MAPK8/JNK cascade and cleavage by caspase-3 (CASP3)."""";/evidence=""""ECO:0000269|PubMed:16407310""""	uniprot_sprot_dat_gz
TBK1	Q9UHD2	K	30	R	D	Decreases ubiquitination. Abolishes;ubiquitination, phosphorylation and kinase activity; when;associated with R-401."""";/evidence=""""ECO:0000269|PubMed:23453971""""	uniprot_sprot_dat_gz
TBK1	Q9UHD2	D	33	A	D	Decreases phosphorylation and kinase;activity."""";/evidence=""""ECO:0000269|PubMed:23453971""""	uniprot_sprot_dat_gz
TBK1	Q9UHD2	S	172	E	D	Decreased kinase activity."""";/evidence=""""ECO:0000269|PubMed:11839743,;ECO:0000269|PubMed:23453972""""	uniprot_sprot_dat_gz
TGFR2	P37173	K	277	R	D	Abolishes kinase activity, TGF-beta signaling;and interaction with DAXX."""";/evidence=""""ECO:0000269|PubMed:11483955""""	uniprot_sprot_dat_gz
TITIN	Q8WZ42	K	32207	A	D	Disrupts catalytic activity."""";/evidence=""""ECO:0000269|PubMed:9804419""""	uniprot_sprot_dat_gz
TLK2	Q86UE8	H	493	R	D	(in MRD57; reduced kinase activity;;dbSNP:rs1567974030)"""";/evidence=""""ECO:0000269|PubMed:29861108,;ECO:0000269|PubMed:29955062"""";/id=""""VAR_081028""""	uniprot_sprot_dat_gz
TLK2	Q86UE8	H	518	N	D	Reduced kinase activity."""";/evidence=""""ECO:0000269|PubMed:29955062""""	uniprot_sprot_dat_gz
TLK2	Q86UE8	H	518	R	D	(in MRD57; severely reduced kinase activity;;dbSNP:rs1567995650)"""";/evidence=""""ECO:0000269|PubMed:29861108,;ECO:0000269|PubMed:29955062"""";/id=""""VAR_081029""""	uniprot_sprot_dat_gz
TLK2	Q86UE8	S	617	L	D	(in MRD57; exhibits abnormal perinuclear;localization instead of diffuse nuclear localization;;impairs kinase activity; reduced phosphorylation of ASF1A)"""";/evidence=""""ECO:0000269|PubMed:21572417,;ECO:0000269|PubMed:33323470"""";/id=""""VAR_087042""""	uniprot_sprot_dat_gz
TLK2	Q86UE8	S	659	A	D	Reduced kinase activity."""";/evidence=""""ECO:0000269|PubMed:29955062""""	uniprot_sprot_dat_gz
TLK2	Q86UE8	S	686	A	D	Reduced kinase activity."""";/evidence=""""ECO:0000269|PubMed:29955062""""	uniprot_sprot_dat_gz
TLK2	Q86UE8	S	686	D	D	Reduced kinase activity."""";/evidence=""""ECO:0000269|PubMed:29955062""""	uniprot_sprot_dat_gz
TLK2	Q86UE8	T	695	A	D	Reduced kinase activity."""";/evidence=""""ECO:0000269|PubMed:29955062""""	uniprot_sprot_dat_gz
TNI3K	Q59H18	K	490	R	D	Loss of autophosphorylation activity."""";/evidence=""""ECO:0000269|PubMed:12721663""""	uniprot_sprot_dat_gz
TRIO	O75962	K	2917	A	D	Expected to disrupt kinase activity. Causes;reorganization of the actin cytoskeleton in the absence of;NGF."""";/evidence=""""ECO:0000269|PubMed:22155786""""	uniprot_sprot_dat_gz
TTBK2	Q6IQ55	K	50	E,	D	A: Leads to inactivation/destabilization of the;protein."""";/evidence=""""ECO:0000269|PubMed:21548880""""	uniprot_sprot_dat_gz
TTBK2	Q6IQ55	K	143	E,	D	A: Leads to inactivation/destabilization of the;protein."""";/evidence=""""ECO:0000269|PubMed:21548880""""	uniprot_sprot_dat_gz
TTBK2	Q6IQ55	D	163	A	D	Abolishes serine/threonine-protein kinase;activity."""";/evidence=""""ECO:0000269|PubMed:21548880""""	uniprot_sprot_dat_gz
TTBK2	Q6IQ55	A	184	E,	D	G: Impaired serine/threonine-protein kinase;activity."""";/evidence=""""ECO:0000269|PubMed:21548880""""	uniprot_sprot_dat_gz
TXK	P42681	K	299	A	D	Impairs kinase activity."""";/evidence=""""ECO:0000269|PubMed:9813138""""	uniprot_sprot_dat_gz
UFO	P30530	K	567	M	D	Catalytically inactive mutant."""";/evidence=""""ECO:0000269|PubMed:28076778""""	uniprot_sprot_dat_gz
ULK1	O75385	K	46	I	D	Abolished serine/threonine-protein kinase;activity."""";/evidence=""""ECO:0000269|PubMed:20921139,;ECO:0000269|PubMed:28821708""""	uniprot_sprot_dat_gz
ULK2	Q8IYT8	K	39	R	D	Decreased kinase activity and decreased;autophosphorylation."""";/evidence=""""ECO:0000269|PubMed:18936157""""	uniprot_sprot_dat_gz
ULK3	Q6PHR2	K	44	R	D	Decreased kinase activity."""";/evidence=""""ECO:0000269|PubMed:19878745""""	uniprot_sprot_dat_gz
VGFR1	P17948	K	861	M	D	Abolishes enzyme activity. Abolishes;interaction with PLCG."""";/evidence=""""ECO:0000269|PubMed:9299537""""	uniprot_sprot_dat_gz
VGFR2	P35968	V	848	E	D	(strongly reduced autophosphorylation and;kinase activity; dbSNP:rs1139776)"""";/evidence=""""ECO:0000269|PubMed:10037737,;ECO:0000269|PubMed:1656371"""";/id=""""VAR_046679""""	uniprot_sprot_dat_gz
VGFR3	P35916	K	879	G	D	Abolishes enzyme activity."""";/evidence=""""ECO:0000269|PubMed:12881528""""	uniprot_sprot_dat_gz
WEE1	P30291	K	328	R	D	Abolishes activity."""";/evidence=""""ECO:0000269|PubMed:8428596""""	uniprot_sprot_dat_gz
WNK3	Q9BYP7	D	294	A	D	Catalytically inactive form. Inhibits sodium-;coupled chloride cotransporters and activates potassium-;coupled chloride cotransporters."""";/evidence=""""ECO:0000269|PubMed:16275913,;ECO:0000269|PubMed:21613606""""	uniprot_sprot_dat_gz
ZAP70	P43403	D	461	N	D	Abolishes kinase activity."""";/evidence=""""ECO:0000269|PubMed:17512407""""	uniprot_sprot_dat_gz
ZAP70	P43403	D	479	N	D	Abolishes kinase activity."""";/evidence=""""ECO:0000269|PubMed:15292186""""	uniprot_sprot_dat_gz
KIT	P10721	D	816	V	A	35487307,35550832,35599749,35626091,35640224,35724948,35724950,35765876,35804842,35831165,35877999,35958589,35994825,35996871,35996873,36090584,36094848,36163991,36164002,36164008,36164009,36213539,36259506,35105959,35119009,35135946,35159005,35235417,35245395,35283331,35412687,35421448,35430191,34729266,34729775,34754417,34804443,34823750,34833353,34873345,34873347,34917498,34972661,35020710,33732906,33733040,33753098,33804174,33806359,33947686,33975032,34060083,34063170,34120331,34183780,34194969,34289787,34298172,34424959,34553465,31883383,31894094,31896808,32106312,32346366,32399575,32422371,32437738,32498255,32712042,32752102,32777817,32811837,33063554,33091410,33106623,33220353,33313644,33327223,33338682,33401724,33421400,33430341,33465452,33477584,33512435,33684229,33687603,27783996,27856463,27942432,28038453,28128288,28254862,28255023,28262030,28369700,28424161,28432683,28438191,28439288,28493366,28506695,28584020,28627778,28629749,28662309,28673393,28744009,28775983,28796123,28840997,28945834,29025582,29043985,29051803,29093181,29151134,29233825,29237714,29249817,29331029,29340041,29341334,29350409,29423023,29439183,29482074,29545943,29643855,29670776,29686302,29704617,29741430,29770197,29896203,29910466,29976735,30007460,30007468,30115735,30117318,30155614,30206100,30207489,30352845,30373888,30488427,30504301,30523507,30545997,30804017,30813491,30849188,30911112,30948489,30953030,30975542,31018976,31037149,31151985,31171000,31203104,31217744,31223555,31250638,31309543,31311917,31360083,31360496,31369705,31372066,31415784,31484543,31522012,31523839,31597841,31772790,31794934,31824655,31839634,25567135,25582384,25650093,25654628,25662299,25688802,25729733,25753531,25755899,25755909,25804054,25912132,26002753,26004600,26017288,26040420,26055303,26067933,26072665,26095439,26095448,26100086,26153655,26206337,26276780,26347286,26358753,26404639,26464169,26486787,26545382,26622064,26637707,26807861,26880691,26914980,27141048,27196380,27239674,27310990,27355533,27467080,27512117,27560850,27602777,27648381,27694501,25379409,25381388,25402852,25429914,25435369,23528808,23539538,23587333,23593539,23621866,23626557,23642289,23659595,23666690,23675567,23683787,23743299,23774045,23777495,23807778,23958953,23988369,24008407,24016753,24052572,24128084,24141298,24213578,24241126,24266131,24281161,24284075,24359244,24402730,24443360,24458279,24552773,24582309,24598853,24677542,24724063,24745672,24750133,24788138,24828813,24836395,24853767,24959227,24975749,24989799,25004409,25032071,25034364,25088577,25091436,25247397,25314777,22661384,22780207,22866542,22892471,22907049,22927810,22997594,23085694,23125456,23127495,23152053,23196796,23243287,23257916,23335446,23374274,23388130,23403045,23416972,23436294,23440662,19021706,19034614,19049823,19187542,19193436,19265199,19383029,19698218,19737976,19747364,19804454,19806146,19850739,19865100,19893034,19915299,20038218,20053766,20061010,20075725,20112369,20140688,20205869,20425512,20442311,20471335,20551067,20553795,20616612,20633291,20678151,20685234,20855864,20890793,20948680,21083038,21134978,21186345,21262832,21354053,21362052,21429396,21457934,21641642,21671435,21680801,21689725,21698178,21866466,21926349,21937700,22051531,22109829,22145956,22160378,22204765,22299028,22324351,22338050,22372203,22395523,22438247,22449623,22469616,22512145,22555026,22608575,7479840,8962111,9029028,9130517,9768597,9827716,10505465,10706069,11018522,11074560,11446735,11493470,11520784,11531799,11837566,11861291,11919394,12091362,12393643,12447696,12481435,12701114,12801532,12824871,14551138,14676628,14695343,14990611,15055560,15160946,15166033,15241337,15291805,15363456,15363457,15471556,15507672,15512820,15561889,15563424,15621779,15746079,15790486,15790786,15858149,15940128,15972446,16015044,16111540,16183119,16189265,16190746,16254134,16266981,16352739,16397263,16505276,16505282,16543062,16555614,16597595,16605139,16741248,16741525,16779792,16781490,16797704,16912224,16931294,16931579,17040960,17060458,17065430,17096902,17099633,17110460,17229632,17363509,17420286,17451799,17517053,17526803,17544505,17545544,17547845,17555444,17587883,17595334,17628645,17768701,17873577,17900365,17951628,18024392,18035698,18165278,18278867,18314612,18390729,18406017,18448146,18500355,18509466,18536654,18559612,18579792,18663058,18754682,18931652,18986703,	mined_kin_210223
LRRK2	Q5S007	G	2019	S	A	35521944,35551349,35596783,35612787,35614294,35644844,35645773,35654702,35657605,35676398,35707141,35708213,35732154,35732218,35793404,35803091,35838907,35853899,35873822,35907404,35921480,35929078,35934920,35950872,35966918,35995594,35998231,36049274,36054306,36054380,36114228,36155528,36179692,36203807,36253640,35101134,35147886,35152441,35188741,35208223,35225340,35247252,35266954,35292674,35347144,35395825,35421781,35453631,35482177,34686322,34736041,34744053,34749824,34759048,34779396,34798606,34836969,34871735,34914695,34918781,34933093,34966539,34992038,35012605,35016853,35044538,35049090,35058123,35077669,33741046,33765413,33781610,33785762,33802862,33836114,33857832,33876242,33881531,33894056,33983429,33984508,34045367,34060004,34087985,34107286,34110246,34114604,34125248,34145320,34184879,34201785,34215735,34229656,34230223,34250948,34272628,34313548,34315807,34316610,34340748,34387082,34407293,34409578,34419621,34468500,34542912,34543853,34550621,34551822,34555357,34589856,34590578,34613701,34618942,34623600,34635127,34658337,31920513,31958187,31980808,32007961,32049564,32073681,32075681,32103062,32148752,32180132,32180220,32269512,32273839,32305865,32310186,32318850,32321836,32321864,32353202,32359446,32374202,32398759,32410948,32422864,32477237,32486414,32510053,32523507,32523511,32535274,32549347,32550012,32568109,32580205,32583822,32601174,32605938,32631998,32641508,32662532,32709066,32714591,32719233,32725544,32736291,32800998,32802956,32846140,32849182,32873436,32875616,32879386,32903216,32926469,32927063,32982917,32985472,33006315,33021680,33057020,33057100,33105882,33122450,33152738,33158606,33193015,33195269,33197196,33231564,33248850,33281709,33297425,33343949,33422895,33450392,33466414,33481347,33494262,33498474,33519679,33541803,33582389,33584195,33600829,33629273,33640967,33717414,33720852,27723861,27777137,27798102,27812199,27832104,27863501,27898095,27914807,27939437,28074097,28090684,28096185,28131193,28235153,28245354,28251720,28292328,28321439,28353276,28353277,28353279,28406934,28420983,28465860,28483388,28487191,28582422,28588547,28639421,28649619,28656686,28679601,28683740,28720718,28723952,28725688,28751472,28826027,28848400,28864907,28893563,28930069,28958936,28973664,29023112,29029963,29038245,29054882,29088368,29119599,29127255,29127256,29129681,29159192,29163333,29166931,29177506,29214211,29248340,29253086,29268033,29305532,29309488,29311810,29321258,29329938,29336357,29369408,29369793,29386392,29387348,29402177,29414418,29434188,29439717,29473656,29519959,29550548,29603409,29627023,29665080,29719501,29760073,29846835,29855356,29884186,29907646,29908325,29917075,29971685,29989150,30006877,30022868,30032424,30046008,30048714,30055128,30125297,30133089,30146349,30150626,30154511,30172844,30185553,30249796,30283330,30288804,30291536,30368241,30398148,30409888,30411383,30452424,30460108,30464741,30507963,30514770,30536063,30573413,30595548,30597143,30629163,30639209,30643711,30659355,30670570,30709905,30712480,30760999,30793410,30799274,30844370,30872638,30927072,30945962,30949397,30954703,30963107,30982740,31038182,31039583,31041581,31046837,31077434,31085228,31138985,31148170,31149340,31164863,31174552,31211166,31261377,31292254,31324919,31330122,31346295,31348549,31372494,31373835,31422003,31444591,31474031,31485304,31487119,31493133,31505072,31527116,31551736,31554740,31560168,31605779,31621607,31626293,31631040,31662221,31678032,31698024,31731184,31813991,31813996,31821596,25540317,25605758,25731749,25786808,25809001,25830304,25833342,25836420,25840672,25842821,25899316,25926623,25998502,26005538,26014385,26062626,26078453,26117366,26123245,26123485,26159606,26169695,26177462,26216903,26251043,26253449,26253900,26268594,26268663,26269629,26282470,26306001,26357583,26365310,26366513,26375402,26384650,26403521,26407721,26436106,26518746,26519280,26536050,26546614,26600626,26622505,26651604,26675812,26744328,26744332,26758690,26808467,26824392,26831335,26865512,26894577,26917005,26931464,27023913,27063942,27081659,27091104,27094865,27110593,27242426,27242656,27245731,27260835,27273569,27314038,27364102,27383589,27393345,27413152,27423549,27430880,27474410,27509057,27521182,27613114,27640816,27653520,27658356,27692902,27699718,27709685,25347348,25353650,25355420,25389389,25401511,25401981,25416817,25434972,25446991,25466404,25475535,25483009,25487881,25493281,23472874,23529190,23531835,23533608,23646112,23664753,23726462,23747310,23751758,23764467,23768909,23813973,23932063,23938256,23963289,23963789,24000005,24025585,24117733,24123150,24148854,24167564,24192129,24243757,24251413,24262189,24269915,24282027,24307480,24355527,24357540,24360742,24407237,24459295,24482120,24496098,24576675,24633735,24648008,24652679,24718285,24725412,24729340,24754922,24757835,24788225,24794857,24816003,24830390,24847205,24863511,24868377,24874075,24916379,24918198,24942733,24957201,24973808,25000966,25009464,25017139,25048644,25107341,25113930,25127731,25174649,25219901,25228699,25243190,25301747,25309331,25330404,25330418,22639965,22652643,22669510,22684232,22689969,22703868,22713584,22736029,22773119,22860184,22863203,22914360,22914834,22952686,22952710,22964832,22988863,22988865,22998870,23017109,23062841,23065705,23066449,23074843,23075850,23082216,23126385,23182315,23227859,23231918,23241358,23241745,23251830,23318930,23325906,23340200,23357204,23379419,23396536,23453068,23454015,23455607,19006185,19012346,19015299,19020907,19025767,19027715,19072560,19076219,19172321,19211293,19283415,19302196,19308469,19343804,19353692,19357115,19397894,19412725,19458969,19473361,19489756,19513331,19527940,19545277,19576176,19625511,19712061,19741132,19756366,19769964,19804413,19804416,19822953,19826009,19847307,19890007,19945510,19945904,20008657,20067578,20074637,20082991,20090955,20096956,20130188,20144646,20186690,20197411,20205471,20232069,20382224,20413974,20423607,20424582,20434426,20443975,20473834,20544233,20566370,20621541,20626563,20642453,20659021,20659558,20720502,20721910,20721913,20722494,20727385,20818610,20818658,20818670,20837857,20850369,20881132,20933457,20949042,21060682,21115957,21168496,21238487,21248115,21280089,21312285,21314482,21353620,21362567,21390248,21449009,21454543,21474311,21483109,21494637,21511009,21538529,21611983,21641266,21641848,21658387,21686713,21696411,21698001,21699405,21704337,21712955,21714003,21720016,21753159,21753163,21768216,21796139,21799870,21806997,21828077,21837367,21850687,21857923,21883375,21898123,21943286,21946334,21954089,21961647,21972245,22031823,22056842,22108336,22110348,22170881,22194196,22204929,22228096,22303461,22315971,22323743,22335897,22357653,22361010,22363216,22407749,22423108,22433811,22436655,22445250,22451330,22496842,22528366,22538490,22539006,22575234,22612223,22615783,15726496,15732108,15852371,15929036,15955629,16001413,16102999,16145815,16149095,16157901,16157909,16240353,16250030,16254973,16256409,16269541,16272164,16272257,16280683,16298482,16333314,16401756,16436781,16436782,16437559,16437584,16467219,16511860,16533964,16602113,16614029,16622854,16622859,16632201,16643318,16671078,16728648,16741939,16750929,16781064,16817197,16835587,16939701,16960813,16966501,16966502,17020475,17044089,17050822,17052850,17060589,17064949,17078063,17080443,17083102,17097110,17115391,17116211,17151837,17210620,17215492,17222106,17230458,17235449,17253937,17352347,17353388,17385669,17388990,17419834,17427941,17440812,17447891,17469194,17523199,17540608,17568014,17584768,17596714,17614198,17622782,17713120,17803032,17803033,17804834,17846883,17880562,17881276,17914064,17914726,17938369,17956439,17975812,17999435,18182054,18201824,18211709,18258746,18267242,18322385,18337586,18338801,18353371,18367605,18378882,18379513,18434642,18435766,18442138,18484993,18486522,18523869,18539534,18539535,18617409,18621566,18644660,18665323,18666856,18675914,18702998,18704525,18718805,18752982,18805725,18809839,18980856,18981379,18986508,	mined_kin_210223
MET	P08581	M	1250	T	A	26413215,24061647,10713677,10871851,11354004,12118367,15064724,	mined_kin_210223
JAK2	O60674	R	683	G	A	34987014,33846542,32010610,29786757,26216197,23748007,23452118,20363735,20585391,22271575,	mined_kin_210223
TYK2	P29597	V	678	F	A	16239216,16904848,17011030,18456658,	mined_kin_210223
PAK4	O96013	S	474	E	A	35773260,27903866,28407679,11668177,	mined_kin_210223
JAK2	O60674	T	875	N	A	31299252,31428969,19543316,20585391,21362419,	mined_kin_210223
ILK	Q13418	S	343	D	A	24260102,19118217,17088456,	mined_kin_210223
JAK3	P52333	A	573	V	A	35622134,28284718,29046866,23689514,22705984,	mined_kin_210223
CDK2	P24941	T	47	D	A	35784555,33996588,29524295,26402517,26652902,23969579,24606123,25220500,22697792,19585470,19706513,21119048,21234300,21550420,21575170,9079651,9328342,9380407,10772807,10962560,11110801,12398936,14745018,15126355,15467735,17804714,	mined_kin_210223
CDK2	P24941	T	39	E	A	29665367,31059711,	mined_kin_210223
JAK1	P23458	A	634	D	A	19139102,20167706,	mined_kin_210223
FGFR1	P11362	V	561	M	A	34734169,33448156,28255231,28646488,30257990,25686244,26574622,27558949,21160078,	mined_kin_210223
RET	P07949	Y	791	F	A	34981673,32275061,29386230,30644554,25950813,26537412,25425582,23551045,23705946,23723040,23744765,23781326,19826964,19906784,20080836,20516206,21311890,21810974,9506724,12409662,15320968,15455293,15753368,15870131,16356097,16388093,16705552,16715139,17021738,17209045,17483988,17610518,18058472,18062802,18984779,	mined_kin_210223
RET	P07949	S	891	A	A	32962888,33402557,29656518,30927507,25887804,26356818,26920351,24449023,24845513,23295303,20516206,20554711,21626080,10024437,10445857,11552438,15753368,16469774,17209045,18058472,18062802,	mined_kin_210223
JAK2	O60674	R	683	S	A	34480614,23748007,23452118,	mined_kin_210223
PAK6	Q9NQU5	S	531	N	A	14573606,	mined_kin_210223
WNK4	Q96J92	L	322	F	A	25542968,	mined_kin_210223
BRSK1	Q8TDC3	T	189	E	A	22020259,	mined_kin_210223
GRK2	P25098	K	220	R	D	34699610,30687708,31554835,23705503,23826079,24064210,24927997,23362259,19164443,19362548,19502428,19564331,19748906,21464134,21705320,21826651,21883150,22193721,8617782,8662816,9187265,9501202,9892019,10207034,10318908,10319408,10334944,10419550,10636931,10727532,10889199,10962347,11566877,11641435,11752208,11805206,11854427,12101219,12558992,12810562,12815037,14699097,15102938,15115810,15322228,15542600,15591586,15743771,15998700,16336219,16682505,18077607,18212250,18388243,18395423,	mined_kin_210223
JAK2	O60674	K	882	E	D	35089929,25644777,23543186,23711493,24304834,24562791,24696148,23207989,23313484,23449887,21406183,21964291,22178881,22405821,22407360,22613974,9111318,10757801,16972141,18718905,	mined_kin_210223
CDK2	P24941	T	39	A	D	29665367,31059711,18354084,	mined_kin_210223
STK16	O75716	E	202	A	D	30158666,25084525,16310770,	mined_kin_210223
SGK3	Q96BR1	K	191	N	D	24556932,15845389,	mined_kin_210223
ILK	Q13418	R	211	A	D	24260102,25208486,22666394,16472257,17088456,	mined_kin_210223
RET	P07949	E	921	K	D	9502784,11438491,16571096,	mined_kin_210223
JAK2	O60674	Y	613	E	D	31199972,18160720,	mined_kin_210223
JAK2	O60674	R	683	K	D	23748007,23452118,	mined_kin_210223
PAK6	Q9NQU5	K	436	A	D	14573606,	mined_kin_210223
WNK4	Q96J92	S	335	A	D	25542968,	mined_kin_210223
WNK4	Q96J92	D	321	A	D	25542968,21613417,	mined_kin_210223
PNCK	Q6P2M8	T	171	A	D	24552815,21325639,	mined_kin_210223
PNCK	Q6P2M8	K	44	A	D	24552815,	mined_kin_210223
