...1	UniProtID	OrigRes	Position	MutRes	PhysicoChemicalScore	OrigResProperties	MutResProperties	PTM	Domain	UniProt_Info	FDA	OMIM	dSysMap	Haploinsufficiency	gnomAD:Het	gnomAD:Hom	gnomAD:Allele_Count	Mechismo2b	Mechismo_Impact	PMUT	SIFT4G	Protein_in_Humsavar	Mutation_in_Humsavar	Humsavar_Disease	ClinVar	COSMIC	concat_pfam	Acc	UniprotAA	Uniprot_Pos	Pfam_AA	Pfam_Pos
1084	Q9NSY1	A	58	D	-2	nonpolar,aliphatic/2.34/6.69/-	negative/2.09/9.82/3.86	No_PTMs	Pkinase	/	approved	Non-OMIM-Gene	NoAssociatedDisease	No_HI_Info	1196	21	24168	-	-	True(0.5702)	Deleterious(0.001)	ProteinInHumsavar	No	-	-	-	Q9NSY1_A_58	Q9NSY1	A	58	G	8
7938	Q9Y463	A	418	T	0	nonpolar,aliphatic/2.34/6.69/-	polar,uncharged/2.63/9.10/-	No_PTMs	Pkinase	/	approved	OMIM-Gene	NoAssociatedDisease	No_HI_Info	16	1	37228	HIPK2/0.39;[CHEM:Mg++:MG]/0.80664;	3.19664	False(0.1744)	Tolerated(1.000)	ProteinInHumsavar	No	-	-	-	Q9Y463_A_418	Q9Y463	A	418	k	251
5764	P31152	E	304	K	1	negative/2.19/9.67/4.25	positive/2.18/8.95/-	No_PTMs	Pkinase	/	approved	Non-OMIM-Gene	NoAssociatedDisease	No_HI_Info	118	2	40608	[CHEM:Metal:YT3]/-0.0433;	1.0433	False(0.4887)	Deleterious(0.017)	ProteinInHumsavar	No	-	-	-	P31152_E_304	P31152	E	304	e	256
931	P0C264	G	50	A	0	nonpolar,aliphatic/2.34/9.60/-	nonpolar,aliphatic/2.34/6.69/-	No_PTMs	Pkinase	/	approved	Non-OMIM-Gene	NoAssociatedDisease	No_HI_Info	34	1	52126	-	-	-	Deleterious(0.000)	ProteinNOTInHumsavar	-	-	-	-	P0C264_G_50	P0C264	G	50	G	8
4084	P0C264	D	215	Y	-3	negative/2.09/9.82/3.86	aromatic/2.20/9.11/-	No_PTMs	Pkinase	/	approved	Non-OMIM-Gene	NoAssociatedDisease	No_HI_Info	105	1	52910	-	-	-	Deleterious(0.004)	ProteinNOTInHumsavar	-	-	-	-	P0C264_D_215	P0C264	D	215	k	170
3541	P0C264	T	187	I	-1	polar,uncharged/2.63/9.10/-	nonpolar,aliphatic/2.36/9.68/-	No_PTMs	Pkinase	/	approved	Non-OMIM-Gene	NoAssociatedDisease	No_HI_Info	1	1	52914	-	-	-	Deleterious(0.005)	ProteinNOTInHumsavar	-	-	-	-	P0C264_T_187	P0C264	T	187	a	145
5277	P0C264	P	278	S	-1	polar,uncharged/1.99/10.60/-	polar,uncharged/2.21/9.15/-	No_PTMs	Pkinase	/	approved	Non-OMIM-Gene	NoAssociatedDisease	No_HI_Info	85	1	52930	-	-	-	Tolerated(0.259)	ProteinNOTInHumsavar	-	-	-	-	P0C264_P_278	P0C264	P	278	e	236
1593	P0C264	F	84	V	-1	aromatic/1.83/9.13/-	nonpolar,aliphatic/2.32/9.62/-	No_PTMs	Pkinase	/	approved	Non-OMIM-Gene	NoAssociatedDisease	No_HI_Info	19	1	52988	-	-	-	Deleterious(0.010)	ProteinNOTInHumsavar	-	-	-	-	P0C264_F_84	P0C264	F	84	v	45
1612	Q9UQ07	M	85	V	1	nonpolar,aliphatic/2.28/9.21/-	nonpolar,aliphatic/2.32/9.62/-	No_PTMs	Pkinase	/	non-approved	Non-OMIM-Gene	NoAssociatedDisease	No_HI_Info	25003	3680	53230	-	-	False(0.2461)	Tolerated(0.901)	ProteinInHumsavar	No	-	-	-	Q9UQ07_M_85	Q9UQ07	M	85	v	80
1786	Q12851	G	95	A	0	nonpolar,aliphatic/2.34/9.60/-	nonpolar,aliphatic/2.34/6.69/-	No_PTMs	Pkinase	/	approved	Non-OMIM-Gene	NoAssociatedDisease	No_HI_Info	1	1	55358	-	-	False(0.2475)	Tolerated(0.139)	ProteinNOTInHumsavar	-	-	-	-	Q12851_G_95	Q12851	G	95	g	82
8146	Q9Y463	G	429	S	0	nonpolar,aliphatic/2.34/9.60/-	polar,uncharged/2.21/9.15/-	No_PTMs	Pkinase	/	approved	OMIM-Gene	NoAssociatedDisease	No_HI_Info	100	1	58722	-	-	False(0.1279)	Tolerated(0.836)	ProteinInHumsavar	No	-	-	-	Q9Y463_G_429	Q9Y463	G	429	p	262
2284	Q13188	D	121	G	-1	negative/2.09/9.82/3.86	nonpolar,aliphatic/2.34/9.60/-	No_PTMs	Pkinase	/	approved	Non-OMIM-Gene	NoAssociatedDisease	No_HI_Info	31	1	64160	-	-	False(0.1399)	Tolerated(0.145)	ProteinInHumsavar	No	-	-	-	Q13188_D_121	Q13188	D	121	e	98
4634	Q6PHR2	R	244	W	-3	positive/2.17/9.04/12.48	aromatic/2.38/9.39/-	No_PTMs	Pkinase	/	approved	Non-OMIM-Gene	NoAssociatedDisease	No_HI_Info	266	3	65530	-	-	True(0.7945)	Deleterious(0.003)	ProteinInHumsavar	No	-	-	-	Q6PHR2_R_244	Q6PHR2	R	244	k	238
3517	Q9HBY8	E	186	D	2	negative/2.19/9.67/4.25	negative/2.09/9.82/3.86	No_PTMs	Pkinase	/	non-approved	Non-OMIM-Gene	NoAssociatedDisease	No_HI_Info	5	1	65984	-	-	True(0.6426)	Tolerated(0.362)	ProteinInHumsavar	No	-	-	-	Q9HBY8_E_186	Q9HBY8	E	186	s	150
3671	Q9HBH9	D	194	G	-1	negative/2.09/9.82/3.86	nonpolar,aliphatic/2.34/9.60/-	No_PTMs	Pkinase	/	approved	Non-OMIM-Gene	NoAssociatedDisease	No_HI_Info	1	1	84058	[CHEM:Metal:NI]/0.14179;	1.14179	True(0.5291)	Tolerated(0.200)	ProteinInHumsavar	No	-	-	-	Q9HBH9_D_194	Q9HBH9	D	194	e	112
7195	Q9BYT3	Q	379	R	1	polar,uncharged/2.17/9.13/-	positive/2.17/9.04/12.48	No_PTMs	Pkinase	/	approved	Non-OMIM-Gene	NoAssociatedDisease	No_HI_Info	2	1	88480	-	-	False(0.1294)	Tolerated(0.108)	ProteinInHumsavar	No	-	-	-	Q9BYT3_Q_379	Q9BYT3	Q	379	p	262
2721	Q09013	L	144	F	0	nonpolar,aliphatic/2.36/9.60/-	aromatic/1.83/9.13/-	No_PTMs	Pkinase	/	non-approved	OMIM-Gene	NoAssociatedDisease	No_HI_Info	7534	227	88496	-	-	True(0.8555)	Tolerated(0.057)	ProteinInHumsavar	No	-	-	-	Q09013_L_144	Q09013	L	144	l	73
3868	P51956	A	204	P	-1	nonpolar,aliphatic/2.34/6.69/-	polar,uncharged/1.99/10.60/-	No_PTMs	Pkinase	/	approved	Non-OMIM-Gene	NoAssociatedDisease	No_HI_Info	20	1	94298	-	-	True(0.9173)	Deleterious(0.005)	ProteinInHumsavar	No	-	-	-	P51956_A_204	P51956	A	204	g	199
20267	Q56UN5	L	1067	R	-2	nonpolar,aliphatic/2.36/9.60/-	positive/2.17/9.04/12.48	No_PTMs	Pkinase	/	approved	Non-OMIM-Gene	NoAssociatedDisease	No_HI_Info	37	1	95106	CDC37L1/-0.81;STK38 {ECO:0000312|E/-0.74;MAPK15/-0.81;CDC37/-0.81;[CHEM:Metal:CD]/-0.24725;MAPK3/0.48;STK38L {ECO:0000312|/-0.74;	3.05725	True(0.8356)	Deleterious(0.002)	ProteinInHumsavar	No	-	-	-	Q56UN5_L_1067	Q56UN5	L	1067	l	7
6717	Q9UBE8	T	354	M	-1	polar,uncharged/2.63/9.10/-	nonpolar,aliphatic/2.28/9.21/-	No_PTMs	Pkinase	/	non-approved	Non-OMIM-Gene	NoAssociatedDisease	No_HI_Info	4	1	96998	CAMK2A/0.81;AXIN1/1.76;PASK/0.47;	2.76	False(0.2685)	Tolerated(0.175)	ProteinInHumsavar	No	-	-	-	Q9UBE8_T_354	Q9UBE8	T	354	l	217
9121	Q02156	R	481	C	-3	positive/2.17/9.04/12.48	polar,uncharged/1.71/10.78/-	No_PTMs	Pkinase	/	approved	Non-OMIM-Gene	NoAssociatedDisease	No_HI_Info	6	1	97882	HSP90AB1/-2.11;[CHEM:Metal:HG]/1.34813;LCK/0.32;JAK1/1.03;	5.45813	True(0.5282)	Deleterious(0.000)	ProteinInHumsavar	No	-	-	-	Q02156_R_481	Q02156	R	481	e	72
7754	Q02156	N	409	D	1	positive/2.02/8.84/-	negative/2.09/9.82/3.86	No_PTMs	Pkinase	/	approved	Non-OMIM-Gene	NoAssociatedDisease	No_HI_Info	265	1	97926	MAPK12/-1.89;CDK1/0.53;MAP2K5/-0.11;MAPK13/-1.65;PDPK1/-1.89;MARK2 {ECO:0000312|E/-0.49;PDPK2P {ECO:0000312|/-1.89;	2.89	False(0.1695)	Tolerated(0.577)	ProteinInHumsavar	No	-	-	-	Q02156_N_409	Q02156	N	409	e	2
9684	Q02156	R	510	Q	1	positive/2.17/9.04/12.48	polar,uncharged/2.17/9.13/-	No_PTMs	Pkinase	/	approved	Non-OMIM-Gene	NoAssociatedDisease	No_HI_Info	1076	2	97934	PRKACG/-0.51;PDPK2P {ECO:0000312|/-1.0;	2.0	False(0.3709)	Tolerated(0.148)	ProteinInHumsavar	No	-	-	-	Q02156_R_510	Q02156	R	510	k	101
1172	P57059	R	62	Q	1	positive/2.17/9.04/12.48	polar,uncharged/2.17/9.13/-	No_PTMs	Pkinase	/	approved	OMIM-Gene	NoAssociatedDisease	No_HI_Info	2	1	98086	[CHEM:Metal:AU]/0.15101;STK11/-1.0;PRKACA/-1.0;CAB39/1.04;	3.19101	False(0.2639)	Tolerated(1.000)	ProteinInHumsavar	No	-	-	-	P57059_R_62	P57059	R	62	k	36
17854	Q9BXU1	Q	940	R	1	polar,uncharged/2.17/9.13/-	positive/2.17/9.04/12.48	No_PTMs	Pkinase	/	non-approved	Non-OMIM-Gene	NoAssociatedDisease	No_HI_Info	855	15	98360	-	-	False(0.2053)	Tolerated(0.731)	ProteinInHumsavar	No	-	-	-	Q9BXU1_Q_940	Q9BXU1	Q	940	q	212
2772	Q99640	R	146	W	-3	positive/2.17/9.04/12.48	aromatic/2.38/9.39/-	No_PTMs	Pkinase	/	approved	Non-OMIM-Gene	NoAssociatedDisease	No_HI_Info	3	1	99650	MAPK15/0.8;CCNE2/-0.82;CCNE1/-0.96;PLK1/1.02;CCNF/0.57;PAK4/1.02;PAK6/0.99;PAK7/1.02;PAK2/0.99;	2.02	True(0.6546)	Tolerated(0.185)	ProteinInHumsavar	No	-	-	-	Q99640_R_146	Q99640	R	146	a	37
10531	O96013	R	555	G	-2	positive/2.17/9.04/12.48	nonpolar,aliphatic/2.34/9.60/-	No_PTMs	Pkinase	/	approved	Non-OMIM-Gene	NoAssociatedDisease	No_HI_Info	515	2	101144	STK38 {ECO:0000312|E/-2.07;MAPK13/-0.12;CDK17/-0.12;MAPK3/-0.12;MAPK1/-0.12;STK38L {ECO:0000312|/-1.96;MAPK12/-0.12;LATS2 {ECO:0000312|E/-0.12;LATS1 {ECO:0000312|E/-0.12;MAPK11/-0.12;	3.07	True(0.9279)	Deleterious(0.012)	ProteinInHumsavar	No	-	-	-	O96013_R_555	O96013	R	555	k	247
3277	P78368	V	173	L	1	nonpolar,aliphatic/2.32/9.62/-	nonpolar,aliphatic/2.36/9.60/-	No_PTMs	Pkinase	/	non-approved	Non-OMIM-Gene	NoAssociatedDisease	No_HI_Info	825	7	101598	-	-	False(0.3785)	Tolerated(0.074)	ProteinInHumsavar	No	-	-	-	P78368_V_173	P78368	V	173	i	131
5582	Q96GD4	A	294	T	0	nonpolar,aliphatic/2.34/6.69/-	polar,uncharged/2.63/9.10/-	No_PTMs	Pkinase	/	approved	Non-OMIM-Gene	NoAssociatedDisease	No_HI_Info	124	1	101890	NEK6/0.04;NEK7/0.04;CDK18/0.39;NEK2/1.28;PLK4/0.08;TTK/0.89;CDK5/0.93;AURKC/1.28;TAOK1/-0.42;	2.28	False(0.0356)	Tolerated(0.276)	ProteinInHumsavar	No	-	-	-	Q96GD4_A_294	Q96GD4	A	294	k	231
9870	O75676	M	520	L	2	nonpolar,aliphatic/2.28/9.21/-	nonpolar,aliphatic/2.36/9.60/-	No_PTMs	Pkinase	/	approved	Non-OMIM-Gene	NoAssociatedDisease	No_HI_Info	9	1	102098	[CHEM:Metal:CO]/-0.03891;	1.03891	False(0.3771)	Tolerated(0.918)	ProteinInHumsavar	No	-	-	-	O75676_M_520	O75676	M	520	l	114
752	Q13188	S	40	N	1	polar,uncharged/2.21/9.15/-	positive/2.02/8.84/-	No_PTMs	Pkinase	/	approved	Non-OMIM-Gene	NoAssociatedDisease	No_HI_Info	698	3	102336	TSSK3/0.11;	1.11	False(0.2201)	Deleterious(0.022)	ProteinInHumsavar	No	-	-	-	Q13188_S_40	Q13188	S	40	k	14
591	P49674	G	32	D	-1	nonpolar,aliphatic/2.34/9.60/-	negative/2.09/9.82/3.86	No_PTMs	Pkinase	/	approved	Non-OMIM-Gene	NoAssociatedDisease	No_HI_Info	5	1	102684	-	-	True(0.7905)	Deleterious(0.013)	ProteinInHumsavar	No	-	-	-	P49674_G_32	P49674	G	32	g	24
17797	Q9BXU1	K	937	R	2	positive/2.18/8.95/-	positive/2.17/9.04/12.48	No_PTMs	Pkinase	/	non-approved	Non-OMIM-Gene	NoAssociatedDisease	No_HI_Info	37	1	102968	-	-	False(0.2581)	Deleterious(0.042)	ProteinInHumsavar	No	-	-	-	Q9BXU1_K_937	Q9BXU1	K	937	e	209
4374	O94921	D	231	G	-1	negative/2.09/9.82/3.86	nonpolar,aliphatic/2.34/9.60/-	No_PTMs	Pkinase	/	non-approved	Non-OMIM-Gene	NoAssociatedDisease	No_HI_Info	30	1	103440	-	-	False(0.2640)	Tolerated(0.079)	ProteinInHumsavar	No	-	-	-	O94921_D_231	O94921	D	231	e	98
5840	P34947	V	308	I	3	nonpolar,aliphatic/2.32/9.62/-	nonpolar,aliphatic/2.36/9.68/-	No_PTMs	Pkinase	/	non-approved	Non-OMIM-Gene	NoAssociatedDisease	No_HI_Info	27	1	103642	[CHEM:Metal:CO]/-0.13672;	1.13672	False(0.3405)	Tolerated(0.205)	ProteinInHumsavar	No	-	-	-	P34947_V_308	P34947	V	308	v	120
460	P48730	L	25	F	0	nonpolar,aliphatic/2.36/9.60/-	aromatic/1.83/9.13/-	No_PTMs	Pkinase	/	non-approved	OMIM-Gene	NoAssociatedDisease	No_HI_Info	1	1	104162	CSNK1D/0.2;CSNK1E/1.37;NEK2/0.37;CSNK1A1/0.75;	2.37	()	Deleterious(0.001)	ProteinInHumsavar	No	-	-	-	P48730_L_25	P48730	L	25	k	17
5137	Q7RTN6	E	271	K	1	negative/2.19/9.67/4.25	positive/2.18/8.95/-	No_PTMs	Pkinase	/	non-approved	OMIM-Gene	NoAssociatedDisease	No_HI_Info	29	1	104708	SIK1/-0.03;BRSK2/-0.46;STK11/-2.13;PRKAA2/-0.46;PRKAA1/-0.06;MARK4/-0.03;WNK4/-0.12;STK26 {ECO:0000312|H/-0.1;MARK2 {ECO:0000312|E/-0.03;STRADB/-0.1;	3.13	True(0.8555)	Tolerated(0.711)	ProteinInHumsavar	No	-	-	-	Q7RTN6_E_271	Q7RTN6	E	271	e	189
4898	P43250	A	258	T	0	nonpolar,aliphatic/2.34/6.69/-	polar,uncharged/2.63/9.10/-	No_PTMs	Pkinase	/	non-approved	Non-OMIM-Gene	NoAssociatedDisease	No_HI_Info	200	1	105758	-	-	True(0.5720)	Tolerated(0.555)	ProteinInHumsavar	No	-	-	-	P43250_A_258	P43250	A	258	e	72
5544	P43250	A	292	T	0	nonpolar,aliphatic/2.34/6.69/-	polar,uncharged/2.63/9.10/-	No_PTMs	Pkinase	/	non-approved	Non-OMIM-Gene	NoAssociatedDisease	No_HI_Info	200	1	105758	-	-	False(0.4909)	Tolerated(0.238)	ProteinInHumsavar	No	-	-	-	P43250_A_292	P43250	A	292	a	104
8069	Q9NQU5	R	425	Q	1	positive/2.17/9.04/12.48	polar,uncharged/2.17/9.13/-	No_PTMs	Pkinase	/	approved	Non-OMIM-Gene	NoAssociatedDisease	No_HI_Info	222	1	106044	STK38 {ECO:0000312|E/0.76;CDK3/0.77;POTEJ/1.9;POTEF/0.63;POTEE/0.63;LATS1 {ECO:0000312|E/-0.51;	2.9	False(0.3348)	Tolerated(0.070)	ProteinInHumsavar	No	-	-	-	Q9NQU5_R_425	Q9NQU5	R	425	v	19
5097	P57078	D	269	H	-1	negative/2.09/9.82/3.86	positive/1.82/9.17/6.04	No_PTMs	Pkinase	/	approved	OMIM-Gene	NoAssociatedDisease	AutosomalRecessive	1	1	106196	PRKAR2A/-0.8;PRKAR2B/-0.8;PRKAR1A/-0.8;PRKAR1B/-1.6;	2.6	False(0.2617)	Deleterious(0.007)	ProteinInHumsavar	No	-	-	-	P57078_D_269	P57078	D	269	d	248
8705	O75582	K	459	E	1	positive/2.18/8.95/-	negative/2.19/9.67/4.25	No_PTMs	Pkinase	/	non-approved	Non-OMIM-Gene	NoAssociatedDisease	No_HI_Info	72	1	106278	MAPK3/0.46;[CHEM:Metal:SR]/0.0433;	2.5033	True(0.9021)	Deleterious(0.042)	ProteinInHumsavar	No	-	-	-	O75582_K_459	O75582	K	459	k	34
2173	Q13188	N	115	I	-3	positive/2.02/8.84/-	nonpolar,aliphatic/2.36/9.68/-	No_PTMs	Pkinase	/	approved	Non-OMIM-Gene	NoAssociatedDisease	No_HI_Info	2	1	106500	STK38 {ECO:0000312|E/-0.54;STK38L {ECO:0000312|/-0.54;TSSK3/-0.54;	1.54	True(0.7404)	Deleterious(0.019)	ProteinInHumsavar	No	-	-	-	Q13188_N_115	Q13188	N	115	k	92
6466	O96013	R	341	H	0	positive/2.17/9.04/12.48	positive/1.82/9.17/6.04	No_PTMs	Pkinase	/	approved	Non-OMIM-Gene	NoAssociatedDisease	No_HI_Info	24	1	106644	BRSK2/0.99;BRSK1/0.99;MYLK4/0.2;MYLK2/-0.27;MYLK/0.22;MYLK3/-0.27;MAPK15/1.2;STK38L {ECO:0000312|/1.2;	2.2	False(0.3518)	Tolerated(0.080)	ProteinInHumsavar	No	-	-	-	O96013_R_341	O96013	R	341	k	21
11534	Q99759	R	608	C	-3	positive/2.17/9.04/12.48	polar,uncharged/1.71/10.78/-	No_PTMs	Pkinase	/	approved	Non-OMIM-Gene	NoAssociatedDisease	No_HI_Info	279	4	106970	[CHEM:Metal:NI]/1.34813;MAP3K1/-1.67;CCNA2/0.34;CCNA1/0.34;	5.01813	False(0.4079)	Deleterious(0.014)	ProteinInHumsavar	No	-	-	-	Q99759_R_608	Q99759	R	608	k	250
9490	O60307	S	500	L	-2	polar,uncharged/2.21/9.15/-	nonpolar,aliphatic/2.36/9.60/-	No_PTMs	Pkinase	/	non-approved	Non-OMIM-Gene	NoAssociatedDisease	No_HI_Info	51	1	106980	-	-	True(0.8283)	Deleterious(0.012)	ProteinInHumsavar	No	-	-	-	O60307_S_500	O60307	S	500	e	133
5334	Q13177	N	281	S	1	positive/2.02/8.84/-	polar,uncharged/2.21/9.15/-	No_PTMs	Pkinase	/	approved	Non-OMIM-Gene	NoAssociatedDisease	LittleEvidence	3	1	107194	MUSK/-0.09;SRC/-1.09;BRSK2/-1.2;BRSK1/-1.09;MYLK2/0.3;MYLK4/-0.21;MKNK1/-0.37;FYN/-0.99;MYLK3/-0.21;PKMYT1/-0.99;MYLK/-0.13;[CHEM:Metal:AU]/0.03666;WEE1/-1.68;MAP3K5/-1.09;LCK/0.2;YES1/-0.37;	3.71666	False(0.2784)	Deleterious(0.019)	ProteinNOTInHumsavar	-	-	-	-	Q13177_N_281	Q13177	N	281	k	33
4215	Q14680	M	222	V	1	nonpolar,aliphatic/2.28/9.21/-	nonpolar,aliphatic/2.32/9.62/-	No_PTMs	Pkinase	/	approved	Non-OMIM-Gene	NoAssociatedDisease	No_HI_Info	74	1	107364	PPM1F/-0.32;PPM1E/-0.32;PPM1B/-0.32;PPM1A/-0.32;PPM1N/-0.21;PPM1L/-0.18;PPM1K/-0.32;ILKAP/-0.03;PHLPP2/-0.32;PHLPP1/-0.32;	1.32	False(0.2867)	Tolerated(0.314)	ProteinInHumsavar	No	-	-	-	Q14680_M_222	Q14680	M	222	l	210
4823	Q14680	M	254	V	1	nonpolar,aliphatic/2.28/9.21/-	nonpolar,aliphatic/2.32/9.62/-	No_PTMs	Pkinase	/	approved	Non-OMIM-Gene	NoAssociatedDisease	No_HI_Info	74	1	107364	CCNB3/-0.35;CCNB2/-0.35;CCNB1/-0.35;CCNA2/-0.35;	1.35	False(0.1323)	Tolerated(1.000)	ProteinInHumsavar	No	-	-	-	Q14680_M_254	Q14680	M	254	a	255
1643	Q96KB5	K	87	M	-1	positive/2.18/8.95/-	nonpolar,aliphatic/2.28/9.21/-	acetyl-lysine	Pkinase	/	non-approved	Non-OMIM-Gene	NoAssociatedDisease	No_HI_Info	1130	17	107486	ARAF/1.15;CDK6/1.09;	2.15	False(0.3457)	Tolerated(0.078)	ProteinInHumsavar	No	-	-	-	Q96KB5_K_87	Q96KB5	K	87	k	50
558	Q16816	V	30	I	3	nonpolar,aliphatic/2.32/9.62/-	nonpolar,aliphatic/2.36/9.68/-	No_PTMs	Pkinase	/	non-approved	Non-OMIM-Gene	NoAssociatedDisease	No_HI_Info	10	1	107486	CALM1/-0.03;CALML3/-0.03;PRKAA1/-0.06;CALML5/0.2;CDK7/0.07;[CHEM:Metal:AU]/-0.13672;PHKG1/0.14;	2.33672	False(0.1580)	Tolerated(0.372)	ProteinInHumsavar	No	-	-	-	Q16816_V_30	Q16816	V	30	s	11
5562	Q96GD4	P	293	S	-1	polar,uncharged/1.99/10.60/-	polar,uncharged/2.21/9.15/-	No_PTMs	Pkinase	/	approved	Non-OMIM-Gene	NoAssociatedDisease	No_HI_Info	404	1	107894	NEK2/0.55;CKS2/-1.86;CKS1B/-1.86;PLK4/-0.35;CDK5/0.55;AURKC/0.55;	2.86	True(0.6300)	Deleterious(0.028)	ProteinInHumsavar	No	-	-	-	Q96GD4_P_293	Q96GD4	P	293	a	230
6170	Q96GD4	P	325	S	-1	polar,uncharged/1.99/10.60/-	polar,uncharged/2.21/9.15/-	No_PTMs	Pkinase	/	approved	Non-OMIM-Gene	NoAssociatedDisease	No_HI_Info	404	1	107894	-	-	False(0.1114)	Deleterious(0.015)	ProteinInHumsavar	No	-	-	-	Q96GD4_P_325	Q96GD4	P	325	p	262
10256	P24723	M	540	T	-1	nonpolar,aliphatic/2.28/9.21/-	polar,uncharged/2.63/9.10/-	No_PTMs	Pkinase	/	non-approved	OMIM-Gene	NoAssociatedDisease	No_HI_Info	13	1	107936	-	-	False(0.4528)	Deleterious(0.003)	ProteinInHumsavar	No	-	-	-	P24723_M_540	P24723	M	540	l	183
17002	Q9BXU1	M	895	V	1	nonpolar,aliphatic/2.28/9.21/-	nonpolar,aliphatic/2.32/9.62/-	No_PTMs	Pkinase	/	non-approved	Non-OMIM-Gene	NoAssociatedDisease	No_HI_Info	23	1	107968	-	-	False(0.1776)	Tolerated(0.633)	ProteinInHumsavar	No	-	-	-	Q9BXU1_M_895	Q9BXU1	M	895	l	164
5622	O75676	R	296	W	-3	positive/2.17/9.04/12.48	aromatic/2.38/9.39/-	No_PTMs	Pkinase	/	approved	Non-OMIM-Gene	NoAssociatedDisease	No_HI_Info	1	1	108028	-	-	True(0.7975)	Deleterious(0.000)	ProteinInHumsavar	No	-	-	-	O75676_R_296	O75676	R	296	l	259
1610	Q9H4B4	G	85	S	0	nonpolar,aliphatic/2.34/9.60/-	polar,uncharged/2.21/9.15/-	No_PTMs	Pkinase	/	approved	Non-OMIM-Gene	NoAssociatedDisease	No_HI_Info	183	3	108042	STK38 {ECO:0000312|E/0.37;MAP3K2/-0.12;MAP3K3/-0.94;MAP2K1/-0.21;STK38L {ECO:0000312|/0.37;KSR1/-0.31;MAP3K19/-0.35;RAF1/0.26;LATS1 {ECO:0000312|E/-0.19;	1.94	False(0.3619)	Tolerated(0.293)	ProteinInHumsavar	No	-	-	-	Q9H4B4_G_85	Q9H4B4	G	85	g	24
7578	Q9Y6S9	A	399	V	0	nonpolar,aliphatic/2.34/6.69/-	nonpolar,aliphatic/2.32/9.62/-	No_PTMs	Pkinase	/	non-approved	Non-OMIM-Gene	NoAssociatedDisease	No_HI_Info	5	1	108048	-	-	True(0.6241)	Deleterious(0.007)	ProteinInHumsavar	No	-	-	-	Q9Y6S9_A_399	Q9Y6S9	A	399	g	110
9172	O96013	A	483	S	1	nonpolar,aliphatic/2.34/6.69/-	polar,uncharged/2.21/9.15/-	No_PTMs	Pkinase	/	approved	Non-OMIM-Gene	NoAssociatedDisease	No_HI_Info	373	7	108118	MAPK14/-0.57;MAPK15/-0.57;MAPK11/-0.57;MAPK12/-0.57;MAPK13/-0.57;CDK18/-1.04;CDK16/-1.04;CDK17/-1.04;CDK14/-1.52;CDK15/-1.52;MAPK3/-0.57;MAPK1/-0.57;STK38L {ECO:0000312|/-0.48;LATS1 {ECO:0000312|E/-0.48;STK38 {ECO:0000312|E/-0.48;LATS2 {ECO:0000312|E/-0.26;CDK1/-1.04;CDK2/-1.08;CDK3/-1.04;CDK4/-0.57;CDK5/-1.04;CDK6/-0.57;	2.52	True(0.7661)	Tolerated(0.301)	ProteinInHumsavar	No	-	-	-	O96013_A_483	O96013	A	483	A	165
2917	Q00526	V	154	M	1	nonpolar,aliphatic/2.32/9.62/-	nonpolar,aliphatic/2.28/9.21/-	No_PTMs	Pkinase	/	non-approved	Non-OMIM-Gene	NoAssociatedDisease	No_HI_Info	91	1	108288	PLK1/0.21;PLK3/0.21;PLK2/0.21;PLK4/0.15;HSP90B1/0.25;MAPK14/0.3;MAPK11/0.58;MAPK12/0.27;MAPK13/0.3;TTK/0.15;CNTD2/0.3;CCNA2/0.78;CCNA1/0.08;CCNE2/0.11;CCNE1/1.51;HSP90AB1/0.29;MAPK3/0.21;MAPK1/0.21;CDK5R1/0.2;AURKA/0.21;AURKB/0.21;CDK5R2/0.2;CHEK2/0.08;CHEK1/0.15;AURKC/0.21;STK3/-0.03;NEK2/0.25;CCNB3/0.05;CCNB2/1.46;CCNB1/1.46;BRSK2/0.15;CCNF/0.24;CDK5/1.11022302463e-16;PAK4/0.32;HSP90AA1/0.27;PAK6/0.29;CCNO/0.95;CCNJ/0.68;RIPK4/-0.03;	2.51	True(0.6206)	Deleterious(0.010)	ProteinInHumsavar	No	-	-	-	Q00526_V_154	Q00526	V	154	s	150
1131	Q8WU08	V	60	M	1	nonpolar,aliphatic/2.32/9.62/-	nonpolar,aliphatic/2.28/9.21/-	No_PTMs	Pkinase	/	approved	Non-OMIM-Gene	NoAssociatedDisease	No_HI_Info	92	2	108312	LRRK2/0.27;MAPK15/0.61;ILK/0.32;MAPK14/0.77;MAPK3/0.38;RIPK4/0.25;MAPK12/-0.06;MAPK13/-0.06;PRKY/0.21;PTPN6/0.62;	1.77	False(0.2196)	Tolerated(0.054)	ProteinInHumsavar	No	-	-	-	Q8WU08_V_60	Q8WU08	V	60	k	38
4880	Q8WU08	L	257	V	1	nonpolar,aliphatic/2.36/9.60/-	nonpolar,aliphatic/2.32/9.62/-	No_PTMs	Pkinase	/	approved	Non-OMIM-Gene	NoAssociatedDisease	No_HI_Info	3	1	108354	-	-	False(0.1970)	Deleterious(0.047)	ProteinInHumsavar	No	-	-	-	Q8WU08_L_257	Q8WU08	L	257	l	241
5238	Q96RU7	G	276	R	-2	nonpolar,aliphatic/2.34/9.60/-	positive/2.17/9.04/12.48	No_PTMs	Pkinase	/	non-approved	Non-OMIM-Gene	NoAssociatedDisease	No_HI_Info	196	1	108382	-	-	()	Tolerated(0.070)	ProteinInHumsavar	No	-	-	-	Q96RU7_G_276	Q96RU7	G	276	e	225
5139	Q12851	P	271	L	-3	polar,uncharged/1.99/10.60/-	nonpolar,aliphatic/2.36/9.60/-	No_PTMs	Pkinase	/	approved	Non-OMIM-Gene	NoAssociatedDisease	No_HI_Info	3	1	108388	-	-	True(0.7013)	Tolerated(0.076)	ProteinNOTInHumsavar	-	-	-	-	Q12851_P_271	Q12851	P	271	p	262
6013	Q9NR20	M	317	L	2	nonpolar,aliphatic/2.28/9.21/-	nonpolar,aliphatic/2.36/9.60/-	No_PTMs	Pkinase	/	non-approved	Non-OMIM-Gene	NoAssociatedDisease	No_HI_Info	177	1	108400	PLK3/-0.44;PLK2/0.02;PRKACG/-0.88;PRKACA/0.12;PRKACB/0.17;PRKX/-0.07;	1.88	False(0.4818)	Deleterious(0.046)	ProteinInHumsavar	No	-	-	-	Q9NR20_M_317	Q9NR20	M	317	l	217
5338	O14976	H	281	Y	2	positive/1.82/9.17/6.04	aromatic/2.20/9.11/-	No_PTMs	Pkinase	/	approved	Non-OMIM-Gene	NoAssociatedDisease	No_HI_Info	417	4	108442	EPHB2/0.49;TRIO/-0.06;WNK4/-0.06;LRRK2/-0.15;EPHA8/0.56;WNK2/-0.06;DCLK1/-0.15;EPHA5/-0.56;WNK1/-0.06;EPHA3/0.56;EPHA1/0.49;CDK5/0.06;EGFR/0.01;INSRR/0.01;	1.56	False(0.0533)	Deleterious(0.020)	ProteinInHumsavar	No	-	-	-	O14976_H_281	O14976	H	281	a	230
1410	Q8WXR4	L	75	F	0	nonpolar,aliphatic/2.36/9.60/-	aromatic/1.83/9.13/-	No_PTMs	Pkinase	/	non-approved	Non-OMIM-Gene	NoAssociatedDisease	No_HI_Info	14	1	108444	[CHEM:Metal:HG]/0.15269;	1.15269	False(0.3585)	-	ProteinInHumsavar	No	-	-	-	Q8WXR4_L_75	Q8WXR4	L	75	l	52
5188	Q96RU7	R	274	C	-3	positive/2.17/9.04/12.48	polar,uncharged/1.71/10.78/-	No_PTMs	Pkinase	/	non-approved	Non-OMIM-Gene	NoAssociatedDisease	No_HI_Info	14	1	108464	MAPK3/0.38;MAPK7/0.23;MAPK12/0.42;	1.42	()	Deleterious(0.001)	ProteinInHumsavar	No	-	-	-	Q96RU7_R_274	Q96RU7	R	274	l	210
5377	Q8WXR4	V	284	A	0	nonpolar,aliphatic/2.32/9.62/-	nonpolar,aliphatic/2.34/6.69/-	No_PTMs	Pkinase	/	non-approved	Non-OMIM-Gene	NoAssociatedDisease	No_HI_Info	19	1	108498	-	-	False(0.4110)	-	ProteinInHumsavar	No	-	-	-	Q8WXR4_V_284	Q8WXR4	V	284	a	255
1348	Q6PHR2	H	71	Y	2	positive/1.82/9.17/6.04	aromatic/2.20/9.11/-	No_PTMs	Pkinase	/	approved	Non-OMIM-Gene	NoAssociatedDisease	No_HI_Info	1	1	108528	[CHEM:Metal:EMC]/0.09664;	1.09664	True(0.7980)	Deleterious(0.001)	ProteinInHumsavar	No	-	-	-	Q6PHR2_H_71	Q6PHR2	H	71	h	57
3576	P31152	L	189	F	0	nonpolar,aliphatic/2.36/9.60/-	aromatic/1.83/9.13/-	No_PTMs	Pkinase	/	approved	Non-OMIM-Gene	NoAssociatedDisease	No_HI_Info	1	1	108546	-	-	True(0.7895)	Deleterious(0.001)	ProteinInHumsavar	No	-	-	-	P31152_L_189	P31152	L	189	v	158
4364	Q8WXR4	G	230	R	-2	nonpolar,aliphatic/2.34/9.60/-	positive/2.17/9.04/12.48	No_PTMs	Pkinase	/	non-approved	Non-OMIM-Gene	NoAssociatedDisease	No_HI_Info	40	1	108578	-	-	True(0.6239)	-	ProteinInHumsavar	No	-	-	-	Q8WXR4_G_230	Q8WXR4	G	230	l	191
5454	Q9NSY1	R	288	C	-3	positive/2.17/9.04/12.48	polar,uncharged/1.71/10.78/-	No_PTMs	Pkinase	/	approved	Non-OMIM-Gene	NoAssociatedDisease	No_HI_Info	48	1	108586	-	-	False(0.0831)	Deleterious(0.040)	ProteinInHumsavar	No	-	-	-	Q9NSY1_R_288	Q9NSY1	R	288	e	235
4835	P0C1S8	S	255	L	-2	polar,uncharged/2.21/9.15/-	nonpolar,aliphatic/2.36/9.60/-	No_PTMs	Pkinase	/	non-approved	OMIM-Gene	NoAssociatedDisease	No_HI_Info	17	1	108588	[CHEM:Mg++:MG]/-0.25851;	1.25851	False(0.0526)	Tolerated(0.453)	ProteinInHumsavar	No	-	-	-	P0C1S8_S_255	P0C1S8	S	255	k	44
14379	Q16512	A	757	T	0	nonpolar,aliphatic/2.34/6.69/-	polar,uncharged/2.63/9.10/-	No_PTMs	Pkinase	/	approved	Non-OMIM-Gene	NoAssociatedDisease	No_HI_Info	102	1	108594	[CHEM:Metal:CO]/-0.04071;[DNA/RNA]/0.52302;	2.56373	False(0.1913)	Tolerated(0.066)	ProteinInHumsavar	No	-	-	-	Q16512_A_757	Q16512	A	757	t	140
2635	Q8WXR4	G	139	R	-2	nonpolar,aliphatic/2.34/9.60/-	positive/2.17/9.04/12.48	No_PTMs	Pkinase	/	non-approved	Non-OMIM-Gene	NoAssociatedDisease	No_HI_Info	362	1	108598	[CHEM:Metal:HG]/-0.26532;	1.26532	True(0.5980)	-	ProteinInHumsavar	No	-	-	-	Q8WXR4_G_139	Q8WXR4	G	139	q	106
13532	Q16512	S	713	F	-2	polar,uncharged/2.21/9.15/-	aromatic/1.83/9.13/-	No_PTMs	Pkinase	/	approved	Non-OMIM-Gene	NoAssociatedDisease	No_HI_Info	1	1	108608	PRKACG/1.31;[CHEM:Zn+:ZN]/0.47582;PAK1/0.96;PRKACB/1.31;	3.78582	True(0.6588)	Deleterious(0.016)	ProteinInHumsavar	No	-	-	-	Q16512_S_713	Q16512	S	713	s	96
2624	Q96C45	N	139	D	1	positive/2.02/8.84/-	negative/2.09/9.82/3.86	No_PTMs	Pkinase	/	non-approved	Non-OMIM-Gene	NoAssociatedDisease	No_HI_Info	48	1	108608	[CHEM:Mg++:MG]/0.05357;[CHEM:Metal:CO]/-0.14749;[CHEM:Mn++:MN]/0.43616;	1.43616	False(0.0919)	Tolerated(0.222)	ProteinInHumsavar	No	-	-	-	Q96C45_N_139	Q96C45	N	139	D	141
2154	Q96KG9	E	114	K	1	negative/2.19/9.67/4.25	positive/2.18/8.95/-	No_PTMs	Pkinase	/	non-approved	OMIM-Gene	NoAssociatedDisease	No_HI_Info	1	1	108610	-	-	True(0.7416)	Deleterious(0.028)	ProteinInHumsavar	No	-	-	-	Q96KG9_E_114	Q96KG9	E	114	e	97
1328	Q92918	R	70	W	-3	positive/2.17/9.04/12.48	aromatic/2.38/9.39/-	No_PTMs	Pkinase	/	approved	Non-OMIM-Gene	NoAssociatedDisease	No_HI_Info	569	1	108612	CAB39L/-0.82;MAP3K11 {ECO:0000312/2.08;LRRK2/1.09;[CHEM:Mg++:MG]/0.48837;SYK/0.4;CAB39/-0.82;EGFR/0.4;[CHEM:Metal:CD]/0.14898;[CHEM:Ca++:CA]/0.10019;LRRK1 {ECO:0000312|E/1.07;ZAP70/0.4;ABL1/1.24;LYN/2.35;LCK/1.39;	4.83837	True(0.5045)	Deleterious(0.001)	ProteinInHumsavar	No	-	-	-	Q92918_R_70	Q92918	R	70	k	56
5804	Q9UBS0	R	306	L	-2	positive/2.17/9.04/12.48	nonpolar,aliphatic/2.36/9.60/-	No_PTMs	Pkinase	/	non-approved	Non-OMIM-Gene	NoAssociatedDisease	No_HI_Info	78	1	108612	MAP2K5/0.36;LRRK2/0.81;MAPK3/0.36;GSK3A/1.26;PRKAA2/0.36;PRKAA1/0.36;GSK3B/0.36;MAPK14/0.36;MAPK15/0.36;CDK2/0.36;MAPK1/0.36;MAPK11/0.36;MAPK12/0.36;MAPK13/0.36;LYN/0.36;	2.26	()	Deleterious(0.002)	ProteinInHumsavar	No	-	-	-	Q9UBS0_R_306	Q9UBS0	R	306	k	247
12063	Q16512	R	635	W	-3	positive/2.17/9.04/12.48	aromatic/2.38/9.39/-	No_PTMs	Pkinase	/	approved	Non-OMIM-Gene	NoAssociatedDisease	No_HI_Info	61	1	108614	MAP3K1/0.8;MAPK15/1.36;MAP3K2/0.96;KALRN/0.29;PRKACB/0.8;AKT1/0.69;PRKACG/0.8;MAPK1/1.21;MAPK7/1.21;MAP3K3/0.8;PDPK1/0.8;CSNK2A2/1.21;	2.36	True(0.7917)	Deleterious(0.001)	ProteinInHumsavar	No	-	-	-	Q16512_R_635	Q16512	R	635	k	21
4469	Q8WXR4	L	236	F	0	nonpolar,aliphatic/2.36/9.60/-	aromatic/1.83/9.13/-	No_PTMs	Pkinase	/	non-approved	Non-OMIM-Gene	NoAssociatedDisease	No_HI_Info	4	1	108614	-	-	False(0.2435)	-	ProteinInHumsavar	No	-	-	-	Q8WXR4_L_236	Q8WXR4	L	236	f	197
4640	Q8WXR4	L	245	F	0	nonpolar,aliphatic/2.36/9.60/-	aromatic/1.83/9.13/-	No_PTMs	Pkinase	/	non-approved	Non-OMIM-Gene	NoAssociatedDisease	No_HI_Info	4	1	108614	[CHEM:Metal:NI]/0.15269;	1.15269	True(0.6332)	Tolerated(0.051)	ProteinInHumsavar	No	-	-	-	Q8WXR4_L_245	Q8WXR4	L	245	i	216
16147	Q9BXU1	I	850	V	3	nonpolar,aliphatic/2.36/9.68/-	nonpolar,aliphatic/2.32/9.62/-	No_PTMs	Pkinase	/	non-approved	Non-OMIM-Gene	NoAssociatedDisease	No_HI_Info	88	1	108618	-	-	False(0.3806)	Deleterious(0.000)	ProteinInHumsavar	No	-	-	-	Q9BXU1_I_850	Q9BXU1	I	850	v	119
2272	O75716	L	120	P	-3	nonpolar,aliphatic/2.36/9.60/-	polar,uncharged/1.99/10.60/-	No_PTMs	Pkinase	/	approved	Non-OMIM-Gene	NoAssociatedDisease	No_HI_Info	70	1	108624	[CHEM:Mg++:MG]/0.0446;	1.0446	True(0.8674)	Deleterious(0.006)	ProteinInHumsavar	No	-	-	-	O75716_L_120	O75716	L	120	l	95
2151	Q8WXR4	V	114	F	-1	nonpolar,aliphatic/2.32/9.62/-	aromatic/1.83/9.13/-	No_PTMs	Pkinase	/	non-approved	Non-OMIM-Gene	NoAssociatedDisease	No_HI_Info	182	1	108628	-	-	True(0.7031)	Deleterious(0.001)	ProteinInHumsavar	No	-	-	-	Q8WXR4_V_114	Q8WXR4	V	114	l	85
4538	Q8WXR4	M	239	V	1	nonpolar,aliphatic/2.28/9.21/-	nonpolar,aliphatic/2.32/9.62/-	No_PTMs	Pkinase	/	non-approved	Non-OMIM-Gene	NoAssociatedDisease	No_HI_Info	42	1	108630	[CHEM:Zn+:ZN]/-0.31915;	1.31915	False(0.3595)	-	ProteinInHumsavar	No	-	-	-	Q8WXR4_M_239	Q8WXR4	M	239	l	210
6133	P0C1S8	I	323	T	-1	nonpolar,aliphatic/2.36/9.68/-	polar,uncharged/2.63/9.10/-	No_PTMs	Pkinase	/	non-approved	OMIM-Gene	NoAssociatedDisease	No_HI_Info	81	1	108632	-	-	True(0.5025)	Tolerated(0.051)	ProteinInHumsavar	No	-	-	-	P0C1S8_I_323	P0C1S8	I	323	i	107
2102	Q12851	R	111	P	-2	positive/2.17/9.04/12.48	polar,uncharged/1.99/10.60/-	No_PTMs	Pkinase	/	approved	Non-OMIM-Gene	NoAssociatedDisease	No_HI_Info	826	2	108660	-	-	False(0.1629)	Tolerated(0.285)	ProteinNOTInHumsavar	-	-	-	-	Q12851_R_111	Q12851	R	111	e	98
319	Q14680	I	17	T	-1	nonpolar,aliphatic/2.36/9.68/-	polar,uncharged/2.63/9.10/-	No_PTMs	Pkinase	/	approved	Non-OMIM-Gene	NoAssociatedDisease	No_HI_Info	16	1	108792	[CHEM:Metal:CD]/0.0649;CASK/-0.39;	2.4549	True(0.8264)	Deleterious(0.002)	ProteinInHumsavar	No	-	-	-	Q14680_I_17	Q14680	I	17	l	7
5497	Q96RR4	R	290	H	0	positive/2.17/9.04/12.48	positive/1.82/9.17/6.04	No_PTMs	Pkinase	/	approved	Non-OMIM-Gene	NoAssociatedDisease	No_HI_Info	3	1	108794	-	-	()	Tolerated(0.180)	ProteinInHumsavar	No	-	-	-	Q96RR4_R_290	Q96RR4	R	290	k	101
1251	Q9BXA7	M	66	V	1	nonpolar,aliphatic/2.28/9.21/-	nonpolar,aliphatic/2.32/9.62/-	No_PTMs	Pkinase	/	approved	Non-OMIM-Gene	NoAssociatedDisease	No_HI_Info	182	2	108802	CAB39L/-0.08;[CHEM:Metal:AU]/0.11903;CAB39/-0.08;	2.19903	False(0.1473)	Tolerated(0.361)	ProteinInHumsavar	No	-	-	-	Q9BXA7_M_66	Q9BXA7	M	66	k	54
4359	P53350	F	230	L	0	aromatic/1.83/9.13/-	nonpolar,aliphatic/2.36/9.60/-	No_PTMs	Pkinase	/	approved	Non-OMIM-Gene	NoAssociatedDisease	No_HI_Info	2	1	108840	[CHEM:Mg++:MG]/0.00172;CNTD2/-0.13;CCNO/-0.19;	2.19172	False(0.3374)	Tolerated(0.296)	ProteinInHumsavar	No	-	-	-	P53350_F_230	P53350	F	230	k	176
7208	P34947	E	380	K	1	negative/2.19/9.67/4.25	positive/2.18/8.95/-	No_PTMs	Pkinase	/	non-approved	Non-OMIM-Gene	NoAssociatedDisease	No_HI_Info	122	1	108888	-	-	False(0.4126)	Tolerated(0.546)	ProteinInHumsavar	No	-	-	-	P34947_E_380	P34947	E	380	t	192
5611	Q99570	R	296	H	0	positive/2.17/9.04/12.48	positive/1.82/9.17/6.04	No_PTMs	Pkinase	/	non-approved	Non-OMIM-Gene	NoAssociatedDisease	No_HI_Info	7	1	108902	-	-	False(0.2131)	Tolerated(0.150)	ProteinInHumsavar	No	-	-	-	Q99570_R_296	Q99570	R	296	k	247
1179	P57078	R	63	C	-3	positive/2.17/9.04/12.48	polar,uncharged/1.71/10.78/-	No_PTMs	Pkinase	/	approved	OMIM-Gene	NoAssociatedDisease	AutosomalRecessive	4	1	108920	FKBP14/-2.11;MAP2K5/-0.8;FKBP11/0.65;FKBP4/0.32;FKBP5/0.32;AKT2/-1.71;FKBP7/-2.11;FKBP2/0.65;FKBP3/0.38;FKBP8/-0.8;FKBP9/-2.11;CASK/-1.77;MAPK3/0.8;ICK/0.51;PKN3/-2.11;PRKCB/-0.46;PRKCD/-1.75;PRKAR1A/0.28;PRKAR1B/0.28;PRKAR2A/1.26;CDK1/0.51;PRKAR2B/1.26;FKBP1B/0.01;CDK6/-2.11;FKBP1A/0.01;MAK/0.51;	3.11	True(0.6159)	Tolerated(0.184)	ProteinInHumsavar	No	-	-	-	P57078_R_63	P57078	R	63	e	42
4687	Q9HBY8	L	247	R	-2	nonpolar,aliphatic/2.36/9.60/-	positive/2.17/9.04/12.48	No_PTMs	Pkinase	/	non-approved	Non-OMIM-Gene	NoAssociatedDisease	No_HI_Info	1	1	108962	-	-	False(0.1687)	Deleterious(0.031)	ProteinInHumsavar	No	-	-	-	Q9HBY8_L_247	Q9HBY8	L	247	l	210
2024	Q96RU7	V	107	M	1	nonpolar,aliphatic/2.32/9.62/-	nonpolar,aliphatic/2.28/9.21/-	No_PTMs	Pkinase	/	non-approved	Non-OMIM-Gene	NoAssociatedDisease	No_HI_Info	600	3	108978	AKT2/0.18;	1.18	()	Tolerated(0.228)	ProteinInHumsavar	No	-	-	-	Q96RU7_V_107	Q96RU7	V	107	k	40
3630	Q16816	A	192	D	-2	nonpolar,aliphatic/2.34/6.69/-	negative/2.09/9.82/3.86	No_PTMs	Pkinase	/	non-approved	Non-OMIM-Gene	NoAssociatedDisease	No_HI_Info	43	1	108986	PRKACB/0.62;PRKACA/0.62;CDK7/0.05;	1.62	True(0.8408)	Deleterious(0.001)	ProteinInHumsavar	No	-	-	-	Q16816_A_192	Q16816	A	192	A	165
2797	Q07002	D	148	G	-1	negative/2.09/9.82/3.86	nonpolar,aliphatic/2.34/9.60/-	No_PTMs	Pkinase	/	non-approved	Non-OMIM-Gene	NoAssociatedDisease	No_HI_Info	27	2	108998	ASB10/0.21;ANKRD50/0.21;ANKRD44/-1.3;PLK4/-0.68;ANKRD17/-0.24;ANKRD39/-0.68;ANKRD10/-0.26;CDC37L1/-0.26;ANKRD2/-1.09;ANKRD55/0.21;MIB1/-0.66;MIB2/-0.88;CDC37/-0.26;POTEH/-0.66;ANKRD18B/-0.66;POTEE/-0.66;CHEK1/-0.24;CDKN2C/-0.66;CDKN2D/-0.66;ANKRD42/-1.3;CDKN2A {ECO:0000312|/-0.66;ASZ1 {ECO:0000312|HG/-0.24;POTEF/-0.66;ANKRD28/-1.3;[DNA/RNA]/-3.07923;	6.37923	True(0.8042)	Deleterious(0.047)	ProteinInHumsavar	No	-	-	-	Q07002_D_148	Q07002	D	148	e	5
7891	O60307	R	416	H	0	positive/2.17/9.04/12.48	positive/1.82/9.17/6.04	No_PTMs	Pkinase	/	non-approved	Non-OMIM-Gene	NoAssociatedDisease	No_HI_Info	60	2	109010	-	-	True(0.9333)	Deleterious(0.001)	ProteinInHumsavar	No	-	-	-	O60307_R_416	O60307	R	416	i	49
6250	Q13163	S	329	Y	-2	polar,uncharged/2.21/9.15/-	aromatic/2.20/9.11/-	No_PTMs	Pkinase	/	approved	Non-OMIM-Gene	NoAssociatedDisease	No_HI_Info	1	1	109098	MAP3K6/1.78;MAPK14/2.18;MAPK15/1.09;AKT2/0.31;ARAF/0.95;MAPK12/1.09;RPS6KB2/1.05;RAF1/0.95;LRRK2/1.06;MAP3K1/1.09;RPS6KB1/1.05;NTRK1/1.05;MAP3K4/0.29;MAP3K5/0.95;MAPK1/0.29;KSR1/0.84;KSR2/0.84;PRKCI/2.04;SRC/0.27;PRKCZ/2.04;STK17B/0.42;MAPK8/1.08;STK32B {ECO:0000312|/0.58;SGK1/0.68;[CHEM:Metal:NI]/0.00835;PRKACG/0.31;PRKACA/0.31;BRAF/0.95;PSKH2/1.38;PSKH1/1.09;	4.18835	True(0.6315)	Deleterious(0.016)	ProteinInHumsavar	No	-	-	-	Q13163_S_329	Q13163	S	329	k	170
6934	Q13163	S	365	Y	-2	polar,uncharged/2.21/9.15/-	aromatic/2.20/9.11/-	No_PTMs	Pkinase	/	approved	Non-OMIM-Gene	NoAssociatedDisease	No_HI_Info	1	1	109098	-	-	True(0.6427)	Deleterious(0.014)	ProteinInHumsavar	No	-	-	-	Q13163_S_365	Q13163	S	365	e	209
2401	O43293	V	127	I	3	nonpolar,aliphatic/2.32/9.62/-	nonpolar,aliphatic/2.36/9.68/-	No_PTMs	Pkinase	/	approved	Non-OMIM-Gene	NoAssociatedDisease	No_HI_Info	18	1	109130	[CHEM:Metal:ARS]/-0.13672;	1.13672	False(0.2609)	Tolerated(0.201)	ProteinInHumsavar	No	-	-	-	O43293_V_127	O43293	V	127	l	111
3599	Q8TD19	I	190	L	2	nonpolar,aliphatic/2.36/9.68/-	nonpolar,aliphatic/2.36/9.60/-	No_PTMs	Pkinase	/	approved	OMIM-Gene	NoAssociatedDisease	No_HI_Info	9	1	109134	-	-	False(0.3505)	Tolerated(0.070)	ProteinInHumsavar	No	-	-	-	Q8TD19_I_190	Q8TD19	I	190	l	137
2631	O14976	S	139	L	-2	polar,uncharged/2.21/9.15/-	nonpolar,aliphatic/2.36/9.60/-	No_PTMs	Pkinase	/	approved	Non-OMIM-Gene	NoAssociatedDisease	No_HI_Info	1	1	109136	-	-	False(0.1852)	-	ProteinInHumsavar	No	-	-	-	O14976_S_139	O14976	S	139	r	91
14574	Q16512	Y	768	C	-2	aromatic/2.20/9.11/-	polar,uncharged/1.71/10.78/-	Phosphotyrosine	Pkinase	/	approved	Non-OMIM-Gene	NoAssociatedDisease	No_HI_Info	28	1	109182	MAP3K5/0.24;CSNK2A2/-2.38;MAP3K15/-0.31;PHLPP2/-0.31;PHLPP1/-0.14;PAK1/-0.91;	3.38	False(0.4750)	Tolerated(0.145)	ProteinInHumsavar	No	-	-	-	Q16512_Y_768	Q16512	Y	768	s	151
7727	O94921	R	407	Q	1	positive/2.17/9.04/12.48	polar,uncharged/2.17/9.13/-	No_PTMs	Pkinase	/	non-approved	Non-OMIM-Gene	NoAssociatedDisease	No_HI_Info	4	1	109194	PLK1/-1.19;MOS/-1.24;PLK2/-0.24;LRRK2/-1.24;[CHEM:Mg++:MG]/-0.47789;	3.71789	True(0.9079)	Tolerated(0.490)	ProteinInHumsavar	No	-	-	-	O94921_R_407	O94921	R	407	R	252
889	Q16816	A	47	T	0	nonpolar,aliphatic/2.34/6.69/-	polar,uncharged/2.63/9.10/-	No_PTMs	Pkinase	/	non-approved	Non-OMIM-Gene	NoAssociatedDisease	No_HI_Info	415	1	109204	-	-	True(0.8291)	Deleterious(0.001)	ProteinInHumsavar	No	-	-	-	Q16816_A_47	Q16816	A	47	A	28
3344	Q96GD4	T	177	A	0	polar,uncharged/2.63/9.10/-	nonpolar,aliphatic/2.34/6.69/-	No_PTMs	Pkinase	/	approved	Non-OMIM-Gene	NoAssociatedDisease	No_HI_Info	106	2	109212	[CHEM:Metal:EMC]/0.04071;	1.04071	False(0.1080)	Tolerated(1.000)	ProteinInHumsavar	No	-	-	-	Q96GD4_T_177	Q96GD4	T	177	a	100
1818	Q86SG6	C	96	R	-3	polar,uncharged/1.71/10.78/-	positive/2.17/9.04/12.48	No_PTMs	Pkinase	/	non-approved	OMIM-Gene	NoAssociatedDisease	No_HI_Info	43	1	109214	-	-	False(0.2127)	Tolerated(0.595)	ProteinInHumsavar	No	-	-	-	Q86SG6_C_96	Q86SG6	C	96	g	93
15501	Q15139	I	816	V	3	nonpolar,aliphatic/2.36/9.68/-	nonpolar,aliphatic/2.32/9.62/-	No_PTMs	Pkinase	/	approved	OMIM-Gene	NoAssociatedDisease	No_HI_Info	109	2	109228	-	-	False(0.3692)	Deleterious(0.042)	ProteinInHumsavar	No	-	-	-	Q15139_I_816	Q15139	I	816	l	241
4129	Q8IZL9	R	218	H	0	positive/2.17/9.04/12.48	positive/1.82/9.17/6.04	No_PTMs	Pkinase	/	non-approved	Non-OMIM-Gene	NoAssociatedDisease	No_HI_Info	5	1	109246	RAF1/0.49;	1.49	False(0.0393)	Tolerated(0.098)	ProteinInHumsavar	No	-	-	-	Q8IZL9_R_218	Q8IZL9	R	218	k	218
5644	Q09013	S	298	C	-1	polar,uncharged/2.21/9.15/-	polar,uncharged/1.71/10.78/-	No_PTMs	Pkinase	/	non-approved	OMIM-Gene	NoAssociatedDisease	No_HI_Info	218	1	109248	-	-	False(0.1054)	Tolerated(0.063)	ProteinInHumsavar	No	-	-	-	Q09013_S_298	Q09013	S	298	k	226
2800	Q8N5S9	E	148	K	1	negative/2.19/9.67/4.25	positive/2.18/8.95/-	No_PTMs	Pkinase	/	approved	Non-OMIM-Gene	NoAssociatedDisease	No_HI_Info	2	1	109250	CCND3/2.35;CDKN1B/-2.62;CDKN1A/2.35;STRADA/-0.07;	3.62	False(0.2031)	Tolerated(0.160)	ProteinInHumsavar	No	-	-	-	Q8N5S9_E_148	Q8N5S9	E	148	k	21
6019	P32298	N	317	T	0	positive/2.02/8.84/-	polar,uncharged/2.63/9.10/-	No_PTMs	Pkinase	/	non-approved	Non-OMIM-Gene	NoAssociatedDisease	No_HI_Info	293	2	109252	[CHEM:Metal:SR]/0.06235;[CHEM:Ca++:CA]/-0.30337;[CHEM:Zn+:ZN]/-0.11836;[CHEM:Mg++:MG]/0.66988;[CHEM:Mn++:MN]/0.96648;[DNA/RNA]/-0.07296;	3.03944	True(0.9279)	Deleterious(0.024)	ProteinInHumsavar	No	-	-	-	P32298_N_317	P32298	N	317	N	128
2766	Q96RU7	S	146	N	1	polar,uncharged/2.21/9.15/-	positive/2.02/8.84/-	No_PTMs	Pkinase	/	non-approved	Non-OMIM-Gene	NoAssociatedDisease	No_HI_Info	1205	5	109256	CASK/-0.07;AKT1/1.09;AKT2/1.09;MAPK11/-0.14;PDPK1/-0.07;PDPK2P {ECO:0000312|/0.8;	2.09	()	Deleterious(0.050)	ProteinInHumsavar	No	-	-	-	Q96RU7_S_146	Q96RU7	S	146	d	87
4794	Q8N5S9	R	253	H	0	positive/2.17/9.04/12.48	positive/1.82/9.17/6.04	No_PTMs	Pkinase	/	approved	Non-OMIM-Gene	NoAssociatedDisease	No_HI_Info	4	1	109260	-	-	True(0.5305)	Tolerated(0.177)	ProteinInHumsavar	No	-	-	-	Q8N5S9_R_253	Q8N5S9	R	253	k	101
1498	Q9H0K1	I	79	V	3	nonpolar,aliphatic/2.36/9.68/-	nonpolar,aliphatic/2.32/9.62/-	No_PTMs	Pkinase	/	approved	Non-OMIM-Gene	NoAssociatedDisease	No_HI_Info	37	1	109260	[CHEM:Metal:CO]/0.13672;	1.13672	False(0.2891)	Tolerated(0.147)	ProteinInHumsavar	No	-	-	-	Q9H0K1_I_79	Q9H0K1	I	79	i	60
3587	Q00526	I	189	T	-1	nonpolar,aliphatic/2.36/9.68/-	polar,uncharged/2.63/9.10/-	No_PTMs	Pkinase	/	non-approved	Non-OMIM-Gene	NoAssociatedDisease	No_HI_Info	59	1	109278	-	-	False(0.1446)	Tolerated(0.060)	ProteinInHumsavar	No	-	-	-	Q00526_I_189	Q00526	I	189	l	183
2708	Q96RU7	D	143	N	1	negative/2.09/9.82/3.86	positive/2.02/8.84/-	No_PTMs	Pkinase	/	non-approved	Non-OMIM-Gene	NoAssociatedDisease	No_HI_Info	1	1	109284	PDPK1/-0.38;AKT2/-0.77;PDPK2P {ECO:0000312|/-0.38;MAPK11/0.11;AKT1/-0.77;	1.77	()	Deleterious(0.039)	ProteinInHumsavar	No	-	-	-	Q96RU7_D_143	Q96RU7	D	143	g	83
2119	O15264	T	112	M	-1	polar,uncharged/2.63/9.10/-	nonpolar,aliphatic/2.28/9.21/-	No_PTMs	Pkinase	/	approved	Non-OMIM-Gene	NoAssociatedDisease	No_HI_Info	28	2	109286	HSP90B1/0.81;PRKAR2A/0.51;MAP2K2/0.79;PRKAR2B/0.51;MAP2K7/0.88;MAP2K6/0.5;MAP2K5/1.32;MAPKAPK5/1.03;MAPKAPK3/0.58;HSP90AB1/0.81;POTEJ/0.22;POTEI/0.22;POTEF/0.22;POTEE/0.22;WEE1/0.51;PRKAR1A/0.51;PRKAR1B/0.51;PTPN7/0.88;MAPK8IP1/0.88;RPS6KA1/0.5;RPS6KA4/0.84;NOTCH4/1.29;TAB1/0.97;NOTCH1/-0.44;NOTCH3/0.48;MEF2A/1.29;HSP90AA1/0.81;ATF2/0.84;	2.32	False(0.2653)	Deleterious(0.000)	ProteinInHumsavar	No	-	-	-	O15264_T_112	O15264	T	112	g	82
1794	Q15131	H	95	L	-3	positive/1.82/9.17/6.04	nonpolar,aliphatic/2.36/9.60/-	No_PTMs	Pkinase	/	non-approved	OMIM-Gene	NoAssociatedDisease	No_HI_Info	25	1	109288	-	-	True(0.6879)	Deleterious(0.000)	ProteinInHumsavar	No	-	-	-	Q15131_H_95	Q15131	H	95	h	57
6512	Q9UBE8	A	343	S	1	nonpolar,aliphatic/2.34/6.69/-	polar,uncharged/2.21/9.15/-	No_PTMs	Pkinase	/	non-approved	Non-OMIM-Gene	NoAssociatedDisease	No_HI_Info	35	1	109290	-	-	False(0.4139)	Tolerated(0.062)	ProteinInHumsavar	No	-	-	-	Q9UBE8_A_343	Q9UBE8	A	343	g	199
8692	P30291	M	458	L	2	nonpolar,aliphatic/2.28/9.21/-	nonpolar,aliphatic/2.36/9.60/-	No_PTMs	Pkinase	/	approved	Non-OMIM-Gene	NoAssociatedDisease	No_HI_Info	493	6	109296	-	-	False(0.1424)	Tolerated(0.216)	ProteinInHumsavar	No	-	-	-	P30291_M_458	P30291	M	458	e	136
5226	Q16816	R	276	C	-3	positive/2.17/9.04/12.48	polar,uncharged/1.71/10.78/-	No_PTMs	Pkinase	/	non-approved	Non-OMIM-Gene	NoAssociatedDisease	No_HI_Info	18	1	109306	PRKACA/-1.67;PRKACB/-1.67;	2.67	True(0.8408)	Deleterious(0.000)	ProteinInHumsavar	No	-	-	-	Q16816_R_276	Q16816	R	276	R	252
22502	Q56UN5	R	1185	H	0	positive/2.17/9.04/12.48	positive/1.82/9.17/6.04	No_PTMs	Pkinase	/	approved	Non-OMIM-Gene	NoAssociatedDisease	No_HI_Info	125	1	109308	[CHEM:Metal:ARS]/0.21939;LATS2 {ECO:0000312|E/-0.46;MAPK3/-0.58;MAPK1/-0.58;MAPK6/-0.58;STK38L {ECO:0000312|/0.96;MAPK12/0.98;MAPK13/0.22;LATS1 {ECO:0000312|E/1.96;	4.17939	True(0.8745)	Deleterious(0.002)	ProteinInHumsavar	No	-	-	-	Q56UN5_R_1185	Q56UN5	R	1185	r	122
6337	P43250	V	334	M	1	nonpolar,aliphatic/2.32/9.62/-	nonpolar,aliphatic/2.28/9.21/-	No_PTMs	Pkinase	/	non-approved	Non-OMIM-Gene	NoAssociatedDisease	No_HI_Info	555	4	109316	[CHEM:Zn+:ZN]/0.31915;	1.31915	True(0.5341)	Deleterious(0.043)	ProteinInHumsavar	No	-	-	-	P43250_V_334	P43250	V	334	k	146
4149	P45984	V	219	I	3	nonpolar,aliphatic/2.32/9.62/-	nonpolar,aliphatic/2.36/9.68/-	No_PTMs	Pkinase	/	approved	Non-OMIM-Gene	NoAssociatedDisease	No_HI_Info	44	1	109316	-	-	False(0.2917)	Tolerated(1.000)	ProteinInHumsavar	No	-	-	-	P45984_V_219	P45984	V	219	l	191
4016	P57078	V	212	I	3	nonpolar,aliphatic/2.32/9.62/-	nonpolar,aliphatic/2.36/9.68/-	No_PTMs	Pkinase	/	approved	OMIM-Gene	NoAssociatedDisease	AutosomalRecessive	6	1	109318	-	-	False(0.2617)	Tolerated(0.328)	ProteinInHumsavar	No	-	-	-	P57078_V_212	P57078	V	212	i	186
9305	Q05823	N	490	S	1	positive/2.02/8.84/-	polar,uncharged/2.21/9.15/-	No_PTMs	Pkinase	/	non-approved	OMIM-Gene	NoAssociatedDisease	No_HI_Info	22	1	109320	[CHEM:Mg++:MG]/0.1667;	1.1667	False(0.4263)	Deleterious(0.000)	ProteinInHumsavar	No	-	-	-	Q05823_N_490	Q05823	N	490	N	128
4972	Q12851	P	262	R	-2	polar,uncharged/1.99/10.60/-	positive/2.17/9.04/12.48	No_PTMs	Pkinase	/	approved	Non-OMIM-Gene	NoAssociatedDisease	No_HI_Info	313	6	109326	-	-	True(0.8424)	Deleterious(0.001)	ProteinNOTInHumsavar	-	-	-	-	Q12851_P_262	Q12851	P	262	l	253
8412	Q9BXM7	A	443	S	1	nonpolar,aliphatic/2.34/6.69/-	polar,uncharged/2.21/9.15/-	No_PTMs	Pkinase	/	non-approved	OMIM-Gene	NoAssociatedDisease	AutosomalRecessive	9	1	109334	-	-	False(0.1905)	Tolerated(0.063)	ProteinInHumsavar	No	-	-	-	Q9BXM7_A_443	Q9BXM7	A	443	l	187
11373	O75582	Y	599	N	-2	aromatic/2.20/9.11/-	positive/2.02/8.84/-	No_PTMs	Pkinase	/	non-approved	Non-OMIM-Gene	NoAssociatedDisease	No_HI_Info	1	1	109336	PEA15/-0.08;STK11/0.09;MAPK3/0.04;MAPK1/-0.08;MAPK12/0.12;MAPK13/-0.5;	1.5	True(0.9373)	Deleterious(0.000)	ProteinInHumsavar	No	-	-	-	O75582_Y_599	O75582	Y	599	y	174
11907	O75582	R	627	Q	1	positive/2.17/9.04/12.48	polar,uncharged/2.17/9.13/-	No_PTMs	Pkinase	/	non-approved	Non-OMIM-Gene	NoAssociatedDisease	No_HI_Info	396	5	109336	DUSP1/0.77;STK11/-0.51;SIK1/-0.1;ILK/-0.79;LRRK2/-1.69;	2.69	False(0.2845)	Tolerated(0.568)	ProteinInHumsavar	No	-	-	-	O75582_R_627	O75582	R	627	g	202
4123	P57058	D	218	A	-2	negative/2.09/9.82/3.86	nonpolar,aliphatic/2.34/6.69/-	No_PTMs	Pkinase	/	non-approved	Non-OMIM-Gene	NoAssociatedDisease	No_HI_Info	1	1	109338	PPM1F/1.58;PPM1E/0.29;PPM1B/0.9;PPM1A/0.9;PPM1N/2.17;PPM1L/3.54;PPM1K/3.27;CASK/-0.56;ILKAP/-0.01;PHLPP2/0.61;PHLPP1/1.25;	4.54	True(0.5758)	Tolerated(0.134)	ProteinInHumsavar	No	-	-	-	P57058_D_218	P57058	D	218	s	152
2654	O14976	R	140	Q	1	positive/2.17/9.04/12.48	polar,uncharged/2.17/9.13/-	No_PTMs	Pkinase	/	approved	Non-OMIM-Gene	NoAssociatedDisease	No_HI_Info	39	1	109340	TRIO/-0.02;LRRK2/-0.02;DCLK1/1.27;EPHA3/1.07;MYLK3/-0.02;CDK5/-0.96;INSRR/0.13;	2.27	False(0.1000)	Tolerated(0.363)	ProteinInHumsavar	No	-	-	-	O14976_R_140	O14976	R	140	k	92
3417	Q9BXA7	A	180	V	0	nonpolar,aliphatic/2.34/6.69/-	nonpolar,aliphatic/2.32/9.62/-	No_PTMs	Pkinase	/	approved	Non-OMIM-Gene	NoAssociatedDisease	No_HI_Info	74	1	109342	MOS/0.16;[CHEM:Metal:AU]/0.03111;CHEK2/0.37;CASK/0.48;	2.51111	True(0.8091)	Deleterious(0.000)	ProteinInHumsavar	No	-	-	-	Q9BXA7_A_180	Q9BXA7	A	180	e	162
3611	Q96QS6	Y	191	C	-2	aromatic/2.20/9.11/-	polar,uncharged/1.71/10.78/-	No_PTMs	Pkinase	/	non-approved	Non-OMIM-Gene	NoAssociatedDisease	No_HI_Info	75	1	109346	-	-	False(0.1182)	Deleterious(0.000)	ProteinInHumsavar	No	-	-	-	Q96QS6_Y_191	Q96QS6	Y	191	i	131
3458	Q96Q40	T	183	A	0	polar,uncharged/2.63/9.10/-	nonpolar,aliphatic/2.34/6.69/-	No_PTMs	Pkinase	/	approved	Non-OMIM-Gene	NoAssociatedDisease	No_HI_Info	465	1	109346	ASB10/0.64;ANKRD50/-0.59;ASB13/0.08;ASB14/-0.92;ANKRD54/-0.59;ANKRD44/0.08;ASB18/0.08;ANKRD20A4/0.08;ANKRD16/-1.03;ANKRD17/-0.59;ANKRD39/-0.59;ANKRD10/-0.59;ASB2/-0.59;HACE1/-1.03;ANKRD1/-0.92;ANKRD2/-0.59;ANKRD55/0.31;MIB1/-0.89;MIB2/0.25;HSP90AB1/0.37;ANKRD30B/-0.04;POTEJ/-0.89;CDKN2A {ECO:0000312|/0.25;POTEF/-1.17;POTEE/-1.17;FANK1/-0.59;CDKN2C/0.25;CDKN2D/0.25;ANKRD42/-0.04;POTEH/-1.17;TANC1/-0.59;ASZ1 {ECO:0000312|HG/0.31;TANC2/-0.59;ANKRD26/-0.89;ANKRD7/-0.92;ANKRD23/-0.59;ANKRD20A8P/0.08;ANKRD28/0.08;ANKRD20A2/0.08;ANKRD20A3/0.08;ANKRD20A1/-0.89;RAI14/0.27;MEF2A/-0.16;HSP90AA1/0.37;	2.17	False(0.4205)	Tolerated(0.107)	ProteinInHumsavar	No	-	-	-	Q96Q40_T_183	Q96Q40	T	183	g	82
20630	Q56UN5	I	1086	T	-1	nonpolar,aliphatic/2.36/9.68/-	polar,uncharged/2.63/9.10/-	No_PTMs	Pkinase	/	approved	Non-OMIM-Gene	NoAssociatedDisease	No_HI_Info	326	2	109348	-	-	True(0.5997)	Deleterious(0.023)	ProteinInHumsavar	No	-	-	-	Q56UN5_I_1086	Q56UN5	I	1086	v	27
22777	Q56UN5	I	1199	T	-1	nonpolar,aliphatic/2.36/9.68/-	polar,uncharged/2.63/9.10/-	No_PTMs	Pkinase	/	approved	Non-OMIM-Gene	NoAssociatedDisease	No_HI_Info	326	2	109348	CDC37/0.54;[CHEM:Ca++:CA]/-0.29702;PLK1/-0.58;PLK4/-0.25;MAP3K5/-0.25;MAP2K2/-0.39;MAP2K1/-0.39;MAPK1/-1.06;MAP3K15/-0.25;MAP2K5/-0.25;PAK4/-0.39;PAK6/-0.39;PAK7/-0.39;PAK1/-0.72;PAK2/-0.72;PAK3/-0.72;	3.35702	False(0.2136)	Deleterious(0.020)	ProteinInHumsavar	No	-	-	-	Q56UN5_I_1199	Q56UN5	I	1199	e	136
5052	Q96Q40	R	266	W	-3	positive/2.17/9.04/12.48	aromatic/2.38/9.39/-	No_PTMs	Pkinase	/	approved	Non-OMIM-Gene	NoAssociatedDisease	No_HI_Info	24	1	109348	PLK1/0.69;PLK4/0.08;PRKAA1/-0.96;ROCK1/1.02;AURKA/0.08;AURKB/0.8;AURKC/-0.82;CDC6/1.14;	2.14	True(0.6218)	Deleterious(0.000)	ProteinInHumsavar	No	-	-	-	Q96Q40_R_266	Q96Q40	R	266	l	164
806	Q96NX5	R	43	K	2	positive/2.17/9.04/12.48	positive/2.18/8.95/-	No_PTMs	Pkinase	/	approved	Non-OMIM-Gene	NoAssociatedDisease	No_HI_Info	91	1	109356	-	-	False(0.0659)	Tolerated(1.000)	ProteinInHumsavar	No	-	-	-	Q96NX5_R_43	Q96NX5	R	43	k	21
3880	Q6P3R8	E	205	G	-2	negative/2.19/9.67/4.25	nonpolar,aliphatic/2.34/9.60/-	No_PTMs	Pkinase	/	approved	Non-OMIM-Gene	NoAssociatedDisease	No_HI_Info	97	2	109360	-	-	False(0.2713)	Deleterious(0.002)	ProteinInHumsavar	No	-	-	-	Q6P3R8_E_205	Q6P3R8	E	205	s	198
6397	Q09013	P	337	R	-2	polar,uncharged/1.99/10.60/-	positive/2.17/9.04/12.48	No_PTMs	Pkinase	/	non-approved	OMIM-Gene	NoAssociatedDisease	No_HI_Info	275	3	109364	-	-	False(0.3607)	Deleterious(0.002)	ProteinInHumsavar	No	-	-	-	Q09013_P_337	Q09013	P	337	p	262
5914	O43187	R	312	G	-2	positive/2.17/9.04/12.48	nonpolar,aliphatic/2.34/9.60/-	No_PTMs	Pkinase	/	non-approved	Non-OMIM-Gene	NoAssociatedDisease	No_HI_Info	54	1	109364	-	-	True(0.9293)	Deleterious(0.000)	ProteinInHumsavar	No	-	-	-	O43187_R_312	O43187	R	312	a	100
9092	Q9Y6S9	T	479	M	-1	polar,uncharged/2.63/9.10/-	nonpolar,aliphatic/2.28/9.21/-	No_PTMs	Pkinase	/	non-approved	Non-OMIM-Gene	NoAssociatedDisease	No_HI_Info	218	2	109364	-	-	True(0.7511)	Deleterious(0.001)	ProteinInHumsavar	No	-	-	-	Q9Y6S9_T_479	Q9Y6S9	T	479	t	192
1060	Q15131	A	56	T	0	nonpolar,aliphatic/2.34/6.69/-	polar,uncharged/2.63/9.10/-	No_PTMs	Pkinase	/	non-approved	OMIM-Gene	NoAssociatedDisease	No_HI_Info	5	1	109368	-	-	True(0.7430)	Deleterious(0.001)	ProteinInHumsavar	No	-	-	-	Q15131_A_56	Q15131	A	56	a	18
661	Q86Y07	I	35	T	-1	nonpolar,aliphatic/2.36/9.68/-	polar,uncharged/2.63/9.10/-	No_PTMs	Pkinase	/	non-approved	Non-OMIM-Gene	NoAssociatedDisease	No_HI_Info	1141	14	109370	-	-	True(0.8652)	Deleterious(0.001)	ProteinInHumsavar	No	-	-	-	Q86Y07_I_35	Q86Y07	I	35	l	7
699	P50613	I	37	T	-1	nonpolar,aliphatic/2.36/9.68/-	polar,uncharged/2.63/9.10/-	No_PTMs	Pkinase	/	approved	Non-OMIM-Gene	NoAssociatedDisease	No_HI_Info	1	1	109370	CDKN2B/0.2;CDKN2C/0.92;CDKN2D/0.92;CDKN2A {ECO:0000312|/0.2;WEE2/-0.4;WEE1/0.54;	1.92	False(0.2390)	Deleterious(0.002)	ProteinInHumsavar	No	-	-	-	P50613_I_37	P50613	I	37	i	26
7051	O96013	D	372	E	2	negative/2.09/9.82/3.86	negative/2.19/9.67/4.25	No_PTMs	Pkinase	/	approved	Non-OMIM-Gene	NoAssociatedDisease	No_HI_Info	8	1	109370	BRSK2/0.8;CCND1/1.07;MYLK4/0.36;MYLK2/0.78;MYLK3/0.36;MYLK/0.38;MAPK14/0.05;MAPK3/1.04;MAPK1/1.08;MAPK11/0.21;MAPK12/0.21;MAPK13/0.05;[CHEM:Metal:AU]/0.02303;	3.10303	False(0.2930)	Tolerated(0.173)	ProteinInHumsavar	No	-	-	-	O96013_D_372	O96013	D	372	k	54
897	Q96NX5	L	48	F	0	nonpolar,aliphatic/2.36/9.60/-	aromatic/1.83/9.13/-	No_PTMs	Pkinase	/	approved	Non-OMIM-Gene	NoAssociatedDisease	No_HI_Info	24	1	109374	CAMK2D/0.27;MAP2K2/-0.01;CAMK2G/0.27;MAP2K5/0.02;	1.27	False(0.1271)	Tolerated(0.646)	ProteinInHumsavar	No	-	-	-	Q96NX5_L_48	Q96NX5	L	48	i	26
5012	Q9UQ07	A	264	T	0	nonpolar,aliphatic/2.34/6.69/-	polar,uncharged/2.63/9.10/-	No_PTMs	Pkinase	/	non-approved	Non-OMIM-Gene	NoAssociatedDisease	No_HI_Info	314	6	109376	-	-	False(0.0669)	Tolerated(0.377)	ProteinInHumsavar	No	-	-	-	Q9UQ07_A_264	Q9UQ07	A	264	k	243
15495	O94806	K	816	N	0	positive/2.18/8.95/-	positive/2.02/8.84/-	No_PTMs	Pkinase	/	non-approved	Non-OMIM-Gene	NoAssociatedDisease	No_HI_Info	32	1	109378	[CHEM:Metal:NI]/0.16776;	1.16776	False(0.3688)	Deleterious(0.005)	ProteinInHumsavar	No	-	-	-	O94806_K_816	O94806	K	816	d	248
734	Q8IZL9	R	39	P	-2	positive/2.17/9.04/12.48	polar,uncharged/1.99/10.60/-	No_PTMs	Pkinase	/	non-approved	Non-OMIM-Gene	NoAssociatedDisease	No_HI_Info	52	1	109382	CCNL1/0.67;CCNB1/0.4;CCNA2/0.67;CCNA1/0.89;CCND3/1.34;[CHEM:Metal:AU]/-0.00023;RAF1/0.18;	3.34023	False(0.2168)	Tolerated(0.067)	ProteinInHumsavar	No	-	-	-	Q8IZL9_R_39	Q8IZL9	R	39	k	36
7134	Q96Q40	V	376	L	1	nonpolar,aliphatic/2.32/9.62/-	nonpolar,aliphatic/2.36/9.60/-	No_PTMs	Pkinase	/	approved	Non-OMIM-Gene	NoAssociatedDisease	No_HI_Info	108	1	109382	[CHEM:Mg++:MG]/0.05361;	1.05361	False(0.0316)	Tolerated(0.236)	ProteinInHumsavar	No	-	-	-	Q96Q40_V_376	Q96Q40	V	376	l	253
1592	Q9HC98	A	84	T	0	nonpolar,aliphatic/2.34/6.69/-	polar,uncharged/2.63/9.10/-	No_PTMs	Pkinase	/	non-approved	Non-OMIM-Gene	NoAssociatedDisease	No_HI_Info	124	1	109384	NTRK1/-0.76;	1.76	False(0.1331)	Tolerated(0.240)	ProteinNOTInHumsavar	-	-	-	-	Q9HC98_A_84	Q9HC98	A	84	k	40
2791	Q96GD4	R	147	W	-3	positive/2.17/9.04/12.48	aromatic/2.38/9.39/-	No_PTMs	Pkinase	/	approved	Non-OMIM-Gene	NoAssociatedDisease	No_HI_Info	72	1	109386	CCNB3/0.8;CCNB2/-0.82;CCNB1/2.17;CCNA2/1.36;CCNA1/1.21;CCND1/0.03;CNTD2/0.8;CCNE2/1.36;CDK17/1.04;HSP90B1/1.02;HSP90AB1/0.32;CCNG1/1.36;CCNF/1.36;HSP90AA1/0.32;MAPK8/1.02;CCNO/0.08;	3.17	False(0.1079)	Deleterious(0.004)	ProteinInHumsavar	No	-	-	-	Q96GD4_R_147	Q96GD4	R	147	k	70
2810	Q96GD4	R	148	W	-3	positive/2.17/9.04/12.48	aromatic/2.38/9.39/-	No_PTMs	Pkinase	/	approved	Non-OMIM-Gene	NoAssociatedDisease	No_HI_Info	72	1	109386	HSP90AB1/1.39;HSP90AA1/1.39;[CHEM:Metal:HG]/0.14898;HSP90B1/2.4;	4.54898	False(0.2485)	Deleterious(0.002)	ProteinInHumsavar	No	-	-	-	Q96GD4_R_148	Q96GD4	R	148	d	71
2105	Q9H4B4	I	111	T	-1	nonpolar,aliphatic/2.36/9.68/-	polar,uncharged/2.63/9.10/-	No_PTMs	Pkinase	/	approved	Non-OMIM-Gene	NoAssociatedDisease	No_HI_Info	8	1	109386	CCNB3/-0.72;INCENP/-1.06;CCNB1/-0.83;CCNA2/-0.83;CCNA1/-0.83;CCNB2/-0.83;CCNE1/-0.69;CCNG1/-0.69;CCNO/-0.83;	2.06	True(0.8424)	Deleterious(0.000)	ProteinInHumsavar	No	-	-	-	Q9H4B4_I_111	Q9H4B4	I	111	i	49
2615	Q6P3R8	K	138	Q	1	positive/2.18/8.95/-	polar,uncharged/2.17/9.13/-	No_PTMs	Pkinase	/	approved	Non-OMIM-Gene	NoAssociatedDisease	No_HI_Info	3	1	109386	-	-	False(0.2914)	Tolerated(0.151)	ProteinInHumsavar	No	-	-	-	Q6P3R8_K_138	Q6P3R8	K	138	e	133
2260	Q9H4B4	H	119	Y	2	positive/1.82/9.17/6.04	aromatic/2.20/9.11/-	No_PTMs	Pkinase	/	approved	Non-OMIM-Gene	NoAssociatedDisease	No_HI_Info	10	2	109388	KSR1/0.56;RAF1/0.56;LATS1 {ECO:0000312|E/-0.26;[CHEM:Metal:EMC]/0.09664;	2.65664	True(0.8424)	Deleterious(0.001)	ProteinInHumsavar	No	-	-	-	Q9H4B4_H_119	Q9H4B4	H	119	h	57
2224	Q96QS6	R	118	C	-3	positive/2.17/9.04/12.48	polar,uncharged/1.71/10.78/-	No_PTMs	Pkinase	/	non-approved	Non-OMIM-Gene	NoAssociatedDisease	No_HI_Info	314	3	109388	MAP2K2/0.51;MAPK12/0.01;MAPK13/0.01;	1.51	False(0.1717)	Tolerated(0.113)	ProteinInHumsavar	No	-	-	-	Q96QS6_R_118	Q96QS6	R	118	p	58
5545	Q96Q40	E	292	V	-2	negative/2.19/9.67/4.25	nonpolar,aliphatic/2.32/9.62/-	No_PTMs	Pkinase	/	approved	Non-OMIM-Gene	NoAssociatedDisease	No_HI_Info	253	2	109388	ROCK1/1.03;	2.03	True(0.8020)	Deleterious(0.000)	ProteinInHumsavar	No	-	-	-	Q96Q40_E_292	Q96Q40	E	292	e	189
5107	Q9BYT3	A	269	T	0	nonpolar,aliphatic/2.34/6.69/-	polar,uncharged/2.63/9.10/-	No_PTMs	Pkinase	/	approved	Non-OMIM-Gene	NoAssociatedDisease	No_HI_Info	2	1	109390	[CHEM:Metal:CD]/-0.04071;[CHEM:Zn+:ZN]/-0.13539;MAP2K5/1.03;	3.16539	True(0.9205)	Deleterious(0.010)	ProteinInHumsavar	No	-	-	-	Q9BYT3_A_269	Q9BYT3	A	269	a	145
5406	Q8N5S9	D	285	N	1	negative/2.09/9.82/3.86	positive/2.02/8.84/-	No_PTMs	Pkinase	/	approved	Non-OMIM-Gene	NoAssociatedDisease	No_HI_Info	12	1	109390	STRADA/2.5;PKMYT1/0.24;	3.5	False(0.1896)	Tolerated(0.135)	ProteinInHumsavar	No	-	-	-	Q8N5S9_D_285	Q8N5S9	D	285	e	133
1948	Q96GD4	V	103	M	1	nonpolar,aliphatic/2.32/9.62/-	nonpolar,aliphatic/2.28/9.21/-	No_PTMs	Pkinase	/	approved	Non-OMIM-Gene	NoAssociatedDisease	No_HI_Info	566	5	109390	INCENP/0.25;TPX2/0.25;CDKN1B/0.51;CDKN1A/0.41;LATS2 {ECO:0000312|E/0.34;LATS1 {ECO:0000312|E/0.25;	1.51	False(0.2067)	Deleterious(0.019)	ProteinInHumsavar	No	-	-	-	Q96GD4_V_103	Q96GD4	V	103	v	27
5579	Q07002	T	294	P	-1	polar,uncharged/2.63/9.10/-	polar,uncharged/1.99/10.60/-	No_PTMs	Pkinase	/	non-approved	Non-OMIM-Gene	NoAssociatedDisease	No_HI_Info	62	1	109390	CCNB3/-0.17;CCNB2/0.23;CCNB1/0.23;PHLPP1/-0.05;CCNA2/0.05;CCNA1/0.05;CDKN3/0.71;[CHEM:Metal:NI]/-0.3336;CCNE1/0.05;CNTD2/0.45;PKMYT1/0.34;DBF4B/0.28;CCNE2/-0.37;CCNF/-0.05;CDK5R1/-0.44;CDK5R2/-0.44;PHLPP2/-0.05;CCNO/0.14;CCNG1/0.34;[CHEM:Ca++:CA]/0.02339;	3.0436	False(0.1000)	Deleterious(0.041)	ProteinInHumsavar	No	-	-	-	Q07002_T_294	Q07002	T	294	s	152
2953	P49137	Q	156	K	1	polar,uncharged/2.17/9.13/-	positive/2.18/8.95/-	No_PTMs	Pkinase	/	non-approved	Non-OMIM-Gene	NoAssociatedDisease	No_HI_Info	21	1	109392	-	-	False(0.1789)	Tolerated(0.554)	ProteinInHumsavar	No	-	-	-	P49137_Q_156	P49137	Q	156	g	93
6248	O43187	L	329	V	1	nonpolar,aliphatic/2.36/9.60/-	nonpolar,aliphatic/2.32/9.62/-	No_PTMs	Pkinase	/	non-approved	Non-OMIM-Gene	NoAssociatedDisease	No_HI_Info	670	16	109392	-	-	False(0.1564)	Tolerated(0.123)	ProteinInHumsavar	No	-	-	-	O43187_L_329	O43187	L	329	e	117
2679	Q8IY84	T	142	A	0	polar,uncharged/2.63/9.10/-	nonpolar,aliphatic/2.34/6.69/-	No_PTMs	Pkinase	/	approved	Non-OMIM-Gene	NoAssociatedDisease	No_HI_Info	16	1	109392	-	-	True(0.8160)	-	ProteinInHumsavar	No	-	-	-	Q8IY84_T_142	Q8IY84	T	142	e	69
7258	Q96Q40	V	383	A	0	nonpolar,aliphatic/2.32/9.62/-	nonpolar,aliphatic/2.34/6.69/-	No_PTMs	Pkinase	/	approved	Non-OMIM-Gene	NoAssociatedDisease	No_HI_Info	34	1	109394	PLK3/-0.24;AFF4/-0.52;	1.52	False(0.0388)	Tolerated(0.414)	ProteinInHumsavar	No	-	-	-	Q96Q40_V_383	Q96Q40	V	383	q	260
5384	P34947	E	284	K	1	negative/2.19/9.67/4.25	positive/2.18/8.95/-	No_PTMs	Pkinase	/	non-approved	Non-OMIM-Gene	NoAssociatedDisease	No_HI_Info	11	1	109396	[CHEM:Zn+:ZN]/-0.11076;CHUK/0.99;	3.10076	False(0.3355)	Tolerated(0.260)	ProteinInHumsavar	No	-	-	-	P34947_E_284	P34947	E	284	s	96
21913	Q56UN5	R	1154	H	0	positive/2.17/9.04/12.48	positive/1.82/9.17/6.04	No_PTMs	Pkinase	/	approved	Non-OMIM-Gene	NoAssociatedDisease	No_HI_Info	281	1	109398	MAPK6/0.22;LATS1 {ECO:0000312|E/0.17;PAK4/0.99;PAK6/0.99;PAK7/0.99;SHANK1/0.53;	1.99	False(0.2453)	Deleterious(0.007)	ProteinInHumsavar	No	-	-	-	Q56UN5_R_1154	Q56UN5	R	1154	r	91
827	Q96PF2	D	44	N	1	negative/2.09/9.82/3.86	positive/2.02/8.84/-	No_PTMs	Pkinase	/	non-approved	Non-OMIM-Gene	NoAssociatedDisease	No_HI_Info	10	1	109398	MOS/-0.84;[CHEM:Metal:AU]/0.14749;	2.98749	False(0.2585)	Tolerated(0.265)	ProteinInHumsavar	No	-	-	-	Q96PF2_D_44	Q96PF2	D	44	k	33
3074	P31751	T	162	S	1	polar,uncharged/2.63/9.10/-	polar,uncharged/2.21/9.15/-	No_PTMs	Pkinase	/	non-approved	OMIM-Gene	NoAssociatedDisease	NoEvidence	36	2	109398	CDKN1B/-0.35;CDKN1A/-0.45;STK11/-0.45;ILK/0.18;PRKAA1/0.18;[CHEM:Mg++:MG]/-0.50318;INSR/0.18;INSRR/0.18;TRIB3/-0.05;RPS6KB2/0.14;RPS6KB1/-0.19;MAP3K5/0.36;AKT1/-0.2;CHEK1/0.18;[CHEM:Metal:CO]/-0.02569;PRKCZ/-0.5;PRKAR1A/-0.38;PHLPP2/0.18;PHLPP1/0.18;MAPK15/-0.26;AKT2/-0.23;GSK3B/0.18;MAP3K15/0.36;	3.00318	False(0.0910)	Tolerated(0.105)	ProteinInHumsavar	No	-	-	-	P31751_T_162	P31751	T	162	s	11
5472	Q8N5S9	V	289	A	0	nonpolar,aliphatic/2.32/9.62/-	nonpolar,aliphatic/2.34/6.69/-	No_PTMs	Pkinase	/	approved	Non-OMIM-Gene	NoAssociatedDisease	No_HI_Info	69	1	109400	-	-	False(0.3534)	Deleterious(0.003)	ProteinInHumsavar	No	-	-	-	Q8N5S9_V_289	Q8N5S9	V	289	l	137
3680	Q96GD4	K	194	R	2	positive/2.18/8.95/-	positive/2.17/9.04/12.48	No_PTMs	Pkinase	/	approved	Non-OMIM-Gene	NoAssociatedDisease	No_HI_Info	2	1	109400	CCNB3/0.15;CCNB1/0.36;TPX2/0.2;CCNE2/0.03;CNTD2/0.19;[CHEM:Metal:AU]/-0.10326;	2.46326	False(0.0573)	Tolerated(0.161)	ProteinInHumsavar	No	-	-	-	Q96GD4_K_194	Q96GD4	K	194	e	117
3699	Q96GD4	K	195	R	2	positive/2.18/8.95/-	positive/2.17/9.04/12.48	No_PTMs	Pkinase	/	approved	Non-OMIM-Gene	NoAssociatedDisease	No_HI_Info	2	1	109400	NEK6/0.68;CCNB2/0.38;CCNB1/0.37;CCNA2/0.7;CCNB3/0.83;CCNA1/0.35;PLK1/0.39;[CHEM:Mg++:MG]/0.57342;CCNE2/0.43;CNTD2/1.16;CCNG1/0.91;CCNF/0.36;CCND1/0.34;AURKA/0.38;AURKC/0.38;NEK2/0.67;[CHEM:Metal:CO]/-0.10326;CDK5/0.58;	3.73342	False(0.0623)	Tolerated(0.274)	ProteinInHumsavar	No	-	-	-	Q96GD4_K_195	Q96GD4	K	195	g	118
3225	Q9UQ07	P	170	S	-1	polar,uncharged/1.99/10.60/-	polar,uncharged/2.21/9.15/-	No_PTMs	Pkinase	/	non-approved	Non-OMIM-Gene	NoAssociatedDisease	No_HI_Info	250	3	109400	-	-	True(0.7880)	Deleterious(0.005)	ProteinInHumsavar	No	-	-	-	Q9UQ07_P_170	Q9UQ07	P	170	P	166
4156	Q9UQ07	G	219	S	0	nonpolar,aliphatic/2.34/9.60/-	polar,uncharged/2.21/9.15/-	No_PTMs	Pkinase	/	non-approved	Non-OMIM-Gene	NoAssociatedDisease	No_HI_Info	22	1	109400	-	-	True(0.7834)	Deleterious(0.000)	ProteinInHumsavar	No	-	-	-	Q9UQ07_G_219	Q9UQ07	G	219	l	213
3729	P57078	S	197	G	0	polar,uncharged/2.21/9.15/-	nonpolar,aliphatic/2.34/9.60/-	No_PTMs	Pkinase	/	approved	OMIM-Gene	NoAssociatedDisease	AutosomalRecessive	64	1	109400	STK32A/0.21;	1.21	False(0.2617)	Tolerated(0.057)	ProteinInHumsavar	No	-	-	-	P57078_S_197	P57078	S	197	e	171
4909	Q6P3R8	L	259	I	2	nonpolar,aliphatic/2.36/9.60/-	nonpolar,aliphatic/2.36/9.68/-	No_PTMs	Pkinase	/	approved	Non-OMIM-Gene	NoAssociatedDisease	No_HI_Info	5	1	109400	-	-	False(0.1215)	Tolerated(0.589)	ProteinInHumsavar	No	-	-	-	Q6P3R8_L_259	Q6P3R8	L	259	l	264
6676	O14578	E	352	K	1	negative/2.19/9.67/4.25	positive/2.18/8.95/-	No_PTMs	Pkinase	/	approved	OMIM-Gene	NoAssociatedDisease	No_HI_Info	17	1	109400	-	-	False(0.1770)	Tolerated(0.077)	ProteinInHumsavar	No	-	-	-	O14578_E_352	O14578	E	352	e	256
2389	Q7RTN6	N	126	S	1	positive/2.02/8.84/-	polar,uncharged/2.21/9.15/-	No_PTMs	Pkinase	/	non-approved	OMIM-Gene	NoAssociatedDisease	No_HI_Info	4	1	109402	CAB39L/-0.13;CAB39/-0.13;PRKAA2/-0.99;[CHEM:Metal:CD]/0.03666;[CHEM:Ca++:CA]/-0.51789;STK26 {ECO:0000312|H/0.02;STRADB/-0.21;	3.50789	False(0.1817)	Tolerated(0.784)	ProteinInHumsavar	No	-	-	-	Q7RTN6_N_126	Q7RTN6	N	126	k	56
6474	Q13627	A	341	S	1	nonpolar,aliphatic/2.34/6.69/-	polar,uncharged/2.21/9.15/-	No_PTMs	Pkinase	/	approved	OMIM-Gene	NoAssociatedDisease	No_HI_Info	74	1	109402	-	-	False(0.3715)	Tolerated(0.080)	ProteinInHumsavar	No	-	-	-	Q13627_A_341	Q13627	A	341	k	177
7629	Q8WTQ7	D	402	N	1	negative/2.09/9.82/3.86	positive/2.02/8.84/-	No_PTMs	Pkinase	/	non-approved	Non-OMIM-Gene	NoAssociatedDisease	No_HI_Info	1008	10	109402	[CHEM:Metal:AU]/0.14749;	1.14749	False(0.2617)	Deleterious(0.003)	ProteinInHumsavar	No	-	-	-	Q8WTQ7_D_402	Q8WTQ7	D	402	e	209
2464	Q9UQB9	K	130	R	2	positive/2.18/8.95/-	positive/2.17/9.04/12.48	No_PTMs	Pkinase	/	approved	OMIM-Gene	NoAssociatedDisease	No_HI_Info	90	2	109402	GABPB2/0.73;GABPB1/0.73;NEK2/0.37;MYL12B/0.38;MYL12A/0.38;PLK2/0.2;PLK4/0.2;TTK/0.2;CDK1/0.26;CDK3/0.26;AURKB/0.19;MYL9/0.38;	1.73	False(0.0217)	Tolerated(0.101)	ProteinInHumsavar	No	-	-	-	Q9UQB9_K_130	Q9UQB9	K	130	d	87
3186	Q9UQ07	R	168	Q	1	positive/2.17/9.04/12.48	polar,uncharged/2.17/9.13/-	No_PTMs	Pkinase	/	non-approved	Non-OMIM-Gene	NoAssociatedDisease	No_HI_Info	597	11	109402	CDC6/-0.05;	1.05	True(0.7634)	Deleterious(0.036)	ProteinInHumsavar	No	-	-	-	Q9UQ07_R_168	Q9UQ07	R	168	l	164
4040	Q96PF2	S	213	P	-1	polar,uncharged/2.21/9.15/-	polar,uncharged/1.99/10.60/-	No_PTMs	Pkinase	/	non-approved	Non-OMIM-Gene	NoAssociatedDisease	No_HI_Info	199	1	109402	CDK10/0.69;	1.69	True(0.8076)	Tolerated(0.089)	ProteinInHumsavar	No	-	-	-	Q96PF2_S_213	Q96PF2	S	213	k	194
6745	Q13627	T	356	A	0	polar,uncharged/2.63/9.10/-	nonpolar,aliphatic/2.34/6.69/-	No_PTMs	Pkinase	/	approved	OMIM-Gene	NoAssociatedDisease	No_HI_Info	488	1	109404	-	-	True(0.7096)	Deleterious(0.015)	ProteinInHumsavar	No	-	-	-	Q13627_T_356	Q13627	T	356	t	192
6959	Q8WTQ7	S	367	G	0	polar,uncharged/2.21/9.15/-	nonpolar,aliphatic/2.34/9.60/-	No_PTMs	Pkinase	/	non-approved	Non-OMIM-Gene	NoAssociatedDisease	No_HI_Info	57	2	109404	[CHEM:Ca++:CA]/1.047;	2.047	False(0.2617)	Tolerated(0.214)	ProteinInHumsavar	No	-	-	-	Q8WTQ7_S_367	Q8WTQ7	S	367	e	173
3483	P49760	R	184	H	0	positive/2.17/9.04/12.48	positive/1.82/9.17/6.04	No_PTMs	Pkinase	/	approved	OMIM-Gene	NoAssociatedDisease	No_HI_Info	70	1	109404	AKT1/-0.46;	1.46	False(0.2889)	Tolerated(0.127)	ProteinNOTInHumsavar	-	-	-	-	P49760_R_184	P49760	R	184	e	22
6253	O00141	G	330	D	-1	nonpolar,aliphatic/2.34/9.60/-	negative/2.09/9.82/3.86	No_PTMs	Pkinase	/	approved	Non-OMIM-Gene	NoAssociatedDisease	No_HI_Info	15	1	109404	-	-	True(0.6125)	Deleterious(0.040)	ProteinInHumsavar	No	-	-	-	O00141_G_330	O00141	G	330	k	243
3411	Q9UQ07	T	180	M	-1	polar,uncharged/2.63/9.10/-	nonpolar,aliphatic/2.28/9.21/-	No_PTMs	Pkinase	/	non-approved	Non-OMIM-Gene	NoAssociatedDisease	No_HI_Info	6	1	109404	[CHEM:Metal:HG]/-0.04721;	1.04721	True(0.8020)	Deleterious(0.012)	ProteinInHumsavar	No	-	-	-	Q9UQ07_T_180	Q9UQ07	T	180	s	175
1712	Q96PF2	E	91	D	2	negative/2.19/9.67/4.25	negative/2.09/9.82/3.86	No_PTMs	Pkinase	/	non-approved	Non-OMIM-Gene	NoAssociatedDisease	No_HI_Info	4	1	109404	-	-	True(0.5276)	Tolerated(0.148)	ProteinInHumsavar	No	-	-	-	Q96PF2_E_91	Q96PF2	E	91	e	78
2396	Q9NR20	N	127	D	1	positive/2.02/8.84/-	negative/2.09/9.82/3.86	No_PTMs	Pkinase	/	non-approved	Non-OMIM-Gene	NoAssociatedDisease	No_HI_Info	420	6	109404	PRKACG/0.28;	1.28	False(0.3682)	Tolerated(0.256)	ProteinInHumsavar	No	-	-	-	Q9NR20_N_127	Q9NR20	N	127	g	24
5481	O14578	V	289	L	1	nonpolar,aliphatic/2.32/9.62/-	nonpolar,aliphatic/2.36/9.60/-	No_PTMs	Pkinase	/	approved	OMIM-Gene	NoAssociatedDisease	No_HI_Info	66	1	109404	-	-	False(0.1445)	Tolerated(1.000)	ProteinInHumsavar	No	-	-	-	O14578_V_289	O14578	V	289	l	183
4301	Q8N752	M	227	I	1	nonpolar,aliphatic/2.28/9.21/-	nonpolar,aliphatic/2.36/9.68/-	No_PTMs	Pkinase	/	non-approved	Non-OMIM-Gene	NoAssociatedDisease	No_HI_Info	9	1	109406	-	-	False(0.0363)	Tolerated(0.091)	ProteinInHumsavar	No	-	-	-	Q8N752_M_227	Q8N752	M	227	k	203
2381	P11802	R	126	H	0	positive/2.17/9.04/12.48	positive/1.82/9.17/6.04	No_PTMs	Pkinase	/	approved	OMIM-Gene	NoAssociatedDisease	NoEvidence	5	1	109406	SRC/0.77;PLK3/-0.03;ILK/-0.46;CDC37/0.2;MAP2K5/-0.58;CHEK1/-0.48;	1.77	False(0.2303)	Tolerated(0.078)	ProteinInHumsavar	No	-	-	-	P11802_R_126	P11802	R	126	e	109
3660	Q96PF2	Q	193	P	-1	polar,uncharged/2.17/9.13/-	polar,uncharged/1.99/10.60/-	No_PTMs	Pkinase	/	non-approved	Non-OMIM-Gene	NoAssociatedDisease	No_HI_Info	976	3	109406	-	-	True(0.7975)	Tolerated(0.165)	ProteinInHumsavar	No	-	-	-	Q96PF2_Q_193	Q96PF2	Q	193	s	175
1761	Q9BUB5	R	93	Q	1	positive/2.17/9.04/12.48	polar,uncharged/2.17/9.13/-	No_PTMs	Pkinase	/	approved	Non-OMIM-Gene	NoAssociatedDisease	No_HI_Info	437	2	109406	-	-	True(0.5918)	Deleterious(0.007)	ProteinInHumsavar	No	-	-	-	Q9BUB5_R_93	Q9BUB5	R	93	r	47
2559	P17612	R	135	Q	1	positive/2.17/9.04/12.48	polar,uncharged/2.17/9.13/-	No_PTMs	Pkinase	/	approved	OMIM-Gene	NoAssociatedDisease	No_HI_Info	3	1	109406	ERBB2/-0.18;RPS6KA2/-1.96;CSK/-0.02;PRKAB1/1.27;PRKCA/-2.0;HIPK4/-0.05;PRKCE/-2.0;CETN1/-1.92;CDK9/-0.51;HIPK3/-0.05;CAMKK2/-1.96;PRKAR2B/-1.03;PRKAR1A/1.27;PRKAR1B/1.27;CDK7/-1.05;NFKB1/-1.85;STK36 {ECO:0000312|E/-1.47;CDK1/0.11;	3.0	False(0.2441)	Deleterious(0.024)	ProteinInHumsavar	No	-	-	-	P17612_R_135	P17612	R	135	r	91
1022	Q16659	T	54	S	1	polar,uncharged/2.63/9.10/-	polar,uncharged/2.21/9.15/-	Phosphothreonine	Pkinase	/	approved	Non-OMIM-Gene	NoAssociatedDisease	No_HI_Info	77	2	109406	OBSCN/-0.35;ERBB3/-0.25;TRIO/-0.05;PRKCA/-0.07;HSP90B1/0.18;HSP90AB1/0.18;MAPK6/-0.68;MAP3K19/-0.4;HSP90AA1/0.02;MAPKAPK5/-0.25;MAPKAPK3/0.18;	1.68	False(0.1795)	Tolerated(1.000)	ProteinInHumsavar	No	-	-	-	Q16659_T_54	Q16659	T	54	e	35
4421	Q6P3R8	H	233	R	0	positive/1.82/9.17/6.04	positive/2.17/9.04/12.48	No_PTMs	Pkinase	/	approved	Non-OMIM-Gene	NoAssociatedDisease	No_HI_Info	801	18	109406	[CHEM:Metal:YT3]/-0.21939;	1.21939	False(0.0667)	Tolerated(1.000)	ProteinInHumsavar	No	-	-	-	Q6P3R8_H_233	Q6P3R8	H	233	k	238
7388	Q8N5S9	M	389	V	1	nonpolar,aliphatic/2.28/9.21/-	nonpolar,aliphatic/2.32/9.62/-	No_PTMs	Pkinase	/	approved	Non-OMIM-Gene	NoAssociatedDisease	No_HI_Info	1	1	109408	-	-	True(0.8468)	Tolerated(0.072)	ProteinInHumsavar	No	-	-	-	Q8N5S9_M_389	Q8N5S9	M	389	l	244
1517	Q8N752	G	80	V	-3	nonpolar,aliphatic/2.34/9.60/-	nonpolar,aliphatic/2.32/9.62/-	No_PTMs	Pkinase	/	non-approved	Non-OMIM-Gene	NoAssociatedDisease	No_HI_Info	166	1	109408	[CHEM:Zn+:ZN]/-0.42651;	1.42651	True(0.7574)	Deleterious(0.001)	ProteinInHumsavar	No	-	-	-	Q8N752_G_80	Q8N752	G	80	f	67
3659	Q8N752	H	193	P	-2	positive/1.82/9.17/6.04	polar,uncharged/1.99/10.60/-	No_PTMs	Pkinase	/	non-approved	Non-OMIM-Gene	NoAssociatedDisease	No_HI_Info	10	1	109408	-	-	True(0.7838)	Deleterious(0.000)	ProteinInHumsavar	No	-	-	-	Q8N752_H_193	Q8N752	H	193	l	169
3753	Q96PN8	V	198	M	1	nonpolar,aliphatic/2.32/9.62/-	nonpolar,aliphatic/2.28/9.21/-	No_PTMs	Pkinase	/	non-approved	Non-OMIM-Gene	NoAssociatedDisease	No_HI_Info	403	3	109408	STK3/0.25;CASK/0.11;	1.25	False(0.3010)	Deleterious(0.002)	ProteinInHumsavar	No	-	-	-	Q96PN8_V_198	Q96PN8	V	198	v	185
6894	P80192	M	363	V	1	nonpolar,aliphatic/2.28/9.21/-	nonpolar,aliphatic/2.32/9.62/-	No_PTMs	Pkinase	/	approved	Non-OMIM-Gene	NoAssociatedDisease	No_HI_Info	214	1	109408	MAP2K4/-0.32;	1.32	False(0.2161)	Tolerated(1.000)	ProteinInHumsavar	No	-	-	-	P80192_M_363	P80192	M	363	d	211
4118	O43187	S	217	R	-1	polar,uncharged/2.21/9.15/-	positive/2.17/9.04/12.48	No_PTMs	Pkinase	/	non-approved	Non-OMIM-Gene	NoAssociatedDisease	No_HI_Info	17	1	109408	-	-	False(0.1772)	Deleterious(0.037)	ProteinInHumsavar	No	-	-	-	O43187_S_217	O43187	S	217	G	8
6303	P32298	G	332	S	0	nonpolar,aliphatic/2.34/9.60/-	polar,uncharged/2.21/9.15/-	No_PTMs	Pkinase	/	non-approved	Non-OMIM-Gene	NoAssociatedDisease	No_HI_Info	295	1	109408	[CHEM:Mg++:MG]/0.28145;[CHEM:Ca++:CA]/-1.047;[CHEM:Zn+:ZN]/-0.34457;[CHEM:Metal:SR]/0.04236;[CHEM:Mn++:MN]/-0.04662;	2.047	True(0.9239)	Deleterious(0.034)	ProteinInHumsavar	No	-	-	-	P32298_G_332	P32298	G	332	G	143
4908	Q13873	R	259	H	0	positive/2.17/9.04/12.48	positive/1.82/9.17/6.04	No_PTMs	Pkinase	/	approved	OMIM-Gene	NoAssociatedDisease	SufficientEvidence	20	1	109408	-	-	False(0.2945)	Tolerated(0.425)	ProteinInHumsavar	No	-	-	-	Q13873_R_259	Q13873	R	259	r	62
6103	Q96Q40	E	322	G	-2	negative/2.19/9.67/4.25	nonpolar,aliphatic/2.34/9.60/-	No_PTMs	Pkinase	/	approved	Non-OMIM-Gene	NoAssociatedDisease	No_HI_Info	12	1	109408	-	-	True(0.8462)	Deleterious(0.001)	ProteinInHumsavar	No	-	-	-	Q96Q40_E_322	Q96Q40	E	322	k	224
